symbol_pair,relation_type,basis,draft_domain,type_match,suggested_type,gate_class,review_status,target_in_basis,type_signature_ok,confidence,json_ok,gate_class_v2,review_status_v2,self_contradiction,is_enumeration,symbol_boundary_ok,normalized_tag,summary_ko,summary_flags,full_evidence,source_line,roles_ko,decision_hint
AAPL↔HPQ,COMPETES_WITH,"SEC 10-K: Our primary competitors are Acer Inc., Apple Inc., ASUSTeK Computer Inc., Dell Inc., Huawei Technolo",개인용 컴퓨터,True,,pending,pending,False,True,1.0,True,pending,pending,False,True,False,개인용 컴퓨터,"이 문장은 해당 기업의 주요 경쟁사로 Acer Inc., Apple Inc. 등을 포함한 여러 글로벌 기업을 나열하고 있으며, 특정 지역에서는 현지 기업 및 “화이트 박스” 제조업체와도 경쟁한다고 명시합니다.",list|target_absent|truncated,"Our primary competitors are Acer Inc., Apple Inc., ASUSTeK Computer Inc., Dell Inc., Huawei Technologies Co., Ltd., Lenovo Group Limited, Logitech International S.A., Microsoft Corporation, Samsung Electronics Co., Ltd., and Toshiba Corporation. In certain geographies, we also experience competition from local companies and from generically-branded or “white box” manufacturers.",HPQ 10-K FY2025 · Item 1 사업,AAPL은 해당 기업의 주요 경쟁사 중 하나로 등장합니다. HPQ는 이 문장을 서술하는 주체('Our')로서 자신의 주요 경쟁사를 설명하고 있습니다.,근거 문장에 상대 종목 미등장 — 관계 근거로 불충분
AAPL↔SYF,COMPETES_WITH,"SEC 10-K: In addition, some larger technology focused companies, e.g., Apple and Google, and larger retailers ",,False,COMPETES_WITH,pending,pending,False,True,0.0,True,noise_self_contradiction,pending,True,False,False,,"Apple과 Google 같은 대형 기술 기업 및 대형 소매업체들이 해당 기업의 경쟁사와 협력하여 금융 상품을 제공하는 경우가 있습니다. 또한, 현재 및 잠재적 경쟁사들은 규제 환경 변화로 인해 이점을 얻을 수 있습니다.",target_absent|truncated,"In addition, some larger technology focused companies, e.g., Apple and Google, and larger retailers offer financial products sometimes in collaboration with our competitors. Further, current and potential competitors may benefit from changes in the political and regulatory environment that reduce oversight and compliance obligations, as well as make it easier to obtain authorization to provide banking services and undertake significant transactions such as mergers and acquisitions.",SYF 10-K FY2025 · Item 7 MD&A,"AAPL은 금융 상품을 제공하는 대형 기술 기업의 예시로 등장합니다. SYF는 이 문장을 서술하는 주체('our competitors')로서, 경쟁사와 협력하는 기업들을 언급하고 있습니다.",근거 문장에 상대 종목 미등장 — 관계 근거로 불충분
ABBV↔COO,COMPETES_WITH,"SEC 10-K: With Paragard, we compete with manufacturers of hormonal IUDs including Bayer and AbbVie, Long Actin",호르몬 IUD,True,,pending,pending,False,True,0.9,True,pending,pending,False,True,False,헬스케어·의료기기·제약,Paragard 제품과 관련하여 해당 기업은 Bayer 및 AbbVie를 포함한 호르몬 IUD 제조업체 등 다양한 피임약 제조업체와 경쟁합니다. FDA 승인을 받았으나 아직 출시되지 않은 비호르몬 IUD Miudella도 향후 Paragard와 경쟁할 예정입니다.,list|target_absent|truncated,"With Paragard, we compete with manufacturers of hormonal IUDs including Bayer and AbbVie, Long Acting Reversible Contraceptives including Organon, and other forms of birth control. A non-hormonal IUD, Miudella, which has been FDA approved and not currently in the market, will compete with Paragard in the future.",COO 10-K FY2025 · Item 1 사업,ABBV는 호르몬 IUD 제조업체로서 Paragard의 경쟁사 중 하나로 언급됩니다. COO는 이 문장을 서술하는 주체('we')로서 Paragard 제품의 경쟁 환경을 설명하고 있습니다.,근거 문장에 상대 종목 미등장 — 관계 근거로 불충분
ABNB↔EXPE,COMPETES_WITH,"SEC 10-K: Businesses such as Airbnb, Vrbo and Booking.com have emerged as the leaders, bringing incremental al",온라인 여행 예약,True,,pending,pending,False,True,0.9,True,pending,pending,False,False,False,여행·숙박·크루즈,"Airbnb, Vrbo, Booking.com과 같은 기업들이 시장의 선두 주자로 부상하여 대체 숙박 시설 재고를 증가시켰습니다. 또한, 자체 예약 사이트를 운영하며 Airbnb, Vrbo, Booking.com에도 등록하는 대체 숙박 시설 관리업체와 같은 다른 경쟁사들도 나타났습니다.",target_absent|truncated,"Businesses such as Airbnb, Vrbo and Booking.com have emerged as the leaders, bringing incremental alternative accommodation inventory to the market. Other competitors have arisen, including alternative accommodation property managers, who operate their own booking sites in addition to listing on Airbnb, Vrbo, and Booking.com.",EXPE 10-K FY2025 · Item 7 MD&A,"ABNB는 대체 숙박 시장의 선두 주자 중 하나로 언급되며, 다른 경쟁사들이 자사 사이트에 리스팅하는 대상이기도 합니다. EXPE 미등장.",근거 문장에 상대 종목 미등장 — 관계 근거로 불충분
ABT↔DXCM,COMPETES_WITH,"SEC 10-K: In selling our current CGM systems, we compete directly with the Diabetes Care division of Abbott La",연속혈당측정기 시스템,True,,pending,pending,False,True,1.0,True,pending,pending,False,False,False,헬스케어·의료기기·제약,"해당 기업은 현재 연속 혈당 모니터링(CGM) 시스템 판매에서 Abbott Laboratories의 당뇨병 관리 사업부 등 여러 기업과 직접 경쟁합니다. 이들 경쟁사는 단일 지점 혈당 측정기 시장 제품을 제조 및 판매하며, 해당 기업과 함께 자가 혈당 측정 시스템 전 세계 판매의 대부분을 차지합니다.",m&a|target_absent|truncated,"In selling our current CGM systems, we compete directly with the Diabetes Care division of Abbott Laboratories; Medtronic plc’s Diabetes Group (which implemented a spinoff of its diabetes business into a separate company called MiniMed); Roche Diabetes Care, a division of Roche Diagnostics; privately-held LifeScan, Inc.; Ascensia Diabetes Care; and other smaller market entrants, each of which manufactures and markets products for the single-point finger stick device market. Collectively with us, these companies currently account for the majority of the worldwide sales of self-monitored glucose testing systems.
Several companies are developing or commercializing products for continuous or periodic monitoring of glucose levels in the interstitial fluid under the skin that compete directly with our products.",DXCM 10-K FY2025 · Item 1 사업,"ABT는 해당 기업의 CGM 시스템 판매 경쟁사 중 하나인 Abbott Laboratories의 당뇨병 관리 사업부로 언급됩니다. DXCM은 이 문장을 서술하는 주체('we', 'us', 'our products')로서 자신들의 경쟁사를 설명하고 있습니다.",근거 문장에 상대 종목 미등장 — 관계 근거로 불충분
ALGN↔IDXX,COMPETES_WITH,SEC 10-K: The Invisalign System competes primarily against traditional wires and brackets and increasingly wit,,False,,pending,pending,False,True,0.0,True,pending,pending,False,False,False,,"Invisalign 시스템은 주로 기존의 와이어 및 브라켓과 경쟁하며, 신규 진입자 및 기존 경쟁업체가 제조 및 유통하는 투명 교정 장치와도 점차 경쟁하고 있습니다. 이들 경쟁사에는 기존 의료 기기 회사, 실험실, 스타트업 등이 포함됩니다.",target_absent|truncated,"The Invisalign System competes primarily against traditional wires and brackets and increasingly with clear aligners manufactured and distributed by new market entrants and existing competitors, including traditional medical device companies, laboratories, startups and, in some cases, doctors and DSOs. Our competitors also include DTC companies that provide clear aligners using a business model requiring little to no in-office care from trained and licensed doctors, and doctors and DSOs who manufacture custom aligners or procure products from third-party white-label providers.",ALGN 10-K FY2025 · Item 7 MD&A,"ALGN은 Invisalign 시스템('The Invisalign System')의 제조업체로 암시되며, 해당 시스템의 경쟁 환경을 설명하고 있습니다. IDXX 미등장.",근거 문장에 상대 종목 미등장 — 관계 근거로 불충분
AMAT↔KLAC,COMPETES_WITH,"SEC 10-K: In each of our product markets, we have many competitors, including companies such as Applied Materi",,True,,pending,pending,False,True,1.0,True,pending,pending,False,False,False,,"해당 기업은 각 제품 시장에서 Applied Materials, Inc. 등을 포함한 많은 경쟁사를 보유하고 있으며, 이들 중 일부는 해당 기업보다 더 많은 자원을 보유할 수 있습니다. 해당 기업은 경쟁사들이 제품을 지속적으로 개선하고 신제품을 출시할 것으로 예상합니다.",target_absent|truncated,"In each of our product markets, we have many competitors, including companies such as Applied Materials, Inc., ASML Holding N.V., Hitachi High-Technologies Corporation, Onto Innovation, Inc. and Lasertec, Inc., some of which may have greater financial, research, engineering, manufacturing and marketing resources than we have. We expect our competitors to continue to improve the design and performance of their current products and to introduce new products with improved pricing and performance characteristics.",KLAC 10-K FY2025 · Item 7 MD&A,"AMAT은 해당 기업의 많은 경쟁사 중 하나로 언급됩니다. KLAC은 이 문장을 서술하는 주체('we', 'our')로서 자신들의 경쟁사를 설명하고 있습니다.",근거 문장에 상대 종목 미등장 — 관계 근거로 불충분
AMT↔SBAC,COMPETES_WITH,"SEC 10-K: In the U.S., our primary competitors for our site leasing activities are (1) large independent tower",통신 타워 임대,True,,pending,pending,False,True,1.0,True,pending,pending,False,False,False,통신·네트워크,미국에서 해당 기업의 사이트 임대 활동에 대한 주요 경쟁사는 American Tower Corporation 및 Crown Castle International과 같은 대규모 독립 타워 회사들입니다. 국제적으로는 자체 타워 네트워크를 소유 및 운영하는 무선 서비스 제공업체 등이 경쟁사입니다.,target_absent|truncated,"Our sales staff’s compensation is heavily weighted to incentive-based goals and measurements.
Competition
Domestic Site Leasing
 – In the U.S., our primary competitors for our site leasing activities are (1) large independent tower companies including American Tower Corporation and Crown Castle International; (2) a number of regional independent tower owners; (3) wireless service providers that own and operate their own towers and lease, or may in the future decide to lease, antenna space to other providers; (4) owners and operators of alternative facilities such as rooftops, outdoor and indoor distributed antenna system (“DAS”) networks, billboards, utility poles, and electric transmission towers; and (5) owners and operators of alternative wireless technology systems and architectures.
International Site Leasing 
– Internationally, our competition consists of wireless service providers that own and operate their own tower networks, large multinational, national, and regional independent tower companies, and alternative facilities such as rooftop, outdoor and indoor networks, billboards, utility poles, and electric transmission towers. 
We believe that tower location and capacity, quality of service, density within a geographic market, and price historically have been, and will continue to be, the most significant competitive factors affecting the domestic and international site leasing business.
Site Development
 – The site development business is competitive and price sensitive.",SBAC 10-K FY2025 · Item 1 사업,"AMT는 국내 사이트 임대 활동의 주요 경쟁사 중 하나로 언급됩니다. SBAC은 이 문장을 서술하는 주체('Our', 'we')로서 자신들의 경쟁사를 설명하고 있습니다.",근거 문장에 상대 종목 미등장 — 관계 근거로 불충분
AMZN↔COST,COMPETES_WITH,"SEC 10-K: Walmart, Target, Kroger, and Amazon are among our significant general merchandise retail competitors",일반 상품 소매,True,,pending,pending,False,True,1.0,True,pending,pending,False,True,False,소매·소비재,"미국에서 Walmart, Target, Kroger, Amazon은 해당 기업의 중요한 일반 상품 소매 경쟁사 중 일부입니다. 또한 해당 기업은 Walmart의 Sam's Club 및 BJ's Wholesale Club을 포함한 다른 회원제 창고형 매장과도 경쟁합니다.",list|target_absent|truncated,"Walmart, Target, Kroger, and Amazon are among our significant general merchandise retail competitors in the U.S. We also compete with other warehouse clubs, including Walmart’s Sam’s Club and BJ’s Wholesale Club in the U.S.",COST 10-K FY2025 · Item 1 사업,"AMZN은 해당 기업의 주요 일반 상품 소매 경쟁사 중 하나로 등장합니다. COST는 이 문장을 서술하는 주체('our', 'We')로서 자신들의 경쟁사를 설명하고 있습니다.",근거 문장에 상대 종목 미등장 — 관계 근거로 불충분
AMZN↔ORCL,COMPETES_WITH,"SEC 10-K: Our enterprise cloud, license and hardware offerings compete directly with certain offerings from so",엔터프라이즈 클라우드,True,,pending,pending,False,True,0.9,True,pending,pending,False,False,False,클라우드·엔터프라이즈SW,"해당 기업의 엔터프라이즈 클라우드, 라이선스 및 하드웨어 제품은 Adobe Systems Incorporated, Alphabet Inc., Amazon.com, Inc. 등 세계에서 가장 크고 경쟁력 있는 일부 기업들의 특정 제품과 직접 경쟁합니다.",target_absent|truncated,"Our enterprise cloud, license and hardware offerings compete directly with certain offerings from some of the largest and most competitive companies in the world, including Adobe Systems Incorporated, Alphabet Inc., Amazon.com, Inc., Cisco Systems, Inc., Intel Corporation, International Business Machines Corporation, Microsoft Corporation, Salesforce, Inc. and SAP SE, as well as other companies like Hewlett-Packard Enterprise and Workday, Inc.",ORCL 10-K FY2025 · Item 7 MD&A,"AMZN은 해당 기업의 엔터프라이즈 클라우드, 라이선스 및 하드웨어 제품의 직접 경쟁사 중 하나로 언급됩니다. ORCL은 이 문장을 서술하는 주체('Our')로서 자신들의 제품 경쟁사를 설명하고 있습니다.",근거 문장에 상대 종목 미등장 — 관계 근거로 불충분
AMZN↔TTD,COMPETES_WITH,"SEC 10-K: We compete with other demand-side platform providers, some of which are smaller, privately held comp",수요측 플랫폼,True,,pending,pending,False,True,0.8,True,pending,pending,False,False,False,수요측 플랫폼,"자사(We)는 Google 및 Amazon과 같은 대형 기업의 사업부를 포함한 다른 수요측 플랫폼 제공업체들과 경쟁하고 있습니다. 자사는 주로 플랫폼 성능, 기능, 투명성 및 매수측(buy side)에 대한 집중을 기반으로 경쟁한다고 믿습니다.",target_absent|truncated,"We compete with other demand-side platform providers, some of which are smaller, privately held companies and others are divisions of large, well-established companies such as Google and Amazon. We believe that we compete primarily based on the performance, capabilities and transparency of our platform as well as our focus on the buy side.",TTD 10-K FY2025 · Item 1 사업,"TTD는 자사(We)이며, AMZN은 TTD의 경쟁 상대인 대형 기업 중 하나로 언급됩니다.",근거 문장에 상대 종목 미등장 — 관계 근거로 불충분
ANET↔AVGO,COMPETES_WITH,"SEC 10-K: For example, Broadcom has acquired VMware, Hewlett Packard Enterprise has acquired Juniper Networks ",,False,COMPETES_WITH,pending,pending,True,True,0.0,True,noise_self_contradiction,pending,True,True,False,,"Broadcom이 VMware를 인수한 사례 등이 언급되며, 이러한 인수 및 전략적 투자가 구매 결정에 영향을 미칠 수 있다고 설명합니다. AI 네트워킹의 부상과 함께 새로운 경쟁 기술들이 시장에 진입할 수 있습니다.",list|m&a|truncated,"For example, Broadcom has acquired VMware, Hewlett Packard Enterprise has acquired Juniper Networks and Nvidia has made significant investments in several AI Neoclouds. We often see that these types of acquisitions and strategic investments are used to influence buying decisions rather than allowing for the selection of a best-of-breed vendor.
With the emergence of AI networking, new competitive technologies may enter the market to address the requirements of AI clusters.",ANET 10-K FY2025 · Item 1 사업,ANET 미등장. AVGO(Broadcom)는 VMware를 인수한 회사로 언급됩니다.,업계 M&A 나열 — 두 종목 직접 관계 서술인지 확인
ANET↔HPE,COMPETES_WITH,"SEC 10-K: competition also coming from other large network equipment and system vendors, including Dell/EMC, E",네트워크 장비 및 시스템,True,,pending,pending,False,True,0.7,True,pending,pending,False,False,False,통신·네트워크,"클라우드 및 AI 네트워킹 시장 확대에 따라 미래에 경쟁이 심화될 것으로 예상됩니다. 데이터 센터 및 캠퍼스 네트워킹 시장은 과거 Cisco가 지배적이었으며, Dell/EMC, Extreme Networks, Hewlett Packard Enterprise(HPE) 등 다른 대형 네트워크 장비 및 시스템 공급업체들도 경쟁사로 존재합니다.",target_absent|truncated,"We expect competition to intensify in the future as the market for cloud and AI networking expands and existing competitors and new market entrants introduce new products or enhance existing products.
The data center and campus networking markets have historically been dominated by Cisco, with competition also coming from other large network equipment and system vendors, including Dell/EMC, Extreme Networks, Hewlett Packard Enterprise, Huawei, Juniper Networks, Nvidia, and white box networking vendors that utilize open-source operating systems. Most of our competitors and some strategic alliance partners have made acquisitions and/or have entered into or extended partnerships or other strategic relationships to offer more comprehensive product lines, including cloud networking solutions.",ANET 10-K FY2025 · Item 1 사업,"ANET(We)는 미래에 경쟁이 심화될 것으로 예상하며, HPE(Hewlett Packard Enterprise)는 ANET의 경쟁 업체 중 하나로 언급됩니다.",근거 문장에 상대 종목 미등장 — 관계 근거로 불충분
ANET↔NVDA,COMPETES_WITH,"SEC 10-K: competition also coming from other large network equipment and system vendors, including Dell/EMC, E",네트워크 장비,True,,pending,pending,False,True,0.4,True,pending,pending,False,False,False,통신·네트워크,"클라우드 및 AI 네트워킹 시장 확대에 따라 미래에 경쟁이 심화될 것으로 예상됩니다. 데이터 센터 및 캠퍼스 네트워킹 시장은 과거 Cisco가 지배적이었으며, Nvidia(NVDA) 등 다른 대형 네트워크 장비 및 시스템 공급업체들도 경쟁사로 존재합니다.",target_absent|truncated,"We expect competition to intensify in the future as the market for cloud and AI networking expands and existing competitors and new market entrants introduce new products or enhance existing products.
The data center and campus networking markets have historically been dominated by Cisco, with competition also coming from other large network equipment and system vendors, including Dell/EMC, Extreme Networks, Hewlett Packard Enterprise, Huawei, Juniper Networks, Nvidia, and white box networking vendors that utilize open-source operating systems. Most of our competitors and some strategic alliance partners have made acquisitions and/or have entered into or extended partnerships or other strategic relationships to offer more comprehensive product lines, including cloud networking solutions.",ANET 10-K FY2025 · Item 1 사업,"ANET(We)는 미래에 경쟁이 심화될 것으로 예상하며, NVDA(Nvidia)는 ANET의 경쟁 업체 중 하나로 언급됩니다.",근거 문장에 상대 종목 미등장 — 관계 근거로 불충분
AOS↔PNR,COMPETES_WITH,"SEC 10-K: Our principal water treatment competitors in the U.S. are Culligan, Kinetico, Pentair, Franklin Elec",수처리,True,,auto_candidate,pending,True,True,1.0,True,auto_candidate,pending,False,True,False,에너지·유전·수처리,"미국의 주요 수처리 경쟁사로는 Culligan, Kinetico, Pentair(PNR), Franklin Electric 및 Ecowater를 비롯한 다수의 지역 조립업체가 있습니다. 자사의 Rest of World 부문 매출은 2025년 전체 매출의 약 22%를 차지했으며, 대부분 중국에서 발생했습니다.",list|truncated,"Our principal water treatment competitors in the U.S. are Culligan, Kinetico, Pentair, Franklin Electric and Ecowater as well as numerous regional assemblers. 
REST OF WORLD 
Sales in our Rest of World segment accounted for approximately 22 percent of our total sales in 2025, a majority of which were in China.",AOS 10-K FY2025 · Item 1 사업,"AOS(Our)는 미국의 주요 수처리 경쟁사를 나열하며, PNR(Pentair)은 그 경쟁사 중 하나로 언급됩니다.",
APTV↔GRMN,COMPETES_WITH,"SEC 10-K: Garmin believes that its principal competitors for auto OEM products are Alpine Electronics, Aptiv, ",자동차 OEM 제품,True,,auto_candidate,pending,True,True,1.0,True,auto_candidate,pending,False,False,False,자동차·부품·산업재,"Garmin(GRMN)은 자동차 OEM 제품의 주요 경쟁사로 Alpine Electronics, Aptiv(APTV), Bosch 등을 꼽습니다. Garmin의 제품 혁신은 연구 개발에 대한 강한 강조와 엔지니어링 및 제조 팀 간의 긴밀한 협력에서 비롯됩니다.",truncated,"Garmin believes that its principal competitors for auto OEM products are Alpine Electronics, Aptiv, Bosch, Continental, Harman (Samsung), LG, Panasonic, and Visteon.
 
 
Research and Development
 
Garmin’s product innovations are driven by its strong emphasis on research and development and the close partnership between Garmin’s engineering and manufacturing teams. Garmin’s products are created by its engineering and development staff.",GRMN 10-K FY2025 · Item 1 사업,APTV(Aptiv)는 GRMN(Garmin)이 자사의 자동차 OEM 제품의 주요 경쟁사 중 하나로 인식하는 회사입니다.,
AVY↔INTC,COMPETES_WITH,"SEC 10-K: Fedrigoni Self-Adhesives; Lintec Corporation; Flexcon Corporation, Inc.; and an array of smaller reg",,False,COMPETES_WITH,pending,pending,True,True,0.0,True,noise_self_contradiction,pending,True,True,False,,"기계식 패스너는 주로 다양한 자동차, 일반 산업 및 소매 응용 분야에 사용되는 정밀 압출 및 사출 성형 플라스틱 장치입니다. 자사의 라벨 재료 부문 주요 경쟁사로는 UPM Adhesive Materials 등이 있으며, 그래픽 및 반사 제품의 가장 큰 경쟁사는 3M Company와 Orafol Group입니다.",list|truncated,"The mechanical fasteners are primarily precision-extruded and injection-molded plastic devices used in various automotive, general industrial and retail applications.
Our larger competitors in label materials include UPM Adhesive Materials, a subsidiary of UPM Corporation; Fedrigoni Self-Adhesives; Lintec Corporation; Flexcon Corporation, Inc.; and an array of smaller regional and local companies. For graphics and reflective products, our largest competitors are 3M Company (“3M”) and the Orafol Group.",AVY 10-K FY2025 · Item 1 사업,"AVY(Our)는 자사의 경쟁사를 언급하고 있으며, INTC 미등장.",
AVY↔MMM,COMPETES_WITH,"SEC 10-K: For graphics and reflective products, our largest competitors are 3M Company (“3M”) and the Orafol G",그래픽·반사 제품,True,,auto_candidate,pending,True,True,1.0,True,auto_candidate,pending,False,False,False,기타,"그래픽 및 반사 제품 분야에서 자사(Our)의 가장 큰 경쟁사는 3M Company(MMM)와 Orafol Group입니다. 고성능 테이프 제품 분야에서는 3M(MMM), Tesa-SE 등이 경쟁사로 언급됩니다.",truncated,"For graphics and reflective products, our largest competitors are 3M Company (“3M”) and the Orafol Group. For performance tapes products, our competitors include 3M; Tesa-SE, a subsidiary of Beiersdorf AG; Nitto Denko Corporation; and numerous regional and specialty suppliers.",AVY 10-K FY2025 · Item 1 사업,"AVY(Our)는 자사의 그래픽 및 반사 제품, 고성능 테이프 제품 분야의 경쟁사로 MMM(3M Company)을 언급합니다.",
AVY↔PPL,COMPETES_WITH,"SEC 10-K: Our larger competitors in label materials include UPM Adhesive Materials, a subsidiary of UPM Corpor",,False,COMPETES_WITH,pending,pending,False,True,0.0,True,noise_self_contradiction,pending,True,False,False,,"기계식 패스너는 주로 다양한 자동차, 일반 산업 및 소매 응용 분야에 사용되는 정밀 압출 및 사출 성형 플라스틱 장치입니다. 자사의 라벨 재료 부문 주요 경쟁사로는 UPM Adhesive Materials 등이 있으며, 그래픽 및 반사 제품의 가장 큰 경쟁사는 3M Company와 Orafol Group입니다.",target_absent|truncated,"The mechanical fasteners are primarily precision-extruded and injection-molded plastic devices used in various automotive, general industrial and retail applications.
Our larger competitors in label materials include UPM Adhesive Materials, a subsidiary of UPM Corporation; Fedrigoni Self-Adhesives; Lintec Corporation; Flexcon Corporation, Inc.; and an array of smaller regional and local companies. For graphics and reflective products, our largest competitors are 3M Company (“3M”) and the Orafol Group.",AVY 10-K FY2025 · Item 1 사업,"AVY(Our)는 자사의 경쟁사를 언급하고 있으며, PPL 미등장.",근거 문장에 상대 종목 미등장 — 관계 근거로 불충분
AXP↔MA,COMPETES_WITH,"SEC 10-K: We compete worldwide with payments networks such as Visa, American Express, JCB, China UnionPay and ",결제 네트워크,True,,pending,pending,False,True,1.0,True,pending,pending,False,True,False,금융·결제·거래소,"자사(We)는 종이 기반 및 모든 형태의 전자 결제를 포함한 모든 결제 범주에서 경쟁하며, 서비스 및 솔루션을 제공하는 모든 범주에서도 경쟁합니다. 일반 목적 결제 네트워크 분야에서는 Visa, American Express(AXP), JCB, China UnionPay, Discover 등과 전 세계적으로 경쟁합니다.",list|target_absent|truncated,"We compete in all categories of payments (including paper-based payments and all forms of electronic payments) as well as in all categories in which we provide services and solutions:
•
General Purpose Payments Networks.
 We compete worldwide with payments networks such as Visa, American Express, JCB, China UnionPay and Discover, among others. These competitors tend to offer a range of card-based payment products.",MA 10-K FY2025 · Item 1 사업,AXP(American Express)는 자사(We)가 전 세계적으로 경쟁하는 결제 네트워크 중 하나로 언급됩니다. MA 미등장.,근거 문장에 상대 종목 미등장 — 관계 근거로 불충분
AXP↔SYF,COMPETES_WITH,"SEC 10-K: Our primary competitors for partners include major financial institutions, such as American Express,",금융 서비스,True,,auto_candidate,pending,True,True,1.0,True,auto_candidate,pending,False,False,False,금융·결제·거래소,"문장에서는 SYF(화자)의 주요 경쟁자들이 언급되며, 이들은 주요 금융 기관, 핀테크 기업, POS 대출 전문 기업 및 잠재 파트너의 자체 금융 역량을 포함합니다. 일부 경쟁사들은 SYF보다 규모가 상당히 커서 다양한 이점을 가질 수 있습니다.",truncated,"Our primary competitors for partners include major financial institutions, such as American Express, Bread Financial, Capital One/Discover, JPMorgan Chase, Citibank, TD Bank and Wells Fargo, as well as, financial technology companies, point-of-sale lending focused companies, and potential partners’ own in-house financing capabilities. Some of our competitors are substantially larger than we are, which may give those competitors advantages, including a more diversified product and customer base, the ability to reach out to more customers and potential customers, operational efficiencies, more versatile technology platforms, broad-based local distribution capabilities and lower-cost funding.",SYF 10-K FY2025 · Item 7 MD&A,"AXP는 SYF의 주요 경쟁사 중 하나로 등장합니다. SYF는 ""Our primary competitors"" 문맥상 화자로 등장합니다.",
AZO↔GPC,COMPETES_WITH,"SEC 10-K: Key competitors in North America include AutoZone, Inc., O'Reilly Auto Parts, Inc., Advance Auto Par",자동차 부품 유통,True,,auto_candidate,pending,True,True,1.0,True,auto_candidate,pending,False,True,False,자동차·부품·산업재,"문장에서는 북미 시장의 주요 경쟁사로 AutoZone, O'Reilly Auto Parts 등이 언급되며, 국제적으로는 LKQ Corporation과 Bapcor 등이 경쟁사로 등장합니다.",list|truncated,"Key competitors in North America include AutoZone, Inc., O'Reilly Auto Parts, Inc., Advance Auto Parts, Inc., and LKQ Corporation, among others. Internationally, competitors include LKQ Corporation, which has a strong presence in Europe, and Bapcor in Australasia, among many others.",GPC 10-K FY2025 · Item 1 사업,"AZO는 북미 지역의 주요 경쟁사 중 하나로 등장합니다. GPC는 ""Key competitors"" 문맥상 화자로 등장합니다.",
BAX↔COO,COMPETES_WITH,"SEC 10-K: Larger companies such as Johnson & Johnson, Baxter International, Medtronic and Hologic have offerin",,False,,pending,pending,True,True,0.0,True,pending,pending,False,True,False,,"문장에서는 Johnson & Johnson, Baxter International, Medtronic, Hologic과 같은 대기업들이 화자의 의료기기 제품과 경쟁하는 제품을 제공한다고 언급합니다. 또한, 줄기세포 저장 분야에서는 주로 Revvity의 ViaCord와 경쟁한다고 명시합니다.",list|truncated,"Larger companies such as Johnson & Johnson, Baxter International, Medtronic and Hologic have offerings that compete with our medical device products. In the stem cell storage field, we compete primarily with ViaCord, a division of Revvity, in the United States, as well as other smaller companies with limited product offerings globally.",COO 10-K FY2025 · Item 1 사업,"BAX는 화자의 의료기기 제품과 경쟁하는 대기업 중 하나로 등장합니다. COO는 ""our medical device products"" 및 ""we compete"" 문맥상 화자로 등장합니다.",
BKNG↔EXPE,COMPETES_WITH,"SEC 10-K: Competitive entrants such as “metasearch” companies, including Kayak.com (owned by Booking Holdings)",메타 검색,True,,pending,pending,False,True,0.8,True,pending,pending,False,False,False,미디어·스트리밍·검색,"문장은 Kayak.com(Booking Holdings 소유)과 trivago(Expedia Group이 대다수 지분 소유)를 포함한 메타서치 기업들이 기존 온라인 여행사들과 차별화된 기능, 가격, 콘텐츠를 도입했다고 설명합니다. 또한, 항공사와 숙박업체들이 자사 제품 및 서비스의 직접 온라인 유통을 적극적으로 추구하고 있다고 언급합니다.",m&a|target_absent,"Competitive entrants such as “metasearch” companies, including Kayak.com (owned by Booking Holdings), trivago (in which Expedia Group owns a majority interest) as well as TripAdvisor, introduced differentiated features, pricing and content compared with the legacy online travel agency companies, as well as various forms of direct or assisted booking tools. Further, airlines and lodging companies are aggressively pursuing direct online distribution of their products and services.",EXPE 10-K FY2025 · Item 7 MD&A,BKNG는 Kayak.com의 소유주로 등장합니다. EXPE는 trivago의 대다수 지분을 소유한 기업으로 등장합니다.,근거 문장에 상대 종목 미등장 — 관계 근거로 불충분
BKNG↔GOOGL,COMPETES_WITH,"SEC 10-K: For example, Google links travel search to its dominant search engine and has integrated travel prod",여행 검색,True,,auto_candidate,pending,True,True,0.9,True,auto_candidate,pending,False,False,False,여행·숙박·크루즈,"문장은 Google이 자사 검색 엔진에 여행 검색을 연결하고 Google Maps 및 Gemini 생성형 AI에 여행 상품을 통합했다고 설명합니다. 이러한 기능은 소비자들이 전용 온라인 여행 플랫폼 방문을 줄여 직접 트래픽, 예약 및 고객 관계를 감소시킬 수 있다고 언급합니다.",truncated,"For example, Google links travel search to its dominant search engine and has integrated travel products into Google Maps and its Gemini generative AI (""Gen AI"") offering. Other large technology platforms and AI-native competitors are developing Gen AI-powered assistants and agents that can search, compare, recommend, and facilitate travel and dining reservations directly within their search engines, operating systems, messaging platforms, or ""super-apps."" These offerings may reduce consumers choosing to visit dedicated online travel platforms, reducing direct traffic, bookings, and customer relationships.",BKNG 10-K FY2025 · Item 7 MD&A,"BKNG는 Google의 서비스로 인해 트래픽, 예약 및 고객 관계가 감소할 수 있는 ""dedicated online travel platforms""의 일원으로 암시적으로 등장합니다. GOOGL은 여행 검색을 자사 검색 엔진 및 AI 서비스에 통합하고 있는 기업으로 등장합니다.",
BKR↔CAT,COMPETES_WITH,"SEC 10-K: An additional set of competitors, including Aggreko plc, Generac Holdings Inc., Discovery Energy, LL",,False,,pending,pending,False,True,0.0,True,pending,pending,False,True,False,,"문장은 Aggreko, Generac, Discovery Energy, Baker Hughes 등을 포함한 추가 경쟁사들이 엔진 및 기타 부품을 국내외 공급업체로부터 조달하여 제품을 포장하고 유통한다고 설명합니다. 또한, 철도 관련 사업에서는 Wabtec, Greenbrier 등이 글로벌 경쟁사라고 언급합니다.",list|target_absent|truncated,"An additional set of competitors, including Aggreko plc, Generac Holdings Inc., Discovery Energy, LLC (Rehlko, formerly Kohler Energy), Baker Hughes Co., and others, are primarily packagers who source engines and/or other components from domestic and international suppliers and market products regionally and internationally through a variety of distribution channels. In rail-related businesses, our global competitors include Wabtec Corp, Greenbrier Companies, Inc., Voestalpine AG, Vossloh AG, Alstom SA, and Siemens Mobility A/S.",CAT 10-K FY2025 · Item 1 사업,BKR은 엔진 및 기타 부품을 조달하여 제품을 포장하는 경쟁사 중 하나로 등장합니다. CAT 미등장.,근거 문장에 상대 종목 미등장 — 관계 근거로 불충분
BKR↔HAL,COMPETES_WITH,"SEC 10-K: OFSE competitors include SLB, Halliburton, NOV, Weatherford, and TechnipFMC.",유전 서비스·장비,True,,auto_candidate,pending,True,True,1.0,True,auto_candidate,pending,False,True,False,자동차·부품·산업재,"OFSE(Oilfield Services and Equipment) 경쟁사로 SLB, Halliburton, NOV, Weatherford, TechnipFMC가 언급됩니다. 이 문장은 또한 산업 및 에너지 기술(IET) 부문의 광범위한 전문 지식과 기술, 서비스에 대해 설명합니다.",list,"OFSE competitors include SLB, Halliburton, NOV, Weatherford, and TechnipFMC.
Industrial & Energy Technology
The IET segment combines a broad array of domain expertise, technologies, software, and services for energy and industrial customers across a broad array of applications including on- and offshore, LNG, pipeline and gas storage, distributed gas, refining, petrochemical, hydrogen, geothermal, CCUS, and power inclusive of integration with renewable energy sources. It also provides cutting edge technology for consumers of energy and organizations who are reliant on infrastructure integrity across a broad variety of verticals including pulp & paper, food & beverage, industrial heating, automotive, marine and aerospace.
The IET segment consists of five product lines.
•    
Gas Technology Equipment
 delivers highly efficient mechanical and electric-drive compression and power generation technology for projects across the natural gas value chain.",BKR 10-K FY2025 · Item 1 사업,BKR은 OFSE 경쟁사 목록을 제시하는 화자(또는 화자의 사업 부문)로 암시적으로 등장합니다. HAL은 OFSE 경쟁사 중 하나로 등장합니다.,
BKR↔SLB,COMPETES_WITH,"SEC 10-K: OFSE competitors include SLB, Halliburton, NOV, Weatherford, and TechnipFMC.",유전 서비스·장비,True,,auto_candidate,pending,True,True,1.0,True,auto_candidate,pending,False,True,True,자동차·부품·산업재,"OFSE(Oilfield Services and Equipment) 경쟁사로 SLB, Halliburton, NOV, Weatherford, TechnipFMC가 언급됩니다. 이 문장은 또한 산업 및 에너지 기술(IET) 부문의 광범위한 전문 지식과 기술, 서비스에 대해 설명합니다.",list,"OFSE competitors include SLB, Halliburton, NOV, Weatherford, and TechnipFMC.
Industrial & Energy Technology
The IET segment combines a broad array of domain expertise, technologies, software, and services for energy and industrial customers across a broad array of applications including on- and offshore, LNG, pipeline and gas storage, distributed gas, refining, petrochemical, hydrogen, geothermal, CCUS, and power inclusive of integration with renewable energy sources. It also provides cutting edge technology for consumers of energy and organizations who are reliant on infrastructure integrity across a broad variety of verticals including pulp & paper, food & beverage, industrial heating, automotive, marine and aerospace.
The IET segment consists of five product lines.
•    
Gas Technology Equipment
 delivers highly efficient mechanical and electric-drive compression and power generation technology for projects across the natural gas value chain.",BKR 10-K FY2025 · Item 1 사업,BKR은 OFSE 경쟁사 목록을 제시하는 화자(또는 화자의 사업 부문)로 암시적으로 등장합니다. SLB는 OFSE 경쟁사 중 하나로 등장합니다.,
BLK↔MSCI,COMPETES_WITH,"SEC 10-K: Certain of our clients are also significant shareholders, competitors or distributors of our content",,True,,pending,pending,False,True,0.2,True,pending,pending,False,False,False,,문장은 BlackRock과 같은 일부 대형 고객들이 화자의 중요한 주주이자 경쟁자 또는 콘텐츠 유통업체라고 설명합니다. 이러한 역학 관계는 경쟁 압력을 유발하여 고객들이 관계를 종료하고 사업 손실을 초래할 수 있다고 언급합니다.,target_absent|truncated,"Certain of our clients are also significant shareholders, competitors or distributors of our content, including some of our largest clients, such as BlackRock. This dynamic may introduce competitive pressures that could cause these clients to terminate all or a portion of the relationship and result in a loss of business or reduced revenue or influence our strategic decisions, such as whether to prioritize the client relationship over the development or enhancement of products that directly compete with those clients’ offerings.",MSCI 10-K FY2025 · Item 7 MD&A,"BLK는 MSCI의 주요 고객 중 하나이자 중요한 주주, 경쟁자 또는 콘텐츠 유통업체로 등장합니다. MSCI는 ""our clients"" 및 ""our content"" 문맥상 화자로 등장합니다.",근거 문장에 상대 종목 미등장 — 관계 근거로 불충분
CAH↔COR,COMPETES_WITH,"SEC 10-K: In the Pharma segment, we compete with wholesale distributors with national reach, including McKesso",제약 도매 유통,True,,pending,pending,False,True,0.5,True,pending,pending,False,False,False,헬스케어·의료기기·제약,"문장은 화자가 가격, 서비스 제공, 고객 서비스 등 다양한 수준에서 경쟁하고 있다고 설명합니다. 제약 부문에서는 McKesson Corporation 및 Cencora, Inc.를 포함한 전국 규모의 도매 유통업체와 경쟁한다고 언급합니다.",target_absent|truncated,"We compete on many levels, including price, service offerings, support services, customer service, breadth of product lines, and product quality and efficacy.
In the Pharma segment, we compete with wholesale distributors with national reach, including McKesson Corporation and Cencora, Inc., regional wholesale distributors, self-warehousing chains, specialty distributors, third-party logistics companies, and companies that provide specialty pharmaceutical services and managed services to specialty physicians, among others. In addition, the Pharma segment has experienced competition from a number of organizations offering generic pharmaceuticals, including telemarketers.",CAH 10-K FY2025 · Item 7 MD&A,"CAH는 제약 부문에서 McKesson Corporation 및 Cencora, Inc. 등과 경쟁하는 화자로 등장합니다. COR은 CAH의 제약 부문 경쟁사 중 하나인 전국 규모의 도매 유통업체로 등장합니다.",근거 문장에 상대 종목 미등장 — 관계 근거로 불충분
CAH↔MCK,COMPETES_WITH,"SEC 10-K: Certain competitors also offer combinations of distribution, GPO, and provider services capabilities",의료 유통,True,,pending,pending,False,True,0.9,True,pending,pending,False,False,False,헬스케어·의료기기·제약,"특정 경쟁사들이 유통, GPO, 공급자 서비스 역량 조합을 제공하며, 여기에는 Cencora, Inc.와 Cardinal Health, Inc.가 포함됩니다.",target_absent|truncated,"Certain competitors also offer combinations of distribution, GPO, and provider services capabilities, including Cencora, Inc. and Cardinal Health, Inc. In addition, our clinical research offerings compete with contract research organizations, site management organizations, academic medical centers, and health systems that support clinical trials.
Our Prescription Technology Solutions business experiences substantial competition from variety of organizations, including other biopharma services providers, software and technology service firms, consulting firms, shared services vendors, and internet-based companies offering healthcare-focused technology solutions.",MCK 10-K FY2026 · Item 1 사업,CAH는 특정 경쟁사 중 하나로 언급됩니다. MCK 미등장.,근거 문장에 상대 종목 미등장 — 관계 근거로 불충분
CARR↔JCI,COMPETES_WITH,"SEC 10-K: Larger competitors include Honeywell International, Inc.; Siemens Smart Infrastructure, an operating",,False,COMPETES_WITH,pending,pending,True,True,0.1,True,noise_self_contradiction,pending,True,True,False,,"Honeywell International, Inc., Siemens Smart Infrastructure, Schneider Electric SA, Carrier Global Corporation, Trane Technologies plc 등을 포함한 기업들이 주요 경쟁사입니다.",list|truncated,"Larger competitors include Honeywell International, Inc.; Siemens Smart Infrastructure, an operating group of Siemens AG; Schneider Electric SA; Carrier Global Corporation; Trane Technologies plc; Vertiv Holdings Co., API Group and Daikin Industries, Ltd. In addition, the Company competes in a highly fragmented building services market.",JCI 10-K FY2025 · Item 1 사업,CARR는 주요 경쟁사 중 하나로 언급됩니다. JCI 미등장.,
CAT↔CMI,COMPETES_WITH,"SEC 10-K: Principal global competitors include Cummins Inc., Deutz AG, Rolls-Royce Power Systems AG and Siemen",,True,,auto_candidate,pending,True,True,1.0,True,auto_candidate,pending,False,True,False,,"주요 글로벌 경쟁사로는 Cummins Inc., Deutz AG, Rolls-Royce Power Systems AG, Siemens Energy AG 등이 있습니다. 다른 경쟁사들은 Caterpillar가 경쟁하는 특정 시장에서 경쟁합니다.",list|truncated,"Principal global competitors include Cummins Inc., Deutz AG, Rolls-Royce Power Systems AG and Siemens Energy AG. Other competitors, such as Volvo Penta AB, FPT Industrial SpA (Iveco Group), INNIO Group, GE Vernova Inc., Kawasaki Heavy Industries Ltd., Everllence SE (formerly MAN Energy Solutions SE), Weichai Power Co., Ltd., and other emerging market competitors compete in certain markets in which Caterpillar competes.",CAT 10-K FY2025 · Item 1 사업,CAT는 본문에서 'Caterpillar가 경쟁하는 특정 시장'의 주체로 등장합니다. CMI는 주요 글로벌 경쟁사 중 하나로 언급됩니다.,
CAT↔GEV,COMPETES_WITH,"SEC 10-K: Other competitors, such as Volvo Penta AB, FPT Industrial SpA (Iveco Group), INNIO Group, GE Vernova",,True,,auto_candidate,pending,True,True,1.0,True,auto_candidate,pending,False,True,False,,"Volvo Penta AB, FPT Industrial SpA, INNIO Group, GE Vernova Inc. 등 여러 경쟁사들이 Caterpillar가 경쟁하는 특정 시장에서 활동합니다. 이 외에도 엔진 및/또는 기타 부품을 조달하여 제품을 판매하는 다른 경쟁사들이 있습니다.",list|truncated,"Other competitors, such as Volvo Penta AB, FPT Industrial SpA (Iveco Group), INNIO Group, GE Vernova Inc., Kawasaki Heavy Industries Ltd., Everllence SE (formerly MAN Energy Solutions SE), Weichai Power Co., Ltd., and other emerging market competitors compete in certain markets in which Caterpillar competes. An additional set of competitors, including Aggreko plc, Generac Holdings Inc., Discovery Energy, LLC (Rehlko, formerly Kohler Energy), Baker Hughes Co., and others, are primarily packagers who source engines and/or other components from domestic and international suppliers and market products regionally and internationally through a variety of distribution channels.",CAT 10-K FY2025 · Item 1 사업,CAT는 'Caterpillar가 경쟁하는 특정 시장'의 주체로 등장합니다. GEV는 Caterpillar가 경쟁하는 특정 시장의 다른 경쟁사 중 하나로 언급됩니다.,
CAT↔GNRC,COMPETES_WITH,"SEC 10-K: An additional set of competitors, including Aggreko plc, Generac Holdings Inc., Discovery Energy, LL",,True,,auto_candidate,pending,True,True,1.0,True,auto_candidate,pending,False,True,False,,"Aggreko plc, Generac Holdings Inc. 등을 포함한 추가적인 경쟁사들은 주로 엔진이나 부품을 조달하여 제품을 포장, 판매합니다. 철도 관련 사업의 글로벌 경쟁사로는 Wabtec Corp, Greenbrier Companies, Inc. 등이 있습니다.",list|truncated,"An additional set of competitors, including Aggreko plc, Generac Holdings Inc., Discovery Energy, LLC (Rehlko, formerly Kohler Energy), Baker Hughes Co., and others, are primarily packagers who source engines and/or other components from domestic and international suppliers and market products regionally and internationally through a variety of distribution channels. In rail-related businesses, our global competitors include Wabtec Corp, Greenbrier Companies, Inc., Voestalpine AG, Vossloh AG, Alstom SA, and Siemens Mobility A/S.",CAT 10-K FY2025 · Item 1 사업,CAT 미등장. GNRC는 엔진 및/또는 기타 부품을 조달하여 제품을 시장에 판매하는 추가적인 경쟁사 중 하나로 언급됩니다.,
CAT↔WAB,COMPETES_WITH,"SEC 10-K: Our primary competition for locomotives is Progress Rail, owned by a subsidiary of Caterpillar.",기관차,True,,pending,pending,False,True,1.0,True,pending,pending,False,False,False,기관차,기관차 사업의 주요 경쟁사는 Caterpillar 자회사가 소유한 Progress Rail입니다. 화물 및 여객 운송 서비스 및 수리 부문의 주요 경쟁사는 주로 철도 회사 및 여객 운송 당국의 자체 운영과 Knorr입니다.,target_absent,"Our primary competition for locomotives is Progress Rail, owned by a subsidiary of Caterpillar. Our primary competition for freight and passenger transit service and repair is mostly from the railroads’ and passenger transit authorities’ in-house operations and Knorr.",WAB 10-K FY2025 · Item 1 사업,CAT는 경쟁사인 Progress Rail의 자회사 소유주로 언급됩니다. WAB 미등장.,근거 문장에 상대 종목 미등장 — 관계 근거로 불충분
CBOE↔CME,COMPETES_WITH,"SEC 10-K: Our competitors include, among other entities, exchanges such as Intercontinental Exchange, Inc. (IC",금융 거래소,True,,pending,pending,False,True,0.9,True,pending,pending,False,True,False,금융·결제·거래소,"당사의 경쟁사로는 Intercontinental Exchange, Inc. (ICE), Cboe Global Markets (Cboe) 등의 거래소들이 있습니다. 또한 FMX 선물거래소와 같은 신규 진입자들과도 경쟁하고 있습니다.",list|target_absent|truncated,"Our competitors include, among other entities, exchanges such as Intercontinental Exchange, Inc. (ICE), Cboe Global Markets (Cboe), Euronext N.V., the Hong Kong Exchanges and Clearing Limited (HKEX), and Deutsche Börse AG. We also face competition from new entrants into the marketplace, including newly launched FMX Futures Exchange, as well as digital asset platforms and emerging prediction markets.",CME 10-K FY2025 · Item 1A 위험,CBOE는 당사의 경쟁사 중 하나인 거래소로 언급됩니다. CME 미등장.,근거 문장에 상대 종목 미등장 — 관계 근거로 불충분
CCL↔NCLH,COMPETES_WITH,"SEC 10-K: Based on 2025 Cruise Industry News statistics, as of December 31, 2025, we, along with our principal",크루즈 산업,True,,pending,pending,True,True,0.3,True,pending,pending,False,False,False,여행·숙박·크루즈,"2025년 12월 31일 기준, 당사와 주요 크루즈 경쟁사인 Royal Caribbean Group, Norwegian Cruise Line Holdings, Ltd. 및 MSC Cruises는 전체 크루즈 산업 수용 능력의 약 80%를 차지했습니다.",truncated,"Based on 2025 Cruise Industry News statistics, as of December 31, 2025, we, along with our principal cruise competitors Royal Caribbean Group, Norwegian Cruise Line Holdings, Ltd. and MSC Cruises, represented approximately 80% of the cruise industry capacity. 
C.",CCL 10-K FY2025 · Item 1 사업,"CCL은 '우리(we)'로 지칭되며, 주요 크루즈 경쟁사들과 함께 산업 수용 능력의 상당 부분을 차지하는 주체로 등장합니다. NCLH는 CCL의 주요 크루즈 경쟁사 중 하나로 언급됩니다.",
CCL↔RCL,COMPETES_WITH,"SEC 10-K: Based on 2025 Cruise Industry News statistics, as of December 31, 2025, we, along with our principal",크루즈 산업,True,,pending,pending,False,True,0.4,True,pending,pending,False,False,False,여행·숙박·크루즈,"2025년 12월 31일 기준, 당사와 주요 크루즈 경쟁사인 Royal Caribbean Group, Norwegian Cruise Line Holdings, Ltd. 및 MSC Cruises는 전체 크루즈 산업 수용 능력의 약 80%를 차지했습니다.",target_absent|truncated,"Based on 2025 Cruise Industry News statistics, as of December 31, 2025, we, along with our principal cruise competitors Royal Caribbean Group, Norwegian Cruise Line Holdings, Ltd. and MSC Cruises, represented approximately 80% of the cruise industry capacity. 
C.",CCL 10-K FY2025 · Item 1 사업,"CCL은 '우리(we)'로 지칭되며, 주요 크루즈 경쟁사들과 함께 산업 수용 능력의 상당 부분을 차지하는 주체로 등장합니다. RCL은 CCL의 주요 크루즈 경쟁사 중 하나로 언급됩니다.",근거 문장에 상대 종목 미등장 — 관계 근거로 불충분
CDNS↔CTVA,COMPETES_WITH,"SEC 10-K: U.S.-based competitors include Keysight Technologies, Inc., Schrödinger, Inc., and CEVA, Inc., while",,False,COMPETES_WITH,pending,pending,False,True,0.0,True,noise_self_contradiction,pending,True,True,False,,"미국 기반 경쟁사로는 Keysight Technologies, Inc., Schrödinger, Inc., CEVA, Inc. 등이 있으며, 국제 경쟁사로는 Altium Limited (Renesas Electronics Corporation에 인수됨) 등이 있습니다. 일부 경쟁사들은 인수, 파트너십 또는 전략적 제휴를 통해 경쟁 우위를 강화했습니다.",list|m&a|target_absent|truncated,"U.S.-based competitors include Keysight Technologies, Inc., Schrödinger, Inc., and CEVA, Inc., while international competitors include Altium Limited (acquired by Renesas Electronics Corporation) and Zuken, Inc. (Japan) and emerging players in China such as Huada Empyrean, Xpeedic Technology, X-EPIC, Primarius Technologies, Univista, and Giga Design Automation. Additionally, some competitors have pursued acquisitions, partnerships, or strategic alliances, potentially enhancing their competitive positioning.
In the engineering services business, competitive dynamics differ from those in the product business.",CDNS 10-K FY2025 · Item 7 MD&A,CDNS 미등장. CTVA 미등장.,근거 문장에 상대 종목 미등장 — 관계 근거로 불충분
CDNS↔KEYS,COMPETES_WITH,"SEC 10-K: U.S.-based competitors include Keysight Technologies, Inc., Schrödinger, Inc., and CEVA, Inc., while",,True,,auto_candidate,pending,True,True,1.0,True,auto_candidate,pending,False,True,False,,"미국 내 경쟁사로는 Keysight Technologies, Inc. 등이 있으며, 국제 경쟁사로는 Renesas Electronics Corporation에 인수된 Altium Limited와 일본의 Zuken, Inc. 및 중국의 여러 신흥 기업들이 언급됩니다. 또한 일부 경쟁사들은 인수, 파트너십 또는 전략적 제휴를 통해 경쟁력을 강화했습니다.",list|truncated,"U.S.-based competitors include Keysight Technologies, Inc., Schrödinger, Inc., and CEVA, Inc., while international competitors include Altium Limited (acquired by Renesas Electronics Corporation) and Zuken, Inc. (Japan) and emerging players in China such as Huada Empyrean, Xpeedic Technology, X-EPIC, Primarius Technologies, Univista, and Giga Design Automation. Additionally, some competitors have pursued acquisitions, partnerships, or strategic alliances, potentially enhancing their competitive positioning.
In the engineering services business, competitive dynamics differ from those in the product business.",CDNS 10-K FY2025 · Item 7 MD&A,CDNS는 해당 문장에서 경쟁사들을 나열하는 주체로 암시됩니다. KEYS는 CDNS의 미국 기반 경쟁사 중 하나로 등장합니다.,
CDNS↔SNPS,COMPETES_WITH,"SEC 10-K: Key competitors include Synopsys, Inc., Ansys, Inc. (acquired by Synopsys), Siemens EDA, and a varie",전자 설계 자동화 (EDA),True,,auto_candidate,pending,True,True,1.0,True,auto_candidate,pending,False,True,False,전자 설계 자동화 (EDA),"주요 경쟁사로는 Synopsys, Inc. 등이 있으며, 이 외에도 다양한 도구 공급업체, 자체 EDA 역량을 가진 전자 기기 제조업체, 기술 및 계산 소프트웨어 회사, 전자 설계 및 컨설팅 회사, IP 회사들이 언급됩니다. 미국 기반 경쟁사로는 Keysight Technologies, Inc. 등이 있으며, 국제 경쟁사로는 Renesas Electronics Corporation에 인수된 Altium Limited와 Zuken, Inc. 등이 있습니다.",list|m&a|truncated,"Key competitors include Synopsys, Inc., Ansys, Inc. (acquired by Synopsys), Siemens EDA, and a variety of other tool providers, electronics device manufacturers with in-house EDA capabilities, technical and computational software companies, electronics design and consulting firms, and IP companies. U.S.-based competitors include Keysight Technologies, Inc., Schrödinger, Inc., and CEVA, Inc., while international competitors include Altium Limited (acquired by Renesas Electronics Corporation) and Zuken, Inc.",CDNS 10-K FY2025 · Item 7 MD&A,"CDNS는 해당 문장에서 경쟁사들을 나열하는 주체로 암시됩니다. SNPS는 CDNS의 주요 경쟁사 중 하나로 등장하며 Ansys, Inc.를 인수한 회사로 언급됩니다.",업계 M&A 나열 — 두 종목 직접 관계 서술인지 확인
CHTR↔T,COMPETES_WITH,"SEC 10-K: Our mobile service faces competition from national mobile network operators (“MNOs”) including AT&T,",모바일 서비스,True,,auto_candidate,pending,True,True,1.0,True,auto_candidate,pending,False,False,True,기타,"추가적인 스펙트럼 인수는 경쟁 압력을 심화시키며, 이동통신 서비스는 AT&T, Verizon, T-Mobile 등 전국 이동통신망 사업자 및 다양한 지역 사업자와 이동통신 재판매 사업자로부터 경쟁에 직면해 있습니다.",truncated,"Further acquisition of additional spectrum by our competitors as a result of secondary sales or auction of additional spectrum would intensify these competitive pressures.
Mobile Competition
Our mobile service faces competition from national mobile network operators (“MNOs”) including AT&T, Verizon and T-Mobile, as well as a variety of regional operators and mobile virtual network operators. Most carriers offer unlimited data packages to customers and combine free or highly discounted devices based on rate plans selected.",CHTR 10-K FY2025 · Item 1 사업,CHTR은 'Our mobile service'의 'Our'를 통해 이동통신 서비스를 제공하는 회사로 암시됩니다. T는 CHTR의 이동통신 서비스 경쟁사 중 하나인 AT&T의 심볼로 등장합니다.,
CHTR↔TMUS,COMPETES_WITH,"SEC 10-K: In addition, our wireless communications services competitors include numerous smaller and regional ",무선 통신 서비스,True,,pending,pending,False,True,0.8,True,pending,pending,False,False,False,통신·네트워크,"무선 통신 서비스 경쟁사에는 Charter Communications, Inc., Comcast Corporation 등이 포함되며, 이들 중 다수는 무약정, 후불 및 선불 요금제를 제공합니다. 경쟁사들은 또한 음성, 메시징, 데이터 서비스와 같은 유사한 통신 서비스를 대체 기술을 사용하여 제공합니다.",target_absent|truncated,"In addition, our wireless communications services competitors include numerous smaller and regional providers, including Charter Communications, Inc., Comcast Corporation, EchoStar Corporation (“EchoStar”), Cox Communications, Inc., and Altice USA, Inc., many of which offer no-contract, postpaid and prepaid service plans. Competitors also include providers who offer similar communication services, such as voice, messaging and data services, using alternative technologies.",TMUS 10-K FY2025 · Item 7 MD&A,CHTR은 'wireless communications services competitors' 중 하나로 등장합니다. TMUS 미등장.,근거 문장에 상대 종목 미등장 — 관계 근거로 불충분
CI↔GEHC,COMPETES_WITH,"SEC 10-K: However, we continue to monitor developments in the China market, including increased competition fr",,True,,pending,pending,False,True,0.3,True,pending,pending,False,False,False,,"회사는 중국 시장의 동향을 지속적으로 모니터링하며, 현지 기업과의 경쟁 심화와 물량 기반 조달 정책의 확산이 주문과 매출에 영향을 미쳤고 앞으로도 그럴 수 있다고 언급합니다. 또한, 회사는 2025년 12월 31일 기준 러시아와 우크라이나에 각각 2억 1,400만 달러와 1억 6,200만 달러의 자산을 보유하고 있었으며, 이들 두 국가의 고객으로부터 2025년과 2024년에 각각 3억 5,300만 달러와 3억 6,300만 달러의 매출을 기록했습니다.",target_absent|truncated,"However, we continue to monitor developments in the China market, including increased competition from local companies and the prevalence of Volume Based Procurement policies, both of which have impacted our orders and revenues and may continue to do so.
Russia and Ukraine Conflict
We had $214 million and $162 million of assets in, or directly related to, Russia and Ukraine as of December 31, 2025 and December 31, 2024, respectively, none of which are subject to sanctions that impact the carrying value of the assets. We generated revenues of $353 million and $363 million from customers in these two countries for the years ended December 31, 2025 and 2024, respectively.",GEHC 10-K FY2025 · Item 1A 위험,CI는 해당 문장에서 중국 시장의 경쟁 상황을 모니터링하고 러시아와 우크라이나에 자산 및 매출을 보고하는 'we' 또는 'our'로 암시됩니다. GEHC 미등장.,근거 문장에 상대 종목 미등장 — 관계 근거로 불충분
CMCSA↔TMUS,COMPETES_WITH,"SEC 10-K: In addition, our wireless communications services competitors include numerous smaller and regional ",무선 통신 서비스,True,,pending,pending,False,True,0.2,True,pending,pending,False,False,False,통신·네트워크,"무선 통신 서비스 경쟁사에는 Charter Communications, Inc., Comcast Corporation 등이 포함되며, 이들 중 다수는 무약정, 후불 및 선불 요금제를 제공합니다. 경쟁사들은 또한 음성, 메시징, 데이터 서비스와 같은 유사한 통신 서비스를 대체 기술을 사용하여 제공합니다.",target_absent|truncated,"In addition, our wireless communications services competitors include numerous smaller and regional providers, including Charter Communications, Inc., Comcast Corporation, EchoStar Corporation (“EchoStar”), Cox Communications, Inc., and Altice USA, Inc., many of which offer no-contract, postpaid and prepaid service plans. Competitors also include providers who offer similar communication services, such as voice, messaging and data services, using alternative technologies.",TMUS 10-K FY2025 · Item 7 MD&A,CMCSA는 'wireless communications services competitors' 중 하나인 Comcast Corporation의 심볼로 등장합니다. TMUS 미등장.,근거 문장에 상대 종목 미등장 — 관계 근거로 불충분
CME↔ICE,COMPETES_WITH,"SEC 10-K: Our competitors include, among other entities, exchanges such as Intercontinental Exchange, Inc. (IC",금융 거래소,True,,auto_candidate,pending,True,True,1.0,True,auto_candidate,pending,False,True,False,금융·결제·거래소,"회사의 경쟁사에는 Intercontinental Exchange, Inc. (ICE)와 같은 거래소들이 포함되며, 신규 진입자인 FMX Futures Exchange, 디지털 자산 플랫폼 및 신흥 예측 시장으로부터도 경쟁에 직면하고 있습니다.",list|truncated,"Our competitors include, among other entities, exchanges such as Intercontinental Exchange, Inc. (ICE), Cboe Global Markets (Cboe), Euronext N.V., the Hong Kong Exchanges and Clearing Limited (HKEX), and Deutsche Börse AG. We also face competition from new entrants into the marketplace, including newly launched FMX Futures Exchange, as well as digital asset platforms and emerging prediction markets.",CME 10-K FY2025 · Item 1A 위험,"CME는 'Our competitors'의 'Our'를 통해 경쟁 환경을 설명하는 주체로 암시됩니다. ICE는 CME의 경쟁사 중 하나인 Intercontinental Exchange, Inc.의 심볼로 등장합니다.",
CME↔MSCI,COMPETES_WITH,SEC 10-K: Among our Index competitors are S&P Dow Jones Indices LLC (a joint venture of S&P Global Inc. and CM,인덱스 서비스,True,,pending,pending,False,True,0.95,True,pending,pending,False,False,False,금융·결제·거래소,"회사의 인덱스 경쟁사로는 S&P Dow Jones Indices LLC (S&P Global Inc.와 CME Group Inc.의 합작 투자 회사)와 FTSE Russell 등이 있으며, 자산 관리자 및 투자 은행과 같은 업계 참여자들도 자체 인덱스를 생성하여 경쟁을 벌입니다.",target_absent|truncated,"Among our Index competitors are S&P Dow Jones Indices LLC (a joint venture of S&P Global Inc. and CME Group Inc.); FTSE Russell, a subsidiary of the London Stock Exchange Group plc; Nasdaq Inc; Bloomberg Finance L.P. (“Bloomberg”); and Solactive AG.
Competition also exists from industry participants, including asset managers and investment banks, that create their own indexes, often in cooperation with index providers who provide some form of calculation agent service.",MSCI 10-K FY2025 · Item 1 사업,CME는 인덱스 경쟁사를 언급하는 'our'의 주체이자 S&P Dow Jones Indices LLC의 합작 투자 회사인 CME Group Inc.의 심볼로 등장합니다. MSCI 미등장.,근거 문장에 상대 종목 미등장 — 관계 근거로 불충분
COO↔HOLX,COMPETES_WITH,"SEC 10-K: Larger companies such as Johnson & Johnson, Baxter International, Medtronic and Hologic have offerin",,False,COMPETES_WITH,pending,pending,True,True,0.05,True,noise_self_contradiction,pending,True,True,False,,"Johnson & Johnson, Baxter International, Medtronic, Hologic과 같은 대기업들은 회사의 의료 기기 제품과 경쟁하는 제품을 제공합니다. 줄기세포 보관 분야에서는 주로 미국의 ViaCord(Revvity의 사업부) 및 기타 소규모 기업들과 경쟁합니다.",list|truncated,"Larger companies such as Johnson & Johnson, Baxter International, Medtronic and Hologic have offerings that compete with our medical device products. In the stem cell storage field, we compete primarily with ViaCord, a division of Revvity, in the United States, as well as other smaller companies with limited product offerings globally.",COO 10-K FY2025 · Item 1 사업,COO는 'our medical device products'의 'our'를 통해 의료 기기 제품을 제공하는 회사로 암시됩니다. HOLX는 COO의 의료 기기 제품과 경쟁하는 제품을 제공하는 대기업인 Hologic의 심볼로 등장합니다.,
COO↔JNJ,COMPETES_WITH,"SEC 10-K: Larger companies such as Johnson & Johnson, Baxter International, Medtronic and Hologic have offerin",,True,,auto_candidate,pending,True,True,0.9,True,auto_candidate,pending,False,True,False,,"Johnson & Johnson, Baxter International, Medtronic, Hologic과 같은 대기업들은 회사의 의료 기기 제품과 경쟁하는 제품을 제공합니다. 줄기세포 보관 분야에서는 주로 미국의 ViaCord(Revvity의 사업부) 및 기타 소규모 기업들과 경쟁합니다.",list|truncated,"Larger companies such as Johnson & Johnson, Baxter International, Medtronic and Hologic have offerings that compete with our medical device products. In the stem cell storage field, we compete primarily with ViaCord, a division of Revvity, in the United States, as well as other smaller companies with limited product offerings globally.",COO 10-K FY2025 · Item 1 사업,COO는 'our medical device products'의 'our'를 통해 의료 기기 제품을 제공하는 회사로 암시됩니다. JNJ는 COO의 의료 기기 제품과 경쟁하는 제품을 제공하는 대기업인 Johnson & Johnson의 심볼로 등장합니다.,
COO↔MDT,COMPETES_WITH,"SEC 10-K: Larger companies such as Johnson & Johnson, Baxter International, Medtronic and Hologic have offerin",,False,,pending,pending,True,True,0.0,True,pending,pending,False,True,False,,"문장에서 '우리'로 지칭된 회사는 존슨앤드존슨, 벡스터 인터내셔널, 메드트로닉, 홀로직과 같은 대기업의 의료기기 제품과 경쟁하며, 줄기세포 저장 분야에서는 주로 레비티의 자회사인 비아코드 및 다른 소규모 회사들과 경쟁합니다.",list|truncated,"Larger companies such as Johnson & Johnson, Baxter International, Medtronic and Hologic have offerings that compete with our medical device products. In the stem cell storage field, we compete primarily with ViaCord, a division of Revvity, in the United States, as well as other smaller companies with limited product offerings globally.",COO 10-K FY2025 · Item 1 사업,COO: '우리'로 지칭된 회사 (의료기기 및 줄기세포 저장 사업자). MDT: '우리'의 의료기기 제품과 경쟁하는 대기업 중 하나.,
COO↔RVTY,COMPETES_WITH,"SEC 10-K: In the stem cell storage field, we compete primarily with ViaCord, a division of Revvity, in the Uni",줄기세포 보관,True,,auto_candidate,pending,True,True,1.0,True,auto_candidate,pending,False,True,False,줄기세포 보관,"문장에서 '우리'로 지칭된 회사는 줄기세포 저장 분야에서 주로 레비티의 자회사인 비아코드 및 다른 소규모 회사들과 경쟁하며, 파라가드를 통해 바이엘 및 애브비 등 호르몬성 자궁내 장치(IUD) 제조사 및 기타 피임약 제조사들과 경쟁합니다.",list|truncated,"In the stem cell storage field, we compete primarily with ViaCord, a division of Revvity, in the United States, as well as other smaller companies with limited product offerings globally. With Paragard, we compete with manufacturers of hormonal IUDs including Bayer and AbbVie, Long Acting Reversible Contraceptives including Organon, and other forms of birth control.",COO 10-K FY2025 · Item 1 사업,COO: '우리'로 지칭된 회사 (줄기세포 저장 및 파라가드 피임 제품 사업자). RVTY: 비아코드의 모회사로서 '우리'와 경쟁하는 회사 중 하나.,
COR↔MCK,COMPETES_WITH,"SEC 10-K: Certain competitors also offer combinations of distribution, GPO, and provider services capabilities",유통,True,,pending,pending,False,True,0.85,True,pending,pending,False,False,False,기타,"문장에서 언급된 '우리'의 임상 연구 서비스는 계약 연구 기관, 사이트 관리 기관, 학술 의료 센터 및 임상 시험을 지원하는 의료 시스템과 경쟁하며, 처방 기술 솔루션 사업은 다른 바이오 제약 서비스 제공업체, 소프트웨어 및 기술 서비스 회사, 컨설팅 회사, 공유 서비스 공급업체 및 의료 중심 기술 솔루션을 제공하는 인터넷 기반 회사 등 다양한 조직과 경쟁합니다.",target_absent|truncated,"Certain competitors also offer combinations of distribution, GPO, and provider services capabilities, including Cencora, Inc. and Cardinal Health, Inc. In addition, our clinical research offerings compete with contract research organizations, site management organizations, academic medical centers, and health systems that support clinical trials.
Our Prescription Technology Solutions business experiences substantial competition from variety of organizations, including other biopharma services providers, software and technology service firms, consulting firms, shared services vendors, and internet-based companies offering healthcare-focused technology solutions.",MCK 10-K FY2026 · Item 1 사업,COR: 문장에 언급된 특정 경쟁사 중 하나. MCK: MCK 미등장.,근거 문장에 상대 종목 미등장 — 관계 근거로 불충분
COST↔TGT,COMPETES_WITH,"SEC 10-K: Walmart, Target, Kroger, and Amazon are among our significant general merchandise retail competitors",종합 상품 소매,True,,auto_candidate,pending,True,True,1.0,True,auto_candidate,pending,False,True,False,소매·소비재,"문장에서 '우리'로 지칭된 회사는 미국 내 주요 일반 상품 소매 경쟁사로 월마트, 타겟, 크로거, 아마존 등을 들고 있으며, 월마트의 샘스 클럽 및 BJ 도매 클럽과 같은 다른 창고형 클럽과도 경쟁합니다.",list|truncated,"Walmart, Target, Kroger, and Amazon are among our significant general merchandise retail competitors in the U.S. We also compete with other warehouse clubs, including Walmart’s Sam’s Club and BJ’s Wholesale Club in the U.S.",COST 10-K FY2025 · Item 1 사업,COST: 문장에서 '우리'로 지칭된 회사 (주요 일반 상품 소매 및 창고형 클럽 운영자). TGT: '우리'의 주요 일반 상품 소매 경쟁사 중 하나.,
COST↔WMT,COMPETES_WITH,"SEC 10-K: Walmart, Target, Kroger, and Amazon are among our significant general merchandise retail competitors",종합 소매,True,,auto_candidate,pending,True,True,1.0,True,auto_candidate,pending,False,True,False,소매·소비재,"문장에서 '우리'로 지칭된 회사는 미국 내 주요 일반 상품 소매 경쟁사로 월마트, 타겟, 크로거, 아마존 등을 들고 있으며, 월마트의 샘스 클럽 및 BJ 도매 클럽과 같은 다른 창고형 클럽과도 경쟁합니다.",list|truncated,"Walmart, Target, Kroger, and Amazon are among our significant general merchandise retail competitors in the U.S. We also compete with other warehouse clubs, including Walmart’s Sam’s Club and BJ’s Wholesale Club in the U.S.",COST 10-K FY2025 · Item 1 사업,"COST: 문장에서 '우리'로 지칭된 회사 (주요 일반 상품 소매 및 창고형 클럽 운영자). WMT: '우리'의 주요 일반 상품 소매 경쟁사 중 하나이며, WMT의 자회사인 샘스 클럽도 '우리'의 경쟁사 중 하나입니다.",
CRM↔ORCL,COMPETES_WITH,"SEC 10-K: Our enterprise cloud, license and hardware offerings compete directly with certain offerings from so",기업 클라우드,True,,pending,pending,False,True,0.6,True,pending,pending,False,False,False,클라우드·엔터프라이즈SW,"문장에서 '우리'로 지칭된 회사의 엔터프라이즈 클라우드, 라이선스 및 하드웨어 제품은 어도비 시스템즈, 알파벳, 아마존닷컴, 시스코 시스템즈, 인텔, IBM, 마이크로소프트, 세일즈포스, SAP SE 등 세계에서 가장 크고 경쟁력 있는 회사들의 특정 제품과 직접적으로 경쟁합니다.",target_absent|truncated,"Our enterprise cloud, license and hardware offerings compete directly with certain offerings from some of the largest and most competitive companies in the world, including Adobe Systems Incorporated, Alphabet Inc., Amazon.com, Inc., Cisco Systems, Inc., Intel Corporation, International Business Machines Corporation, Microsoft Corporation, Salesforce, Inc. and SAP SE, as well as other companies like Hewlett-Packard Enterprise and Workday, Inc.",ORCL 10-K FY2025 · Item 7 MD&A,"CRM: '우리'의 엔터프라이즈 클라우드, 라이선스 및 하드웨어 제품과 직접적으로 경쟁하는 회사 중 하나. ORCL: ORCL 미등장.",근거 문장에 상대 종목 미등장 — 관계 근거로 불충분
CSCO↔DDOG,COMPETES_WITH,"SEC 10-K: With respect to APM, we compete with companies including Cisco Systems, Inc., New Relic, Inc. and Dy",애플리케이션 성능 모니터링,True,,pending,pending,False,True,1.0,True,pending,pending,False,True,False,기타,"문장에서 '우리'로 지칭된 회사는 APM(애플리케이션 성능 관리) 분야에서 시스코 시스템즈, 뉴 렐릭, 다이나트레이스 소프트웨어 등과 경쟁하며, 로그 관리 분야에서도 시스코 시스템즈와 경쟁합니다.",list|target_absent|truncated,"With respect to APM, we compete with companies including Cisco Systems, Inc., New Relic, Inc. and Dynatrace Software Inc. With respect to log management, we compete with companies including Cisco Systems, Inc.",DDOG 10-K FY2025 · Item 1 사업,CSCO: '우리'의 APM 및 로그 관리 분야 경쟁사 중 하나. DDOG: DDOG 미등장.,근거 문장에 상대 종목 미등장 — 관계 근거로 불충분
CSCO↔ORCL,COMPETES_WITH,"SEC 10-K: Our enterprise cloud, license and hardware offerings compete directly with certain offerings from so",엔터프라이즈 클라우드,True,,pending,pending,False,True,0.8,True,pending,pending,False,False,False,클라우드·엔터프라이즈SW,"문장에서 '우리'로 지칭된 회사의 엔터프라이즈 클라우드, 라이선스 및 하드웨어 제품은 어도비 시스템즈, 알파벳, 아마존닷컴, 시스코 시스템즈, 인텔, IBM, 마이크로소프트, 세일즈포스, SAP SE 등 세계에서 가장 크고 경쟁력 있는 회사들의 특정 제품과 직접적으로 경쟁합니다.",target_absent|truncated,"Our enterprise cloud, license and hardware offerings compete directly with certain offerings from some of the largest and most competitive companies in the world, including Adobe Systems Incorporated, Alphabet Inc., Amazon.com, Inc., Cisco Systems, Inc., Intel Corporation, International Business Machines Corporation, Microsoft Corporation, Salesforce, Inc. and SAP SE, as well as other companies like Hewlett-Packard Enterprise and Workday, Inc.",ORCL 10-K FY2025 · Item 7 MD&A,"CSCO: '우리'의 엔터프라이즈 클라우드, 라이선스 및 하드웨어 제품과 직접적으로 경쟁하는 회사 중 하나. ORCL: ORCL 미등장.",근거 문장에 상대 종목 미등장 — 관계 근거로 불충분
CSX↔NSC,COMPETES_WITH,"SEC 10-K: CSXT’s primary rail competitor is Norfolk Southern Railway, which operates throughout much of the Co",철도,True,,auto_candidate,pending,True,True,1.0,True,auto_candidate,pending,False,False,False,철도,"CSXT의 주요 철도 경쟁사는 노퍽 서던 철도로, 노퍽 서던 철도는 CSXT의 영업 지역 대부분에서 운영됩니다. 2025년에 노퍽 서던 철도는 유니언 퍼시픽 철도와의 합병 계약을 체결하여 미국 유일의 대륙 횡단 철도 네트워크를 형성할 예정이며, 이는 지상교통위원회의 승인을 필요로 합니다.",m&a|truncated,"CSXT’s primary rail competitor is Norfolk Southern Railway, which operates throughout much of the Company’s territory. During 2025, Norfolk Southern Railway entered into an agreement to merge with Union Pacific Railroad to form the nation's only transcontinental rail network, which requires the approval of the Surface Transportation Board.",CSX 10-K FY2025 · Item 1 사업,CSX: CSXT의 모회사 또는 CSXT를 지칭하는 약어. NSC: CSXT의 주요 철도 경쟁사이자 2025년 유니언 퍼시픽 철도와 합병 계약을 체결한 회사.,
CVNA↔TSLA,COMPETES_WITH,"SEC 10-K: For example, rapid changes in technology, including rideshare services and the development of autono",자율주행 기술,False,COMPETES_WITH,pending,pending,False,True,0.1,True,noise_self_contradiction,pending,True,False,False,자율주행 기술,"자율주행 차량 개발을 포함한 기술의 급변은 '우리'로 지칭된 회사의 제품 수요 감소로 이어질 수 있으며, 웨이모와 테슬라가 개발한 자율주행 차량이 그 예시로 언급됩니다.",target_absent|truncated,"For example, rapid changes in technology, including rideshare services and the development of autonomous vehicles, including those developed by Waymo and Tesla, could lead to a decrease in demand for our products. Competitors may also impede our ability to reach consumers or commence operations in certain jurisdictions.",CVNA 10-K FY2025 · Item 7 MD&A,CVNA: CVNA 미등장. TSLA: '우리' 제품 수요 감소를 야기할 수 있는 자율주행 차량을 개발하는 회사 중 하나.,근거 문장에 상대 종목 미등장 — 관계 근거로 불충분
DAY↔WDAY,COMPETES_WITH,"SEC 10-K: These vendors include, without limitation, Anaplan, Inc.; ADP; Coupa Software Inc.; Dayforce, Inc.; ",,False,SUPPLIES_TO,pending,pending,False,True,0.1,True,pending,pending,False,True,False,,"이 문장은 Anaplan, Inc., ADP, Dayforce, Inc. 등을 벤더로 언급하며, 클라우드 및 AI 플랫폼 기업들이 특정 시장에서 애플리케이션을 개발하거나 회사를 인수할 수 있다고 설명합니다. 금융 관리 및 HCM 분야에서 성공적인 솔루션에 필요한 전문성이 신규 진입을 억제할 수 있다고 언급합니다.",list|target_absent|truncated,"These vendors include, without limitation, Anaplan, Inc.; ADP; Coupa Software Inc.; Dayforce, Inc.; Microsoft; NetSuite; ServiceNow, Inc.; and UKG Inc.
In addition, other cloud or AI platform companies that provide services in different target markets or industries may develop applications or acquire companies that operate in our target markets or industries, and some potential customers may elect to develop their own internal applications. However, the domain and industry expertise that is required for a successful solution in the areas of financial management and HCM may inhibit new entrants, who may also be unable to invest the necessary capital to accurately address global requirements and regulations.",WDAY 10-K FY2025 · Item 1 사업,"DAY(Dayforce, Inc.)는 텍스트에 언급된 벤더 중 하나입니다. WDAY 미등장.",근거 문장에 상대 종목 미등장 — 관계 근거로 불충분
DDOG↔MSFT,COMPETES_WITH,"SEC 10-K: With respect to on-premise infrastructure monitoring, we compete with diversified technology compani",온프레미스 인프라 모니터링,True,,pending,pending,False,True,0.8,True,pending,pending,False,False,False,기타,"문장은 온프레미스 인프라 모니터링 분야에서 IBM, Microsoft Corporation, SolarWinds Corporation과 경쟁하며, APM 분야에서는 Cisco Systems, Inc. 및 New Relic, Inc.와 경쟁한다고 언급합니다.",target_absent|truncated,"With respect to on-premise infrastructure monitoring, we compete with diversified technology companies and systems management vendors including IBM, Microsoft Corporation, and SolarWinds Corporation. With respect to APM, we compete with companies including Cisco Systems, Inc., New Relic, Inc.",DDOG 10-K FY2025 · Item 1 사업,DDOG(we)는 온프레미스 인프라 모니터링 및 APM 분야에서 경쟁하는 주체입니다. MSFT(Microsoft Corporation)는 온프레미스 인프라 모니터링 분야의 경쟁사 중 하나입니다.,근거 문장에 상대 종목 미등장 — 관계 근거로 불충분
DDOG↔SNDK,COMPETES_WITH,"SEC 10-K: With respect to on-premise infrastructure monitoring, we compete with diversified technology compani",,False,,pending,pending,False,True,0.0,True,pending,pending,False,False,False,,"문장은 온프레미스 인프라 모니터링 분야에서 IBM, Microsoft Corporation, SolarWinds Corporation과 경쟁하며, APM 분야에서는 Cisco Systems, Inc. 및 New Relic, Inc.와 경쟁한다고 언급합니다.",target_absent|truncated,"With respect to on-premise infrastructure monitoring, we compete with diversified technology companies and systems management vendors including IBM, Microsoft Corporation, and SolarWinds Corporation. With respect to APM, we compete with companies including Cisco Systems, Inc., New Relic, Inc.",DDOG 10-K FY2025 · Item 1 사업,DDOG(we)는 온프레미스 인프라 모니터링 및 APM 분야에서 경쟁하는 주체입니다. SNDK 미등장.,근거 문장에 상대 종목 미등장 — 관계 근거로 불충분
DG↔DLTR,COMPETES_WITH,"SEC 10-K: Our primary direct competitors are Walmart, Family Dollar and Dollar Tree.",소매업,True,,auto_candidate,pending,True,True,1.0,True,auto_candidate,pending,False,False,False,소매·소비재,"이 문장은 회사의 주요 직접 경쟁사로 Walmart, Family Dollar, Dollar Tree를 지목합니다. 이 경쟁사들은 회사가 운영하는 많은 지역에서 매장을 운영하며 광범위한 광고 및 마케팅 활동을 펼친다고 언급합니다.",,"Our primary direct competitors are Walmart, Family Dollar and Dollar Tree. These and other retail companies operate stores in many of the areas where we operate, and many of them engage in extensive advertising and marketing efforts.",DG 10-K FY2025 · Item 1 사업,DG(Our)는 주요 직접 경쟁사를 나열하는 주체입니다. DLTR(Dollar Tree)은 DG의 주요 직접 경쟁사 중 하나입니다.,
DG↔WMT,COMPETES_WITH,"SEC 10-K: Our primary direct competitors are Walmart, Family Dollar and Dollar Tree.",할인 소매,True,,auto_candidate,pending,True,True,1.0,True,auto_candidate,pending,False,False,False,소매·소비재,"이 문장은 회사의 주요 직접 경쟁사로 Walmart, Family Dollar, Dollar Tree를 지목합니다. 이 경쟁사들은 회사가 운영하는 많은 지역에서 매장을 운영하며 광범위한 광고 및 마케팅 활동을 펼친다고 언급합니다.",,"Our primary direct competitors are Walmart, Family Dollar and Dollar Tree. These and other retail companies operate stores in many of the areas where we operate, and many of them engage in extensive advertising and marketing efforts.",DG 10-K FY2025 · Item 1 사업,DG(Our)는 주요 직접 경쟁사를 나열하는 주체입니다. WMT(Walmart)는 DG의 주요 직접 경쟁사 중 하나입니다.,
DIS↔FOXA,COMPETES_WITH,"SEC 10-K: direct-to-consumer streaming services such as ESPN+, YouTube, Peacock, Amazon Prime Video, Netflix, ",스트리밍 서비스,True,,pending,pending,False,True,0.7,True,pending,pending,False,True,False,미디어·스트리밍·검색,"이 문장은 FS1, FS2, Big Ten Network의 전국 및 지역 경쟁사를 나열합니다. 또한 텔레비전 부문이 FOX 방송 네트워크를 통해 프로그램을 제작, 획득, 마케팅 및 배포한다고 설명합니다.",list|target_absent|truncated,"On a national level, the primary competitors to FS1, FS2, and the Big Ten Network are ESPN, ESPN2, TNT, TBS, USA Network, CBS Sports Network and The CW Network; league-owned networks such as NFL Network, NHL Network, NBA TV and MLB Network; collegiate conference-specific networks such as the SEC Network and ACC Network; and direct-to-consumer streaming services such as ESPN+, YouTube, Peacock, Amazon Prime Video, Netflix, Apple TV+, Paramount+, HBO Max and Roku, among others. In regional markets, the Big Ten Network competes with regional sports networks, local broadcast television stations and other sports programming providers and distributors.
6
Television
The Television segment produces, acquires, markets and distributes programming through the FOX broadcast network, the Tubi AVOD service, broadcast television stations and other digital platforms, primarily in the U.S.",FOXA 10-K FY2025 · Item 7 MD&A,"DIS 미등장. FOXA(FOX broadcast network)는 텔레비전 부문이 프로그램을 제작, 획득, 마케팅 및 배포하는 채널로 언급됩니다.",근거 문장에 상대 종목 미등장 — 관계 근거로 불충분
DOV↔IR,COMPETES_WITH,"SEC 10-K: Our primary competitors include Dover, Graco, IDEX Corporation, KNF Neuberger, Netzsch, NOV, Sartori",,True,,pending,pending,False,True,1.0,True,pending,pending,False,True,False,,"이 문장은 회사의 주요 경쟁사로 Dover, Graco, IDEX Corporation 등을 언급합니다. 회사는 우수한 고객 서비스를 미래 성공의 핵심 기둥으로 간주한다고 설명합니다.",list|target_absent|truncated,"Our primary competitors include Dover, Graco, IDEX Corporation, KNF Neuberger, Netzsch, NOV, Sartorius, SPX Flow, Thermo Fisher Scientific, and Watson-Marlow, as well as other regional and local manufacturers.
Customers and Customer Service
We consider superior customer service to be one of our primary pillars of future success and view it as being built upon a foundation of critical application expertise, an industry leading range of compressor, pump, vacuum and blower products, a global manufacturing and sales presence and a long-standing reputation for quality and reliability. Intense customer focus is at the center of our vision of becoming the industry’s first choice for innovative and application-critical flow creation equipment, services and solutions.",IR 10-K FY2025 · Item 1 사업,DOV(Dover)는 'Our primary competitors'에 포함된 회사 중 하나로 언급됩니다. IR 미등장.,근거 문장에 상대 종목 미등장 — 관계 근거로 불충분
DXCM↔MDT,COMPETES_WITH,SEC 10-K: Medtronic plc’s Diabetes Group (which implemented a spinoff of its diabetes business into a separate,당뇨병 관리,False,COMPETES_WITH,pending,pending,True,True,0.1,True,noise_self_contradiction,pending,True,False,False,당뇨병 관리,이 문장은 DXCM(we)이 현재 CGM 시스템 판매에서 Abbott Laboratories 및 Medtronic plc의 당뇨병 그룹 등과 직접 경쟁한다고 언급합니다. Medtronic plc의 당뇨병 사업부는 MiniMed라는 별도 회사로 분사되었습니다.,m&a|truncated,"In selling our current CGM systems, we compete directly with the Diabetes Care division of Abbott Laboratories; Medtronic plc’s Diabetes Group (which implemented a spinoff of its diabetes business into a separate company called MiniMed); Roche Diabetes Care, a division of Roche Diagnostics; privately-held LifeScan, Inc.; Ascensia Diabetes Care; and other smaller market entrants, each of which manufactures and markets products for the single-point finger stick device market. Collectively with us, these companies currently account for the majority of the worldwide sales of self-monitored glucose testing systems.
Several companies are developing or commercializing products for continuous or periodic monitoring of glucose levels in the interstitial fluid under the skin that compete directly with our products.",DXCM 10-K FY2025 · Item 1 사업,"DXCM(we)은 현재 CGM 시스템 판매에서 경쟁하는 주체입니다. MDT(Medtronic plc’s Diabetes Group)는 DXCM의 직접 경쟁사 중 하나이며, 당뇨병 사업부를 별도 회사로 분사했습니다.",
EBAY↔GOOG,COMPETES_WITH,"SEC 10-K: From time to time, Alphabet has made changes to their algorithms and methodologies that have reduced",,False,DEPENDS_ON,pending,pending,True,True,0.0,True,pending,pending,False,False,False,,"이 문장은 Alphabet이 알고리즘을 변경하여 '우리 플랫폼'으로의 트래픽을 감소시켰고, 경쟁 제품이나 서비스를 홍보할 수 있다고 언급합니다. 또한 전자상거래 경쟁사가 검색 엔진 광고를 줄이거나 소비자가 AI 기술로 전환하면 전통적인 검색 엔진의 관련성이 낮아질 수 있다고 설명합니다.",truncated,"From time to time, Alphabet has made changes to their algorithms and methodologies that have reduced the amount of traffic directed to our platforms, and they may continue to do so, including in a way that promotes their competing products or services. If our e-commerce competitors decide to advertise less, or not at all, through traditional search engines, or if consumers increasingly shift towards AI technologies such as AI chatbots and agents for their shopping transactions, traditional search engines may lose relevance.",EBAY 10-K FY2025 · Item 7 MD&A,EBAY(our platforms)는 Alphabet의 알고리즘 변경으로 트래픽 감소가 발생한 대상입니다. GOOG(Alphabet)는 알고리즘 변경을 통해 EBAY 플랫폼으로의 트래픽을 감소시키고 경쟁 제품/서비스를 홍보할 수 있는 주체입니다.,
EFX↔FICO,COMPETES_WITH,"SEC 10-K: For example, Experian, TransUnion and Equifax have developed a credit scoring product to compete dir",신용 점수 산정 제품,True,,pending,pending,False,True,0.9,True,pending,pending,False,True,False,신용 점수 산정 제품,"이 문장은 Experian, TransUnion 및 Equifax가 '우리 제품'과 직접 경쟁하는 신용 점수 제품을 개발하여 활발히 판매하고 있다고 언급합니다. 또한 유통업체 또는 기타 판매 및 마케팅 파트너와의 경쟁이 제품 및 서비스 판매에 상당한 해를 끼칠 수 있다고 설명합니다.",list|target_absent|truncated,"For example, Experian, TransUnion and Equifax have developed a credit scoring product to compete directly with our products and are actively selling that product. Competition from distributors or other sales and marketing partners could significantly harm sales of our products and services.
We will continue to rely upon proprietary technology rights, and if we are unable to protect them, our business could be harmed.
20
Table of Contents
Our success depends, in part, upon our proprietary technology and other intellectual property rights.",FICO 10-K FY2025 · Item 1A 위험,EFX(Equifax)는 '우리 제품'과 직접 경쟁하는 신용 점수 제품을 개발한 회사 중 하나로 언급됩니다. FICO(our products)는 EFX 등의 회사들이 개발한 신용 점수 제품과 직접 경쟁하는 대상입니다.,근거 문장에 상대 종목 미등장 — 관계 근거로 불충분
EXPE↔GOOGL,COMPETES_WITH,"SEC 10-K: In addition to the growth of online travel agencies, we have seen continued interest in the online t",온라인 여행사,False,COMPETES_WITH,pending,pending,False,True,0.2,True,noise_self_contradiction,pending,True,False,False,여행·숙박·크루즈,"온라인 여행 산업에서 구글과 같은 검색 엔진 회사들의 지속적인 관심이 나타나고 있으며, 이는 제품 개선 및 자사 광고와 메타검색 제품을 검색 결과에 우선시하는 것으로 증명됩니다. 카약, 트립어드바이저와 같은 메타검색 경쟁사들은 기존 온라인 여행사들과 차별화된 기능, 가격, 콘텐츠를 제공합니다.",m&a|target_absent|truncated,"In addition to the growth of online travel agencies, we have seen continued interest in the online travel industry from search engine companies such as Google, evidenced by continued product enhancements, and prioritizing its own AdWords and metasearch products such as Google Travel, Google Flights and Hotel Ads, in search results. Competitive entrants such as “metasearch” companies, including Kayak.com (owned by Booking Holdings), trivago (in which Expedia Group owns a majority interest) as well as TripAdvisor, introduced differentiated features, pricing and content compared with the legacy online travel agency companies, as well as various forms of direct or assisted booking tools.",EXPE 10-K FY2025 · Item 7 MD&A,"EXPE는 trivago의 대주주로 언급된 회사이며, GOOGL은 온라인 여행 산업에 관심을 보이는 검색 엔진 회사로 자사 제품을 검색 결과에 우선시하는 주체로 언급됩니다.",근거 문장에 상대 종목 미등장 — 관계 근거로 불충분
FAST↔GPC,COMPETES_WITH,"SEC 10-K: In industrial distribution, our main competitor is Applied Industrial Technologies, Inc., but we als",산업 유통,False,COMPETES_WITH,pending,pending,False,True,0.0,True,noise_self_contradiction,pending,True,True,False,자동차·부품·산업재,"산업 유통 분야에서 주요 경쟁자는 Applied Industrial Technologies, Inc.이며, Fastenal Company 및 W.W. Grainger, Inc.도 경쟁사에 포함됩니다.",list|target_absent|truncated,"In industrial distribution, our main competitor is Applied Industrial Technologies, Inc., but we also compete against Fastenal Company, and W.W. Grainger, Inc, among many other smaller, regional competitors. 
Our competitive advantages are based on broad product availability, quality service, strong brand recognition, and competitive pricing.",GPC 10-K FY2025 · Item 1 사업,FAST는 산업 유통 분야의 경쟁사 중 하나로 언급됩니다. GPC 미등장.,근거 문장에 상대 종목 미등장 — 관계 근거로 불충분
FIS↔JKHY,COMPETES_WITH,SEC 10-K: Our core solutions compete with large vendors that provide information and transaction processing so,정보·거래 처리 솔루션,True,,pending,pending,False,True,0.5,True,pending,pending,False,False,False,기타,"은행 및 신용조합을 위한 제품과 서비스 제공업체들 사이에서 지난 10년 이상 상당한 통합이 있었으며, 이러한 통합은 앞으로도 계속될 것으로 예상됩니다. 핵심 솔루션은 은행과 신용조합에 정보 및 거래 처리 솔루션을 제공하는 대형 벤더들과 경쟁합니다.",m&a|target_absent|truncated,"For more than a decade, there has been significant consolidation among providers of products and services designed for banks and credit unions, and this consolidation is expected to continue in the future.
Our core solutions compete with large vendors that provide information and transaction processing solutions to banks and credit unions, including Fidelity National Information Services, Inc.; Fiserv, Inc.; Corelation, Inc.; and Finastra. Our non-core specialized solutions compete with an array of disparate vendors that provide niche solutions to financial services organizations and corporate entities.
Intellectual Property, Patents, and Trademarks  
Although we believe our success depends upon our technical expertise more than our proprietary rights, our future success and ability to compete depend in part upon our proprietary technology.",JKHY 10-K FY2025 · Item 1 사업,FIS는 정보 및 거래 처리 솔루션을 은행과 신용조합에 제공하는 대형 벤더 중 하나로 언급됩니다. JKHY 미등장.,근거 문장에 상대 종목 미등장 — 관계 근거로 불충분
FISV↔GPN,COMPETES_WITH,"SEC 10-K: Our competitors in this business include, but are not limited to, Fiserv, FIS, Marqeta, Nexi, Worldl",,True,,pending,pending,False,True,1.0,True,pending,pending,False,True,False,,"이 사업 분야의 경쟁사는 Fiserv, FIS, Marqeta, Nexi, Worldline, i2c, Bill.com, AvidExchange, Billtrust, Adyen, Stripe 및 Zeta를 포함합니다.",list|target_absent|truncated,"Our competitors in this business include, but are not limited to, Fiserv, FIS, Marqeta, Nexi, Worldline, i2c, Bill.com, AvidExchange, Billtrust, Adyen, Stripe and Zeta.",GPN 10-K FY2025 · Item 1 사업,FISV는 언급된 사업 분야의 경쟁사 중 하나로 지칭됩니다. GPN은 이 사업을 영위하는 회사(Our)로서 FISV를 경쟁사 중 하나로 언급합니다.,근거 문장에 상대 종목 미등장 — 관계 근거로 불충분
FISV↔JKHY,COMPETES_WITH,SEC 10-K: Our core solutions compete with large vendors that provide information and transaction processing so,정보 및 거래 처리,True,,pending,pending,False,True,1.0,True,pending,pending,False,False,False,기타,"은행 및 신용조합을 위한 제품과 서비스 제공업체들 사이에서 지난 10년 이상 상당한 통합이 있었으며, 이러한 통합은 앞으로도 계속될 것으로 예상됩니다. 핵심 솔루션은 은행과 신용조합에 정보 및 거래 처리 솔루션을 제공하는 대형 벤더들과 경쟁합니다.",m&a|target_absent|truncated,"For more than a decade, there has been significant consolidation among providers of products and services designed for banks and credit unions, and this consolidation is expected to continue in the future.
Our core solutions compete with large vendors that provide information and transaction processing solutions to banks and credit unions, including Fidelity National Information Services, Inc.; Fiserv, Inc.; Corelation, Inc.; and Finastra. Our non-core specialized solutions compete with an array of disparate vendors that provide niche solutions to financial services organizations and corporate entities.
Intellectual Property, Patents, and Trademarks  
Although we believe our success depends upon our technical expertise more than our proprietary rights, our future success and ability to compete depend in part upon our proprietary technology.",JKHY 10-K FY2025 · Item 1 사업,FISV는 정보 및 거래 처리 솔루션을 은행과 신용조합에 제공하는 대형 벤더 중 하나로 언급됩니다. JKHY 미등장.,근거 문장에 상대 종목 미등장 — 관계 근거로 불충분
FOXA↔GOOGL,COMPETES_WITH,"SEC 10-K: direct-to-consumer streaming services such as ESPN+, YouTube, Peacock, Amazon Prime Video, Netflix, ",다이렉트 투 컨슈머 스트리밍 서비스,True,,pending,pending,False,True,0.9,True,pending,pending,False,True,False,미디어·스트리밍·검색,"FS1, FS2, Big Ten Network의 주요 경쟁사는 ESPN, TNT, 다양한 리그 및 대학 컨퍼런스 소유 네트워크, 그리고 YouTube를 포함한 직접 소비자 대상 스트리밍 서비스 등입니다. Television 사업 부문은 FOX 방송 네트워크, Tubi AVOD 서비스 등을 통해 프로그램을 제작, 취득, 마케팅 및 배포합니다.",list|target_absent|truncated,"On a national level, the primary competitors to FS1, FS2, and the Big Ten Network are ESPN, ESPN2, TNT, TBS, USA Network, CBS Sports Network and The CW Network; league-owned networks such as NFL Network, NHL Network, NBA TV and MLB Network; collegiate conference-specific networks such as the SEC Network and ACC Network; and direct-to-consumer streaming services such as ESPN+, YouTube, Peacock, Amazon Prime Video, Netflix, Apple TV+, Paramount+, HBO Max and Roku, among others. In regional markets, the Big Ten Network competes with regional sports networks, local broadcast television stations and other sports programming providers and distributors.
6
Television
The Television segment produces, acquires, markets and distributes programming through the FOX broadcast network, the Tubi AVOD service, broadcast television stations and other digital platforms, primarily in the U.S.",FOXA 10-K FY2025 · Item 7 MD&A,"FOXA는 FS1, FS2, Big Ten Network를 운영하며, 이는 Television 사업 부문의 핵심 자산으로 경쟁사에 대항하는 주체입니다. GOOGL은 YouTube를 통해 FS1, FS2, Big Ten Network의 경쟁사인 직접 소비자 대상 스트리밍 서비스 제공자 중 하나로 언급됩니다.",근거 문장에 상대 종목 미등장 — 관계 근거로 불충분
FOXA↔NFLX,COMPETES_WITH,"SEC 10-K: direct-to-consumer streaming services such as ESPN+, YouTube, Peacock, Amazon Prime Video, Netflix, ",스트리밍 서비스,True,,auto_candidate,pending,True,True,0.8,True,auto_candidate,pending,False,True,False,미디어·스트리밍·검색,"FS1, FS2, Big Ten Network의 주요 경쟁사는 ESPN, TNT, 다양한 리그 및 대학 컨퍼런스 소유 네트워크, 그리고 넷플릭스를 포함한 직접 소비자 대상 스트리밍 서비스 등입니다. Television 사업 부문은 FOX 방송 네트워크, Tubi AVOD 서비스 등을 통해 프로그램을 제작, 취득, 마케팅 및 배포합니다.",list|truncated,"On a national level, the primary competitors to FS1, FS2, and the Big Ten Network are ESPN, ESPN2, TNT, TBS, USA Network, CBS Sports Network and The CW Network; league-owned networks such as NFL Network, NHL Network, NBA TV and MLB Network; collegiate conference-specific networks such as the SEC Network and ACC Network; and direct-to-consumer streaming services such as ESPN+, YouTube, Peacock, Amazon Prime Video, Netflix, Apple TV+, Paramount+, HBO Max and Roku, among others. In regional markets, the Big Ten Network competes with regional sports networks, local broadcast television stations and other sports programming providers and distributors.
6
Television
The Television segment produces, acquires, markets and distributes programming through the FOX broadcast network, the Tubi AVOD service, broadcast television stations and other digital platforms, primarily in the U.S.",FOXA 10-K FY2025 · Item 7 MD&A,"FOXA는 FS1, FS2, Big Ten Network를 운영하며, 이는 Television 사업 부문의 핵심 자산으로 경쟁사에 대항하는 주체입니다. NFLX는 FS1, FS2, Big Ten Network의 경쟁사인 직접 소비자 대상 스트리밍 서비스 제공자 중 하나로 언급됩니다.",
GOOG↔ORCL,COMPETES_WITH,"SEC 10-K: Our enterprise cloud, license and hardware offerings compete directly with certain offerings from so",엔터프라이즈 클라우드,True,,pending,pending,False,True,0.6,True,pending,pending,False,False,False,클라우드·엔터프라이즈SW,"당사의 엔터프라이즈 클라우드, 라이선스 및 하드웨어 제공 서비스는 어도비, 알파벳, 아마존 등 세계에서 가장 크고 경쟁력 있는 일부 회사들의 특정 서비스와 직접 경쟁합니다.",target_absent|truncated,"Our enterprise cloud, license and hardware offerings compete directly with certain offerings from some of the largest and most competitive companies in the world, including Adobe Systems Incorporated, Alphabet Inc., Amazon.com, Inc., Cisco Systems, Inc., Intel Corporation, International Business Machines Corporation, Microsoft Corporation, Salesforce, Inc. and SAP SE, as well as other companies like Hewlett-Packard Enterprise and Workday, Inc.",ORCL 10-K FY2025 · Item 7 MD&A,"GOOG은 Alphabet Inc.으로, 당사의 엔터프라이즈 클라우드, 라이선스 및 하드웨어 제공 서비스와 직접 경쟁하는 회사 중 하나로 언급됩니다. ORCL은 'Our'로 등장하며, GOOG을 포함한 다른 회사들과 직접 경쟁하는 엔터프라이즈 클라우드, 라이선스 및 하드웨어 제공 서비스를 제공합니다.",근거 문장에 상대 종목 미등장 — 관계 근거로 불충분
GOOGL↔ORCL,COMPETES_WITH,"SEC 10-K: Our enterprise cloud, software and hardware offerings compete directly with certain offerings from s",클라우드 서비스,True,,pending,pending,False,True,0.9,True,pending,pending,False,False,False,클라우드·엔터프라이즈SW,"당사의 엔터프라이즈 클라우드, 소프트웨어 및 하드웨어 제공 서비스는 어도비, 알파벳, 아마존 등 세계에서 가장 크고 경쟁력 있는 일부 회사들의 특정 서비스와 직접 경쟁합니다.",target_absent|truncated,"Our enterprise cloud, software and hardware offerings compete directly with certain offerings from some of the largest and most competitive companies in the world, including Adobe Systems Incorporated, Alphabet Inc., Amazon.com, Inc., Cisco Systems, Inc., Intel Corporation, International Business Machines Corporation, Microsoft Corporation, Salesforce, Inc. and SAP SE, as well as other companies like Hewlett-Packard Enterprise and Workday, Inc.",ORCL 10-K FY2026 · Item 7 MD&A,"GOOGL은 Alphabet Inc.으로, 당사의 엔터프라이즈 클라우드, 소프트웨어 및 하드웨어 제공 서비스와 직접 경쟁하는 회사 중 하나로 언급됩니다. ORCL은 'Our'로 등장하며, GOOGL을 포함한 다른 회사들과 직접 경쟁하는 엔터프라이즈 클라우드, 소프트웨어 및 하드웨어 제공 서비스를 제공합니다.",근거 문장에 상대 종목 미등장 — 관계 근거로 불충분
GOOGL↔SYF,COMPETES_WITH,"SEC 10-K: In addition, some larger technology focused companies, e.g., Apple and Google, and larger retailers ",,False,COMPETES_WITH,pending,pending,False,True,0.0,True,noise_self_contradiction,pending,True,False,False,,애플과 구글 같은 일부 대형 기술 기업들과 대형 소매업체들은 때때로 당사의 경쟁사들과 협력하여 금융 상품을 제공합니다.,m&a|target_absent|truncated,"In addition, some larger technology focused companies, e.g., Apple and Google, and larger retailers offer financial products sometimes in collaboration with our competitors. Further, current and potential competitors may benefit from changes in the political and regulatory environment that reduce oversight and compliance obligations, as well as make it easier to obtain authorization to provide banking services and undertake significant transactions such as mergers and acquisitions.",SYF 10-K FY2025 · Item 7 MD&A,"GOOGL은 대형 기술 중심 기업 중 하나로, 때때로 당사의 경쟁사와 협력하여 금융 상품을 제공하는 주체로 언급됩니다. SYF는 'Our competitors'로 언급되며, GOOGL이 협력하여 금융 상품을 제공하는 대상 중 하나입니다.",근거 문장에 상대 종목 미등장 — 관계 근거로 불충분
GOOGL↔TTD,COMPETES_WITH,"SEC 10-K: We compete with other demand-side platform providers, some of which are smaller, privately held comp",수요측 플랫폼,True,,pending,pending,False,True,0.95,True,pending,pending,False,False,False,수요측 플랫폼,"회사는 수요 측 플랫폼 제공업체들과 경쟁하며, 이들 중 일부는 소규모 비상장 기업이거나 구글, 아마존과 같은 대기업의 사업부이다. 회사는 주로 플랫폼의 성능, 기능, 투명성 및 구매 측 초점을 기반으로 경쟁한다고 믿는다.",target_absent|truncated,"We compete with other demand-side platform providers, some of which are smaller, privately held companies and others are divisions of large, well-established companies such as Google and Amazon. We believe that we compete primarily based on the performance, capabilities and transparency of our platform as well as our focus on the buy side.",TTD 10-K FY2025 · Item 1 사업,TTD는 수요 측 플랫폼 제공업체로서 GOOGL과 경쟁한다고 언급된다. GOOGL은 TTD의 경쟁사 중 하나인 대기업 구글로 언급된다.,근거 문장에 상대 종목 미등장 — 관계 근거로 불충분
GPC↔GWW,COMPETES_WITH,"SEC 10-K: In industrial distribution, our main competitor is Applied Industrial Technologies, Inc., but we als",,False,COMPETES_WITH,pending,pending,False,True,0.0,True,noise_self_contradiction,pending,True,True,False,,"산업 유통 분야에서 GPC의 주요 경쟁사는 Applied Industrial Technologies, Inc.이며, Fastenal Company 및 W.W. Grainger, Inc. 등과도 경쟁한다. GPC의 경쟁 우위는 광범위한 제품 가용성, 고품질 서비스, 강력한 브랜드 인지도 및 경쟁력 있는 가격을 기반으로 한다.",list|target_absent|truncated,"In industrial distribution, our main competitor is Applied Industrial Technologies, Inc., but we also compete against Fastenal Company, and W.W. Grainger, Inc, among many other smaller, regional competitors. 
Our competitive advantages are based on broad product availability, quality service, strong brand recognition, and competitive pricing.",GPC 10-K FY2025 · Item 1 사업,"GPC는 산업 유통 분야에서 GWW와 경쟁한다고 언급된다. GWW는 GPC의 경쟁사 중 하나인 W.W. Grainger, Inc.로 언급된다.",근거 문장에 상대 종목 미등장 — 관계 근거로 불충분
GPC↔LKQ,COMPETES_WITH,"SEC 10-K: Key competitors in North America include AutoZone, Inc., O'Reilly Auto Parts, Inc., Advance Auto Par",자동차 부품 유통,False,COMPETES_WITH,pending,pending,False,True,0.2,True,noise_self_contradiction,pending,True,True,False,자동차·부품·산업재,"GPC의 북미 지역 주요 경쟁사는 AutoZone, Inc., O'Reilly Auto Parts, Inc., Advance Auto Parts, Inc. 및 LKQ Corporation 등이다. 국제적으로는 유럽에 강력한 입지를 가진 LKQ Corporation과 호주 및 뉴질랜드의 Bapcor 등이 경쟁사로 포함된다.",list|target_absent|truncated,"Key competitors in North America include AutoZone, Inc., O'Reilly Auto Parts, Inc., Advance Auto Parts, Inc., and LKQ Corporation, among others. Internationally, competitors include LKQ Corporation, which has a strong presence in Europe, and Bapcor in Australasia, among many others.",GPC 10-K FY2025 · Item 1 사업,GPC는 북미 및 국제 시장에서 LKQ Corporation과 경쟁한다고 언급된다. LKQ는 GPC의 북미 및 국제 경쟁사 중 하나인 LKQ Corporation으로 언급된다.,근거 문장에 상대 종목 미등장 — 관계 근거로 불충분
GPN↔TPR,COMPETES_WITH,"SEC 10-K: In the United States, we compete with a large number of providers, including but not limited to Fise",,False,,pending,pending,False,True,0.0,True,pending,pending,False,False,False,,"미국에서 GPN은 Fiserv, Chase Paymentech Solutions, LLC, Elavon, Inc., Bank of America Merchant Services, Wells Fargo Merchant Services, Toast, Inc., Stripe, Shopify Inc., Block Inc.를 포함한 다수의 제공업체와 경쟁한다.",target_absent|truncated,"In the United States, we compete with a large number of providers, including but not limited to Fiserv, Inc. (""Fiserv""), Chase Paymentech Solutions, LLC, Elavon, Inc., a subsidiary of U.S. Bancorp, Bank of America Merchant Services, Wells Fargo Merchant Services, Toast, Inc., Stripe, Inc. (""Stripe""), Shopify Inc. and Block Inc.",GPN 10-K FY2025 · Item 1 사업,GPN은 미국에서 다양한 제공업체와 경쟁한다고 언급된다. TPR 미등장.,근거 문장에 상대 종목 미등장 — 관계 근거로 불충분
GPN↔XYZ,COMPETES_WITH,"SEC 10-K: In the United States, we compete with a large number of providers, including but not limited to Fise",,False,,pending,pending,False,True,0.0,True,pending,pending,False,False,False,,"미국에서 GPN은 Fiserv, Chase Paymentech Solutions, LLC, Elavon, Inc., Bank of America Merchant Services, Wells Fargo Merchant Services, Toast, Inc., Stripe, Shopify Inc., Block Inc.를 포함한 다수의 제공업체와 경쟁한다.",target_absent|truncated,"In the United States, we compete with a large number of providers, including but not limited to Fiserv, Inc. (""Fiserv""), Chase Paymentech Solutions, LLC, Elavon, Inc., a subsidiary of U.S. Bancorp, Bank of America Merchant Services, Wells Fargo Merchant Services, Toast, Inc., Stripe, Inc. (""Stripe""), Shopify Inc. and Block Inc.",GPN 10-K FY2025 · Item 1 사업,GPN은 미국에서 다양한 제공업체와 경쟁한다고 언급된다. XYZ 미등장.,근거 문장에 상대 종목 미등장 — 관계 근거로 불충분
HON↔JCI,COMPETES_WITH,"SEC 10-K: Larger competitors include Honeywell International, Inc.; Siemens Smart Infrastructure, an operating",,True,,auto_candidate,pending,True,True,1.0,True,auto_candidate,pending,False,True,False,,"JCI의 대형 경쟁사로는 Honeywell International, Inc., Siemens Smart Infrastructure, Schneider Electric SA, Carrier Global Corporation, Trane Technologies plc, Vertiv Holdings Co., API Group 및 Daikin Industries, Ltd. 등이 있다. JCI는 또한 고도로 세분화된 빌딩 서비스 시장에서 경쟁한다.",list|truncated,"Larger competitors include Honeywell International, Inc.; Siemens Smart Infrastructure, an operating group of Siemens AG; Schneider Electric SA; Carrier Global Corporation; Trane Technologies plc; Vertiv Holdings Co., API Group and Daikin Industries, Ltd. In addition, the Company competes in a highly fragmented building services market.",JCI 10-K FY2025 · Item 1 사업,"JCI는 HON을 포함한 대형 경쟁사들과 경쟁한다고 언급된다. HON은 JCI의 대형 경쟁사 중 하나인 Honeywell International, Inc.로 언급된다.",
HPE↔ORCL,COMPETES_WITH,"SEC 10-K: Our enterprise cloud, license and hardware offerings compete directly with certain offerings from so",엔터프라이즈 클라우드,True,,pending,pending,False,True,0.8,True,pending,pending,False,False,False,클라우드·엔터프라이즈SW,"Oracle의 엔터프라이즈 클라우드, 라이선스 및 하드웨어 제품은 어도비 시스템즈, 알파벳, 아마존닷컴, 시스코 시스템즈, 인텔, IBM, 마이크로소프트, 세일즈포스, SAP SE, 그리고 휴렛팩커드 엔터프라이즈 및 워크데이와 같은 기업의 특정 제품들과 직접적으로 경쟁한다.",target_absent|truncated,"Our enterprise cloud, license and hardware offerings compete directly with certain offerings from some of the largest and most competitive companies in the world, including Adobe Systems Incorporated, Alphabet Inc., Amazon.com, Inc., Cisco Systems, Inc., Intel Corporation, International Business Machines Corporation, Microsoft Corporation, Salesforce, Inc. and SAP SE, as well as other companies like Hewlett-Packard Enterprise and Workday, Inc.",ORCL 10-K FY2025 · Item 7 MD&A,HPE는 ORCL의 경쟁사 중 하나인 Hewlett-Packard Enterprise로 언급된다. ORCL은 자사의 제품이 Hewlett-Packard Enterprise를 포함한 여러 회사와 경쟁한다고 언급한다.,근거 문장에 상대 종목 미등장 — 관계 근거로 불충분
HPQ↔MSFT,COMPETES_WITH,"SEC 10-K: Our primary competitors are Acer Inc., Apple Inc., ASUSTeK Computer Inc., Dell Inc., Huawei Technolo",,False,PARTNER_WITH,pending,pending,False,True,0.0,True,pending,pending,False,True,False,,"HPQ의 주요 경쟁사는 Acer Inc., Apple Inc., ASUSTeK Computer Inc., Dell Inc., Huawei Technologies Co., Ltd., Lenovo Group Limited, Logitech International S.A., Microsoft Corporation, Samsung Electronics Co., Ltd., 및 Toshiba Corporation이다. 특정 지역에서는 현지 기업 및 일반 브랜드 또는 “화이트 박스” 제조업체와도 경쟁한다.",list|target_absent|truncated,"Our primary competitors are Acer Inc., Apple Inc., ASUSTeK Computer Inc., Dell Inc., Huawei Technologies Co., Ltd., Lenovo Group Limited, Logitech International S.A., Microsoft Corporation, Samsung Electronics Co., Ltd., and Toshiba Corporation. In certain geographies, we also experience competition from local companies and from generically-branded or “white box” manufacturers.",HPQ 10-K FY2025 · Item 1 사업,HPQ는 MSFT를 포함한 주요 경쟁사들과 경쟁한다고 언급된다. MSFT는 HPQ의 주요 경쟁사 중 하나인 Microsoft Corporation으로 언급된다.,근거 문장에 상대 종목 미등장 — 관계 근거로 불충분
IBM↔ORCL,COMPETES_WITH,"SEC 10-K: Our enterprise cloud, license and hardware offerings compete directly with certain offerings from so",엔터프라이즈 클라우드,True,,pending,pending,False,True,0.9,True,pending,pending,False,False,False,클라우드·엔터프라이즈SW,"Oracle의 엔터프라이즈 클라우드, 라이선스 및 하드웨어 제품은 어도비 시스템즈, 알파벳, 아마존닷컴, 시스코 시스템즈, 인텔, IBM, 마이크로소프트, 세일즈포스, SAP SE, 그리고 휴렛팩커드 엔터프라이즈 및 워크데이와 같은 기업의 특정 제품들과 직접적으로 경쟁한다.",target_absent|truncated,"Our enterprise cloud, license and hardware offerings compete directly with certain offerings from some of the largest and most competitive companies in the world, including Adobe Systems Incorporated, Alphabet Inc., Amazon.com, Inc., Cisco Systems, Inc., Intel Corporation, International Business Machines Corporation, Microsoft Corporation, Salesforce, Inc. and SAP SE, as well as other companies like Hewlett-Packard Enterprise and Workday, Inc.",ORCL 10-K FY2025 · Item 7 MD&A,IBM은 ORCL의 경쟁사 중 하나인 International Business Machines Corporation으로 언급된다. ORCL은 자사의 제품이 International Business Machines Corporation을 포함한 여러 회사와 경쟁한다고 언급한다.,근거 문장에 상대 종목 미등장 — 관계 근거로 불충분
IEX↔IR,COMPETES_WITH,"SEC 10-K: Our primary competitors include Dover, Graco, IDEX Corporation, KNF Neuberger, Netzsch, NOV, Sartori",,True,,pending,pending,False,True,1.0,True,pending,pending,False,True,False,,"문장의 주체('우리')의 주요 경쟁사로는 Dover, Graco, IDEX Corporation, KNF Neuberger, Netzsch, NOV, Sartorius, SPX Flow, Thermo Fisher Scientific, Watson-Marlow 및 기타 지역/현지 제조업체들이 있다. 문장의 주체('우리')는 뛰어난 고객 서비스를 미래 성공의 주요 기둥으로 간주하며, 이는 핵심 애플리케이션 전문성, 업계 선도적인 압축기, 펌프, 진공 및 송풍기 제품 범위, 글로벌 제조 및 판매망, 그리고 품질과 신뢰성에 대한 오랜 명성을 기반으로 한다.",list|target_absent|truncated,"Our primary competitors include Dover, Graco, IDEX Corporation, KNF Neuberger, Netzsch, NOV, Sartorius, SPX Flow, Thermo Fisher Scientific, and Watson-Marlow, as well as other regional and local manufacturers.
Customers and Customer Service
We consider superior customer service to be one of our primary pillars of future success and view it as being built upon a foundation of critical application expertise, an industry leading range of compressor, pump, vacuum and blower products, a global manufacturing and sales presence and a long-standing reputation for quality and reliability. Intense customer focus is at the center of our vision of becoming the industry’s first choice for innovative and application-critical flow creation equipment, services and solutions.",IR 10-K FY2025 · Item 1 사업,IEX는 문장의 주체('우리')의 주요 경쟁사 중 하나인 IDEX Corporation으로 언급된다. IR 미등장.,근거 문장에 상대 종목 미등장 — 관계 근거로 불충분
INCY↔ORCL,COMPETES_WITH,"SEC 10-K: For example, following our acquisition of Cerner Corporation, we also face competition from large he",,False,,pending,pending,True,True,0.0,True,pending,pending,False,False,False,,"이 문장은 Cerner Corporation 인수 후 회사가 직면한 경쟁 상황을 설명하며, 대형 헬스케어 IT 공급업체들과의 경쟁과 전략적 조치들이 더 큰 경쟁을 유발할 수 있음을 언급한다. 또한, 현재 및 미래 경쟁 시장에서의 주요 경쟁 요인들을 나열한다.",m&a|truncated,"For example, following our acquisition of Cerner Corporation, we also face competition from large healthcare IT providers such as Allscripts Healthcare Solutions, Inc., Arcadia Solutions, athenahealth, Inc., Epic Systems Corporation and InterSystems Corporation, among others. Moreover, we or our competitors may take certain strategic actions—including acquisitions, partnerships and joint ventures or repositioning of product lines—which invite even greater competition in one or more product offering categories.
 

11

Table of Contents

 
 

Key competitive factors in each of the segments in which we currently compete and may compete in the future include: total cost of ownership, performance, scalability, reliability, security, functionality, efficiency, ease of use, speed to production and quality of technical support.",ORCL 10-K FY2026 · Item 7 MD&A,INCY 미등장. ORCL 미등장.,
INTC↔ORCL,COMPETES_WITH,"SEC 10-K: Our enterprise cloud, license and hardware offerings compete directly with certain offerings from so",엔터프라이즈 클라우드,True,,pending,pending,False,True,0.9,True,pending,pending,False,False,False,클라우드·엔터프라이즈SW,"이 문장은 회사의 엔터프라이즈 클라우드, 라이선스 및 하드웨어 제품이 Adobe, Alphabet, Amazon, Cisco, Intel, IBM, Microsoft, Salesforce, SAP, Hewlett-Packard Enterprise, Workday 등 전 세계의 주요 경쟁사들과 직접적으로 경쟁하고 있음을 설명한다.",target_absent|truncated,"Our enterprise cloud, license and hardware offerings compete directly with certain offerings from some of the largest and most competitive companies in the world, including Adobe Systems Incorporated, Alphabet Inc., Amazon.com, Inc., Cisco Systems, Inc., Intel Corporation, International Business Machines Corporation, Microsoft Corporation, Salesforce, Inc. and SAP SE, as well as other companies like Hewlett-Packard Enterprise and Workday, Inc.",ORCL 10-K FY2025 · Item 7 MD&A,"INTC는 회사의 엔터프라이즈 클라우드, 라이선스 및 하드웨어 제품과 경쟁하는 회사 중 하나로 언급된다. ORCL은 해당 제품을 제공하며 경쟁에 직면한 '우리' (Our) 회사이다.",근거 문장에 상대 종목 미등장 — 관계 근거로 불충분
IR↔TMO,COMPETES_WITH,"SEC 10-K: Our primary competitors include Dover, Graco, IDEX Corporation, KNF Neuberger, Netzsch, NOV, Sartori",,False,COMPETES_WITH,pending,pending,False,True,0.0,True,noise_self_contradiction,pending,True,True,False,,"이 문장은 회사의 주요 경쟁사로 Dover, Graco, IDEX, KNF Neuberger, Netzsch, NOV, Sartorius, SPX Flow, Thermo Fisher Scientific, Watson-Marlow 등을 명시하며, 지역 및 현지 제조업체들도 경쟁사에 포함됨을 밝힌다. 또한 회사는 우수한 고객 서비스를 미래 성공의 핵심 기둥으로 간주하고 있다고 설명한다.",list|target_absent|truncated,"Our primary competitors include Dover, Graco, IDEX Corporation, KNF Neuberger, Netzsch, NOV, Sartorius, SPX Flow, Thermo Fisher Scientific, and Watson-Marlow, as well as other regional and local manufacturers.
Customers and Customer Service
We consider superior customer service to be one of our primary pillars of future success and view it as being built upon a foundation of critical application expertise, an industry leading range of compressor, pump, vacuum and blower products, a global manufacturing and sales presence and a long-standing reputation for quality and reliability. Intense customer focus is at the center of our vision of becoming the industry’s first choice for innovative and application-critical flow creation equipment, services and solutions.",IR 10-K FY2025 · Item 1 사업,"IR은 '우리' (Our) 회사로 언급되며, Thermo Fisher Scientific을 포함한 주요 경쟁사들을 열거한다. TMO는 IR의 주요 경쟁사 중 하나로 언급된다.",근거 문장에 상대 종목 미등장 — 관계 근거로 불충분
ISRG↔JNJ,COMPETES_WITH,"SEC 10-K: Companies that have introduced products in the field of robotic-assisted medical procedures, or have",수술용 로봇,True,,pending,pending,False,True,0.9,True,pending,pending,False,False,False,수술용 로봇,"이 문장은 로봇 보조 의료 시술 분야에 제품을 출시했거나 진출 노력을 표명한 회사들의 목록을 제시하며, 여기에는 Johnson & Johnson 등 다수의 기업이 포함되어 있다고 밝힌다.",target_absent|truncated,"Companies that have introduced products in the field of robotic-assisted medical procedures, or have made explicit statements about their efforts to enter the field, include, but are not limited to, the following: Beijing Surgerii Robotics Company Limited; CMR Surgical Ltd.; Distalmotion SA; Harbin Sizhe Rui Intelligent Medical Equipment Co., Ltd.; Johnson & Johnson; Karl Storz SE & Co. KG; Medicaroid Corporation; Medtronic plc; meerecompany Inc.; Noah Medical Corporation; Shandong Weigao Group Medical Polymer Company Ltd.; Shanghai Microport Medbot (Group) Co., Ltd.; Shenzhen Edge Medical Co., Ltd.; and SS Innovations International, Inc.",ISRG 10-K FY2025 · Item 1 사업,ISRG 미등장. JNJ는 로봇 보조 의료 시술 분야에 제품을 출시했거나 진출 노력을 표명한 회사 중 하나로 언급된다.,근거 문장에 상대 종목 미등장 — 관계 근거로 불충분
ISRG↔MDT,COMPETES_WITH,"SEC 10-K: Companies that have introduced products in the field of robotic-assisted medical procedures, or have",로봇 보조 수술,True,,pending,pending,False,True,0.7,True,pending,pending,False,False,False,로봇 보조 수술,"이 문장은 로봇 보조 의료 시술 분야에 제품을 출시했거나 진출 노력을 표명한 회사들의 목록을 제시하며, 여기에는 Medtronic plc 등 다수의 기업이 포함되어 있다고 밝힌다.",target_absent|truncated,"Companies that have introduced products in the field of robotic-assisted medical procedures, or have made explicit statements about their efforts to enter the field, include, but are not limited to, the following: Beijing Surgerii Robotics Company Limited; CMR Surgical Ltd.; Distalmotion SA; Harbin Sizhe Rui Intelligent Medical Equipment Co., Ltd.; Johnson & Johnson; Karl Storz SE & Co. KG; Medicaroid Corporation; Medtronic plc; meerecompany Inc.; Noah Medical Corporation; Shandong Weigao Group Medical Polymer Company Ltd.; Shanghai Microport Medbot (Group) Co., Ltd.; Shenzhen Edge Medical Co., Ltd.; and SS Innovations International, Inc.",ISRG 10-K FY2025 · Item 1 사업,ISRG 미등장. MDT는 로봇 보조 의료 시술 분야에 제품을 출시했거나 진출 노력을 표명한 회사 중 하나로 언급된다.,근거 문장에 상대 종목 미등장 — 관계 근거로 불충분
JCI↔TT,COMPETES_WITH,"SEC 10-K: Larger competitors include Honeywell International, Inc.; Siemens Smart Infrastructure, an operating",,False,,pending,pending,False,True,0.0,True,pending,pending,False,True,False,,"이 문장은 회사의 주요 경쟁사로 Honeywell, Siemens Smart Infrastructure, Schneider Electric, Carrier Global, Trane Technologies, Vertiv, API Group, Daikin Industries 등을 언급하며, 회사가 매우 분산된 빌딩 서비스 시장에서 경쟁하고 있다고 설명한다.",list|target_absent|truncated,"Larger competitors include Honeywell International, Inc.; Siemens Smart Infrastructure, an operating group of Siemens AG; Schneider Electric SA; Carrier Global Corporation; Trane Technologies plc; Vertiv Holdings Co., API Group and Daikin Industries, Ltd. In addition, the Company competes in a highly fragmented building services market.",JCI 10-K FY2025 · Item 1 사업,"JCI는 '회사' (The Company)로 언급되며, 여러 경쟁사들 속에서 경쟁하는 주체이다. TT는 JCI의 주요 경쟁사 중 하나로 언급된다.",근거 문장에 상대 종목 미등장 — 관계 근거로 불충분
JCI↔VRT,COMPETES_WITH,"SEC 10-K: Larger competitors include Honeywell International, Inc.; Siemens Smart Infrastructure, an operating",,False,COMPETES_WITH,pending,pending,False,True,0.0,True,noise_self_contradiction,pending,True,True,False,,"이 문장은 회사의 주요 경쟁사로 Honeywell, Siemens Smart Infrastructure, Schneider Electric, Carrier Global, Trane Technologies, Vertiv, API Group, Daikin Industries 등을 언급하며, 회사가 매우 분산된 빌딩 서비스 시장에서 경쟁하고 있다고 설명한다.",list|target_absent|truncated,"Larger competitors include Honeywell International, Inc.; Siemens Smart Infrastructure, an operating group of Siemens AG; Schneider Electric SA; Carrier Global Corporation; Trane Technologies plc; Vertiv Holdings Co., API Group and Daikin Industries, Ltd. In addition, the Company competes in a highly fragmented building services market.",JCI 10-K FY2025 · Item 1 사업,"JCI는 '회사' (The Company)로 언급되며, 여러 경쟁사들 속에서 경쟁하는 주체이다. VRT는 JCI의 주요 경쟁사 중 하나로 언급된다.",근거 문장에 상대 종목 미등장 — 관계 근거로 불충분
JPM↔SYF,COMPETES_WITH,"SEC 10-K: Our primary competitors for partners include major financial institutions, such as American Express,",금융 서비스,True,,pending,pending,True,True,0.3,True,pending,pending,False,False,False,금융·결제·거래소,"이 문장은 파트너 확보를 위한 회사의 주요 경쟁사로 American Express, Bread Financial, Capital One/Discover, JPMorgan Chase, Citibank, TD Bank, Wells Fargo와 같은 주요 금융 기관들을 지목한다. 또한 핀테크 회사, POS 대출 전문 회사 및 잠재적 파트너의 자체 금융 역량도 경쟁사로 언급되며, 일부 경쟁사는 회사보다 훨씬 규모가 크다고 설명한다.",truncated,"Our primary competitors for partners include major financial institutions, such as American Express, Bread Financial, Capital One/Discover, JPMorgan Chase, Citibank, TD Bank and Wells Fargo, as well as, financial technology companies, point-of-sale lending focused companies, and potential partners’ own in-house financing capabilities. Some of our competitors are substantially larger than we are, which may give those competitors advantages, including a more diversified product and customer base, the ability to reach out to more customers and potential customers, operational efficiencies, more versatile technology platforms, broad-based local distribution capabilities and lower-cost funding.",SYF 10-K FY2025 · Item 7 MD&A,"JPM은 '우리' (Our) 회사의 파트너 확보 경쟁사 중 하나인 주요 금융 기관으로 언급된다. SYF는 '우리' (Our) 회사로 언급되며, JPM을 포함한 여러 경쟁사들과 파트너 확보를 위해 경쟁한다.",
KO↔PEP,COMPETES_WITH,"SEC 10-K: In many countries in which our products are sold, including the United States, The Coca-Cola Company",음료 시장,True,,pending,pending,False,True,0.9,True,pending,pending,False,True,False,음료 시장,"이 문장은 미국을 포함한 여러 국가에서 The Coca-Cola Company가 회사의 주요 음료 경쟁사임을 밝힌다. 그 외 음료 및 간편식 경쟁사로는 Campbell’s, Conagra, Hormel Foods, Keurig Dr Pepper, Kraft Heinz, Link Snacks, Mars, Mondelēz, Monster Beverage, Nestlé, Primo Brands, Red Bull, Utz Brands 등이 언급된다.",list|target_absent|truncated,"In many countries in which our products are sold, including the United States, The Coca-Cola Company is our primary beverage competitor. Other beverage and convenient food competitors include, but are not limited to, The Campbell’s Company, Conagra Brands, Inc., Hormel Foods Corporation, Keurig Dr Pepper Inc., The Kraft Heinz Company, Link Snacks, Inc., Mars, Incorporated, Mondelēz International, Inc., Monster Beverage Corporation, Nestlé S.A., Primo Brands Corporation, Red Bull GmbH and Utz Brands, Inc.
Many of our convenient food products hold significant leadership positions in the convenient food industry in the United States and worldwide.",PEP 10-K FY2025 · Item 1 사업,"KO는 '우리' (Our) 회사의 주요 음료 경쟁사로 언급된다. PEP는 '우리' (Our) 회사로 언급되며, KO를 포함한 다양한 음료 및 간편식 경쟁사들과 경쟁한다.",근거 문장에 상대 종목 미등장 — 관계 근거로 불충분
MA↔V,COMPETES_WITH,"SEC 10-K: We compete worldwide with payments networks such as Visa, American Express, JCB, China UnionPay and ",결제 네트워크,True,,auto_candidate,pending,True,True,1.0,True,auto_candidate,pending,False,True,False,금융·결제·거래소,"이 문장은 회사가 모든 결제(지류 및 모든 형태의 전자 결제 포함) 및 서비스/솔루션 제공 분야에서 경쟁하고 있음을 설명한다. 특히 일반 목적 결제 네트워크 분야에서는 Visa, American Express, JCB, China UnionPay, Discover 등과 전 세계적으로 경쟁하고 있으며, 이 경쟁사들은 다양한 카드 기반 결제 상품을 제공한다고 언급한다.",list|truncated,"We compete in all categories of payments (including paper-based payments and all forms of electronic payments) as well as in all categories in which we provide services and solutions:
•
General Purpose Payments Networks.
 We compete worldwide with payments networks such as Visa, American Express, JCB, China UnionPay and Discover, among others. These competitors tend to offer a range of card-based payment products.",MA 10-K FY2025 · Item 1 사업,"MA는 '우리' (We) 회사로 언급되며, Visa를 포함한 여러 결제 네트워크와 경쟁한다. V는 MA가 전 세계적으로 경쟁하는 결제 네트워크 중 하나로 언급된다.",
MSCI↔NDAQ,COMPETES_WITH,SEC 10-K: Among our Index competitors are ... Nasdaq Inc,인덱스 서비스,True,,auto_candidate,pending,True,True,0.95,True,auto_candidate,pending,False,False,False,금융·결제·거래소,이 문장은 MSCI의 인덱스 경쟁사 중 하나로 Nasdaq Inc를 언급합니다.,truncated,Among our Index competitors are ... Nasdaq Inc,MSCI 10-K FY2025,"symbol_a (MSCI)는 'our Index competitors'의 'our'에 해당하며, 문장에서 자사의 경쟁사를 설명하는 주체입니다. symbol_b (NDAQ)는 'Nasdaq Inc'로 명시된 MSCI의 인덱스 경쟁사 중 하나입니다.",
MSCI↔SPGI,COMPETES_WITH,SEC 10-K: Among our Index competitors are S&P Dow Jones Indices LLC (a joint venture of S&P Global Inc. and CM,지수 서비스,True,,auto_candidate,pending,True,True,1.0,True,auto_candidate,pending,False,False,False,지수 서비스,MSCI는 자사의 인덱스 경쟁사로 S&P Global Inc.와 CME Group Inc.의 합작 투자사인 S&P Dow Jones Indices LLC 등을 언급합니다. 또한 자산운용사 및 투자은행 등도 자체 인덱스를 생성하여 경쟁에 참여한다고 설명합니다.,indirect|truncated,"Among our Index competitors are S&P Dow Jones Indices LLC (a joint venture of S&P Global Inc. and CME Group Inc.); FTSE Russell, a subsidiary of the London Stock Exchange Group plc; Nasdaq Inc; Bloomberg Finance L.P. (“Bloomberg”); and Solactive AG.
Competition also exists from industry participants, including asset managers and investment banks, that create their own indexes, often in cooperation with index providers who provide some form of calculation agent service.",MSCI 10-K FY2025 · Item 1 사업,"symbol_a (MSCI)는 'our Index competitors'의 'our'에 해당하며, 문장에서 자사의 경쟁사를 설명하는 주체입니다. symbol_b (SPGI)는 'S&P Global Inc.'로 명시된, MSCI의 인덱스 경쟁사 중 하나인 S&P Dow Jones Indices LLC의 공동 투자사입니다.",
MSFT↔ORCL,COMPETES_WITH,"SEC 10-K: Our enterprise cloud, license and hardware offerings compete directly with certain offerings from so",엔터프라이즈 클라우드,True,,pending,pending,False,True,1.0,True,pending,pending,False,False,False,클라우드·엔터프라이즈SW,"문장은 자사의 엔터프라이즈 클라우드, 라이선스 및 하드웨어 서비스가 Adobe Systems, Alphabet, Amazon, Cisco, Intel, IBM, Microsoft, Salesforce, SAP, Hewlett-Packard Enterprise 및 Workday 등의 세계 최대 경쟁사들의 특정 서비스와 직접 경쟁한다고 설명합니다.",target_absent|truncated,"Our enterprise cloud, license and hardware offerings compete directly with certain offerings from some of the largest and most competitive companies in the world, including Adobe Systems Incorporated, Alphabet Inc., Amazon.com, Inc., Cisco Systems, Inc., Intel Corporation, International Business Machines Corporation, Microsoft Corporation, Salesforce, Inc. and SAP SE, as well as other companies like Hewlett-Packard Enterprise and Workday, Inc.",ORCL 10-K FY2025 · Item 7 MD&A,symbol_a (MSFT)는 'Microsoft Corporation'으로 명시되어 언급된 경쟁사 목록에 포함됩니다. 또한 'Our'를 통해 자사의 서비스를 지칭하는 주체입니다. symbol_b (ORCL) 미등장.,근거 문장에 상대 종목 미등장 — 관계 근거로 불충분
MSFT↔WDAY,COMPETES_WITH,"SEC 10-K: These vendors include, without limitation, Anaplan, Inc.; ADP; Coupa Software Inc.; Dayforce, Inc.; ",,False,,pending,pending,False,True,0.0,True,pending,pending,False,True,False,,"이 문장은 특정 벤더 목록에 Anaplan, ADP, Coupa, Dayforce, Microsoft, NetSuite, ServiceNow, UKG 등이 포함되어 있다고 언급합니다. 또한 다른 클라우드 또는 AI 플랫폼 회사들이 타겟 시장에서 경쟁하거나, 잠재 고객이 자체 애플리케이션을 개발할 수 있다고 설명합니다.",list|target_absent|truncated,"These vendors include, without limitation, Anaplan, Inc.; ADP; Coupa Software Inc.; Dayforce, Inc.; Microsoft; NetSuite; ServiceNow, Inc.; and UKG Inc.
In addition, other cloud or AI platform companies that provide services in different target markets or industries may develop applications or acquire companies that operate in our target markets or industries, and some potential customers may elect to develop their own internal applications. However, the domain and industry expertise that is required for a successful solution in the areas of financial management and HCM may inhibit new entrants, who may also be unable to invest the necessary capital to accurately address global requirements and regulations.",WDAY 10-K FY2025 · Item 1 사업,symbol_a (MSFT)는 'Microsoft'로 명시되어 언급된 벤더 목록에 포함됩니다. symbol_b (WDAY) 미등장.,근거 문장에 상대 종목 미등장 — 관계 근거로 불충분
MTB↔SYF,COMPETES_WITH,"SEC 10-K: Our primary competitors for partners include major financial institutions, such as American Express,",금융 서비스,True,,pending,pending,True,True,0.3,True,pending,pending,False,False,False,금융·결제·거래소,"이 문장은 자사의 파트너 확보를 위한 주요 경쟁사로 American Express, Bread Financial, Capital One/Discover, JPMorgan Chase, Citibank, TD Bank, Wells Fargo 등의 주요 금융 기관을 언급합니다. 또한 일부 경쟁사들이 자사보다 훨씬 규모가 크다고 설명합니다.",truncated,"Our primary competitors for partners include major financial institutions, such as American Express, Bread Financial, Capital One/Discover, JPMorgan Chase, Citibank, TD Bank and Wells Fargo, as well as, financial technology companies, point-of-sale lending focused companies, and potential partners’ own in-house financing capabilities. Some of our competitors are substantially larger than we are, which may give those competitors advantages, including a more diversified product and customer base, the ability to reach out to more customers and potential customers, operational efficiencies, more versatile technology platforms, broad-based local distribution capabilities and lower-cost funding.",SYF 10-K FY2025 · Item 7 MD&A,"symbol_a (MTB)는 'Our primary competitors'의 'Our'에 해당하며, 문장에서 자사의 경쟁사를 설명하는 주체입니다. symbol_b (SYF) 미등장.",
MU↔SNDK,COMPETES_WITH,SEC 10-K: We face intense competition in the semiconductor memory and storage markets from a number of compani,반도체 메모리,True,,pending,pending,False,True,1.0,True,pending,pending,False,False,False,반도체·메모리,"이 문장은 회사가 지속적으로 향상된 성능의 신제품을 출시하고 있으며, 반도체 메모리 및 스토리지 시장에서 치열한 경쟁에 직면해 있다고 설명합니다. 또한 경쟁력 유지를 위해 신제품 개발 및 기술 구현, 제조 비용 절감 등이 중요하다고 언급합니다.",target_absent|truncated,"We continue to introduce new generations of products that offer improved performance characteristics, including higher data transfer rates, advanced packaging solutions, lower power consumption, improved read/write reliability, and increased memory density.
We face intense competition in the semiconductor memory and storage markets. To remain competitive, we must continuously develop and implement new products and technologies and decrease manufacturing costs in spite of inflationary pressures, changing technologies, rapid market changes, and regulatory uncertainty. Our success is largely dependent on obtaining returns on our R&D investments, efficient utilization of our manufacturing infrastructure, development and integration of advanced product and process technologies, market acceptance of our diversified portfolio of semiconductor-based memory and storage solutions, and efficient capital spending.
Business Segments
In the fourth quarter of 2025, we reorganized our business units.",MU 10-K FY2025 · Item 1 사업,symbol_a (MU) 미등장. symbol_b (SNDK) 미등장.,근거 문장에 상대 종목 미등장 — 관계 근거로 불충분
NOW↔WDAY,COMPETES_WITH,"SEC 10-K: These vendors include, without limitation, Anaplan, Inc.; ADP; Coupa Software Inc.; Dayforce, Inc.; ",,False,,pending,pending,False,True,0.0,True,pending,pending,False,True,False,,"이 문장은 특정 벤더 목록에 Anaplan, ADP, Coupa, Dayforce, Microsoft, NetSuite, ServiceNow, UKG 등이 포함되어 있다고 언급합니다. 또한 다른 클라우드 또는 AI 플랫폼 회사들이 타겟 시장에서 경쟁하거나, 잠재 고객이 자체 애플리케이션을 개발할 수 있다고 설명합니다.",list|target_absent|truncated,"These vendors include, without limitation, Anaplan, Inc.; ADP; Coupa Software Inc.; Dayforce, Inc.; Microsoft; NetSuite; ServiceNow, Inc.; and UKG Inc.
In addition, other cloud or AI platform companies that provide services in different target markets or industries may develop applications or acquire companies that operate in our target markets or industries, and some potential customers may elect to develop their own internal applications. However, the domain and industry expertise that is required for a successful solution in the areas of financial management and HCM may inhibit new entrants, who may also be unable to invest the necessary capital to accurately address global requirements and regulations.",WDAY 10-K FY2025 · Item 1 사업,"symbol_a (NOW)는 'ServiceNow, Inc.'로 명시되어 언급된 벤더 목록에 포함됩니다. symbol_b (WDAY) 미등장.",근거 문장에 상대 종목 미등장 — 관계 근거로 불충분
ORCL↔WDAY,COMPETES_WITH,"SEC 10-K: Our enterprise cloud, license and hardware offerings compete directly with certain offerings from so",엔터프라이즈 클라우드,True,,pending,pending,False,True,0.5,True,pending,pending,False,False,False,클라우드·엔터프라이즈SW,"이 문장은 자사의 엔터프라이즈 클라우드, 라이선스 및 하드웨어 서비스가 Adobe Systems, Alphabet, Amazon, Cisco, Intel, IBM, Microsoft, Salesforce, SAP, Hewlett-Packard Enterprise 및 Workday 등의 세계 최대 경쟁사들의 특정 서비스와 직접 경쟁한다고 설명합니다.",target_absent|truncated,"Our enterprise cloud, license and hardware offerings compete directly with certain offerings from some of the largest and most competitive companies in the world, including Adobe Systems Incorporated, Alphabet Inc., Amazon.com, Inc., Cisco Systems, Inc., Intel Corporation, International Business Machines Corporation, Microsoft Corporation, Salesforce, Inc. and SAP SE, as well as other companies like Hewlett-Packard Enterprise and Workday, Inc.",ORCL 10-K FY2025 · Item 7 MD&A,"symbol_a (ORCL) 미등장. symbol_b (WDAY)는 'Workday, Inc.'로 명시되어 언급된 경쟁사 중 하나입니다.",근거 문장에 상대 종목 미등장 — 관계 근거로 불충분
SATS↔TMUS,COMPETES_WITH,"SEC 10-K: In addition, our wireless communications services competitors include numerous smaller and regional ",무선 통신 서비스,True,,pending,pending,False,True,0.1,True,pending,pending,False,False,False,통신·네트워크,"이 문장은 자사의 무선 통신 서비스 경쟁사에 Charter, Comcast, EchoStar, Cox, Altice 등 다수의 소규모 및 지역 통신사가 포함된다고 언급합니다. 또한 유사한 통신 서비스를 제공하는 다른 기술 기반의 제공업체들도 경쟁사라고 설명합니다.",target_absent|truncated,"In addition, our wireless communications services competitors include numerous smaller and regional providers, including Charter Communications, Inc., Comcast Corporation, EchoStar Corporation (“EchoStar”), Cox Communications, Inc., and Altice USA, Inc., many of which offer no-contract, postpaid and prepaid service plans. Competitors also include providers who offer similar communication services, such as voice, messaging and data services, using alternative technologies.",TMUS 10-K FY2025 · Item 7 MD&A,symbol_a (SATS)는 'EchoStar Corporation'으로 명시되어 자사의 무선 통신 서비스 경쟁사 중 하나로 언급됩니다. symbol_b (TMUS) 미등장.,근거 문장에 상대 종목 미등장 — 관계 근거로 불충분
SO↔SO,COMPETES_WITH,SEC 10-K: Southern Company Gas' natural gas distribution utilities do not compete with other distributors of n,천연가스 유통,False,COMPETES_WITH,pending,pending,True,True,0.9,True,noise_self_contradiction,pending,True,False,False,천연가스 유통,"Southern Company Gas의 천연가스 배전 유틸리티는 독점 영업 구역 내에서 다른 천연가스 배급사와 경쟁하지 않지만, 다른 에너지 제품들과 경쟁합니다. 주요 경쟁사는 전기 유틸리티 및 연료유와 프로판 공급업체이며, 천연가스 수요는 여러 요인에 의해 영향을 받을 수 있습니다.",truncated,"During 2025, Mississippi Power did not make any such purchases.
Natural Gas
Southern Company Gas' natural gas distribution utilities do not compete with other distributors of natural gas in their exclusive franchise territories but face competition from other energy products. Their principal competitors are electric utilities and fuel oil and propane providers serving the residential, commercial, and industrial markets in their service areas for customers who are considering switching to or from a natural gas appliance.
Competition for heating as well as general household and small commercial energy needs generally occurs at the initial installation phase when the customer or builder makes decisions as to which types of equipment to install. Customers generally use the chosen energy source for the life of the equipment.
Customer demand for natural gas could be affected by numerous factors, including:
•
changes in the availability or price of natural gas and other forms of energy;
•
general economic conditions;
•
energy conservation, including state-supported energy efficiency programs;
•
legislation and regulations, including certain bans on the use of natural gas in new or existing construction and electrification initiatives;
•
the cost and capability to convert from natural gas to alternative energy products; and
•
technological or regulatory changes resulting in displacement or replacement of natural gas appliances.
I-9
    
Table of Contents
                                
Index to Financial Statements
Southern Company Gas has natural gas-related programs that generally emphasize natural gas as the fuel of choice for customers and seek to expand the use of natural gas through a variety of promotional activities.",SO 10-K FY2025 · Item 1 사업,"symbol_a (SO)는 'Southern Company Gas'로 명시되어 있으며, 천연가스 배전 유틸리티 사업을 영위하는 주체입니다. symbol_b (SO)는 'Southern Company Gas'로 명시되어 있으며, 천연가스 배전 유틸리티 사업을 영위하는 주체입니다.",
STZ↔TAP,COMPETES_WITH,"SEC 10-K: In the U.S. and Canada, we compete most directly with Anheuser-Busch InBev SA/NV (""ABI"") and Constel",맥주 시장,True,,pending,pending,False,True,0.95,True,pending,pending,False,False,False,맥주 시장,"이 문장은 화자가 미국 및 캐나다에서 Anheuser-Busch InBev SA/NV(ABI) 및 Constellation Brands, Inc.와 가장 직접적으로 경쟁하며, 유럽에서는 Heineken, Asahi, Carlsberg, ABI가 주요 경쟁사라고 명시한다.",target_absent|truncated,"In the U.S. and Canada, we compete most directly with Anheuser-Busch InBev SA/NV (""ABI"") and Constellation Brands, Inc., but we also compete with imports and other providers of craft beer and flavored malt beverages. In the European countries where we currently operate, our primary competitors are Heineken, Asahi, Carlsberg and ABI.",TAP 10-K FY2025 · Item 1 사업,STZ: 화자가 가장 직접적으로 경쟁하는 경쟁사 중 하나로 언급된다. TAP: 화자가 가장 직접적으로 경쟁하는 경쟁사 중 하나이며 유럽 내 주요 경쟁사로 언급된다.,근거 문장에 상대 종목 미등장 — 관계 근거로 불충분
SYF↔WFC,COMPETES_WITH,"SEC 10-K: Our primary competitors for partners include major financial institutions, such as American Express,",금융 파트너십,True,,pending,pending,False,True,0.6,True,pending,pending,False,False,False,금융·결제·거래소,"이 문장은 화자의 파트너 유치를 위한 주요 경쟁사로 American Express, Bread Financial, Capital One/Discover, JPMorgan Chase, Citibank, TD Bank, Wells Fargo 등 주요 금융 기관들을 나열한다. 일부 경쟁사들은 화자보다 규모가 훨씬 커서 더 다양한 이점을 가질 수 있다고 설명한다.",target_absent|truncated,"Our primary competitors for partners include major financial institutions, such as American Express, Bread Financial, Capital One/Discover, JPMorgan Chase, Citibank, TD Bank and Wells Fargo, as well as, financial technology companies, point-of-sale lending focused companies, and potential partners’ own in-house financing capabilities. Some of our competitors are substantially larger than we are, which may give those competitors advantages, including a more diversified product and customer base, the ability to reach out to more customers and potential customers, operational efficiencies, more versatile technology platforms, broad-based local distribution capabilities and lower-cost funding.",SYF 10-K FY2025 · Item 7 MD&A,SYF: 문장의 화자. WFC: 화자의 파트너 유치를 위한 주요 경쟁사 중 하나로 언급된다.,근거 문장에 상대 종목 미등장 — 관계 근거로 불충분
T↔TMUS,COMPETES_WITH,"SEC 10-K: In the market for broadband services, traditional cable providers, AT&T, Verizon, and other players ",광대역 서비스,True,,pending,pending,False,True,0.9,True,pending,pending,False,False,False,광대역 서비스,"이 문장은 광대역 서비스 시장에서 전통적인 케이블 제공업체, AT&T, Verizon 등이 고객 유치를 위해 경쟁한다고 언급한다. 또한, 화자는 고정 무선 서비스를 보완하기 위해 특정 지역에 광섬유 유선 네트워크를 구축하는 합작 투자 계약을 체결했다고 밝힌다.",target_absent|truncated,"In the market for broadband services, traditional cable providers, AT&T, Verizon, and other players such as satellite and fiber providers, all compete for customers. To complement our fixed wireless service, we have entered into joint venture agreements aimed at establishing a robust fiber wireline network in certain geographic regions that we believe will complement our fixed wireless services in those areas.",TMUS 10-K FY2025 · Item 1A 위험,T: 광대역 서비스 시장에서 고객을 유치하기 위해 경쟁하는 플레이어 중 하나로 언급된다. TMUS: 문장의 화자('we')로서 고정 무선 서비스를 보완하기 위한 합작 투자 계약을 체결했다고 밝힌다.,근거 문장에 상대 종목 미등장 — 관계 근거로 불충분
TMUS↔VZ,COMPETES_WITH,"SEC 10-K: Our wireless communications services competitors include other carriers, such as AT&T Inc. (“AT&T”) ",무선 통신 서비스,True,,pending,pending,True,True,0.6,True,pending,pending,False,False,False,통신·네트워크,"이 문장은 화자의 무선 통신 서비스 경쟁사로 AT&T 및 Verizon과 같은 다른 통신사들을 포함한다고 밝힌다. 또한 Charter Communications, Comcast Corporation, EchoStar Corporation 등 수많은 소규모 및 지역 제공업체들도 경쟁사라고 언급한다.",,"Our wireless communications services competitors include other carriers, such as AT&T Inc. (“AT&T”) and Verizon Communications, Inc. (“Verizon”). In addition, our wireless communications services competitors include numerous smaller and regional providers, including Charter Communications, Inc., Comcast Corporation, EchoStar Corporation (“EchoStar”), Cox Communications, Inc., and Altice USA, Inc., many of which offer no-contract, postpaid and prepaid service plans.",TMUS 10-K FY2025 · Item 7 MD&A,TMUS: 문장의 화자('our')로서 무선 통신 서비스 경쟁사들을 언급한다. VZ: 화자의 무선 통신 서비스 경쟁사 중 하나로 언급된다.,
ADI↔TSM,DEPENDS_ON,"SEC 10-K: Additionally, more than half of the Company’s purchases of external wafer and foundry services are f",반도체 파운드리 서비스,True,,pending,pending,True,True,0.5,True,pending,pending,False,False,False,반도체·메모리,"이 문장은 회사의 외부 웨이퍼 및 파운드리 서비스 구매의 절반 이상이 Taiwan Semiconductor Manufacturing Company(TSMC)를 포함한 소수의 공급업체로부터 이루어진다고 설명한다. 이러한 주요 공급업체들이 충분한 수량의 부품을 제때 공급하지 못하거나 품질이 미달될 경우, 회사는 추가 또는 대체 공급업체를 찾아야 할 수 있으며, 이는 상당한 비용과 제조 지연을 초래할 수 있다고 경고한다.",truncated,"Additionally, more than half of the Company’s purchases of external wafer and foundry services are from a limited number of suppliers, such as Taiwan Semiconductor Manufacturing Company (TSMC) and others. If these suppliers or any of the Company’s other key suppliers are unable or unwilling to manufacture and deliver sufficient quantities of components, on the time schedule and of the quality that the Company requires, the Company may be forced to engage additional or replacement suppliers, which could result in significant expenses and disruptions or delays in manufacturing, product development and shipment of product to the Company’s customers.
n.
Revenue Recognition
Recognition of revenue occurs when a customer obtains control of promised goods or services in an amount that reflects the consideration to which the providing entity expects to be entitled in exchange for those goods or services.",ADI 10-K FY2025 · Item 1 사업,ADI: 문장의 화자('the Company')로서 외부 웨이퍼 및 파운드리 서비스를 구매하는 주체이다. TSM: 화자의 외부 웨이퍼 및 파운드리 서비스 공급업체 중 하나로 언급된다.,
AMGN↔HCA,DEPENDS_ON,"SEC 10-K: In 2024, Change Healthcare, a large U.S. insurance claim and co-pay card processing clearinghouse, e",,False,DEPENDS_ON,pending,pending,True,True,0.0,True,noise_self_contradiction,pending,True,False,False,,"2024년에 Change Healthcare가 랜섬웨어 공격을 받아 의료 제공업체 및 약국 운영에 상당한 지장을 초래했다. Change Healthcare가 화자에게 직접 서비스를 제공하지는 않지만, 관련 서비스 중단으로 인해 매출 손실이 발생했으며, 화자는 환자 지원 및 고객 지불 조건 연장 조치를 취해야 했다.",indirect|truncated,"In 2024, Change Healthcare, a large U.S. insurance claim and co-pay card processing clearinghouse, experienced a ransomware attack that has caused significant disruptions to healthcare provider and pharmacy operations. While Change Healthcare does not directly provide us with services, disruptions to co-pay card support, insurance billing and Medicaid rebate processing led to lost sales and required us to take action to help patients access their medications and to provide extended payment terms to certain customers. Although services have been rerouted and restored, and the impact on our business was immaterial, similar disruptions may occur in the future stemming from the interconnectedness of the U.S.",AMGN 10-K FY2025 · Item 7 MD&A,"AMGN: 문장의 화자('us', 'our')로서 Change Healthcare의 사이버 공격으로 인해 간접적인 영향을 받은 회사이다. HCA: HCA 미등장.",
ANET↔AVGO,DEPENDS_ON,"SEC 10-K: In particular, we are primarily reliant upon our predominant merchant silicon vendor, Broadcom, for ",상업용 실리콘,True,,auto_candidate,pending,True,True,1.0,True,auto_candidate,pending,False,False,False,상업용 실리콘,"이 문장은 화자가 스위칭 칩을 위해 주요 상인 실리콘 벤더인 Broadcom에 주로 의존하고 있다고 밝힌다. 일반적으로 화자나 계약 제조업체는 이러한 부품 공급업체와 핵심 부품 공급을 보장하는 서면 계약을 맺고 있지 않으며, 해당 부품에 대한 독점적인 권리도 없다고 언급한다.",truncated,"In particular, we are primarily reliant upon our predominant merchant silicon vendor, Broadcom, for our switching chips. Generally, neither we nor our contract manufacturers have a written agreement with these component providers to guarantee the supply of the key components used in our products, nor do we have exclusive rights to such key components.",ANET 10-K FY2025 · Item 1 사업,"ANET: 문장의 화자('we', 'our')로서 Broadcom에 스위칭 칩 공급을 주로 의존하는 주체이다. AVGO: 화자에게 스위칭 칩을 공급하는 주요 상인 실리콘 벤더(Broadcom)로 언급된다.",
APP↔META,DEPENDS_ON,SEC 10-K: The mobile app ecosystem depends in part on a relatively small number of third-party distribution pl,모바일 앱 생태계,True,,pending,pending,False,True,0.2,True,pending,pending,False,False,False,기타,"이 문장은 모바일 앱 생태계가 Apple App Store, Google Play Store, Meta와 같은 소수의 서드파티 배포 플랫폼에 부분적으로 의존하며, 이들 중 일부는 직접적인 경쟁사라고 설명한다. 화자는 이러한 서드파티 플랫폼의 표준 정책 및 서비스 약관을 준수한다고 언급한다.",target_absent|truncated,"The mobile app ecosystem depends in part on a relatively small number of third-party distribution platforms, such as the Apple App Store, the Google Play Store, and Meta, some of which are direct competitors. We are subject to the standard policies and terms of service of such third-party platforms, generally through our relationships with developers and other parties that use our technology.",APP 10-K FY2025 · Item 1A 위험,"APP: 문장의 화자('We')로서 서드파티 배포 플랫폼의 정책 및 약관에 영향을 받는 주체이다. META: 모바일 앱 생태계가 의존하는 소수의 서드파티 배포 플랫폼 중 하나로 언급되며, 일부는 화자의 직접적인 경쟁사라고 설명된다.",근거 문장에 상대 종목 미등장 — 관계 근거로 불충분
BKNG↔AAPL,DEPENDS_ON,"SEC 10-K: restrictions on the use of the identifier for advertisers (such as the Apple ""IDFA"") by mobile devic",모바일 광고,True,,auto_candidate,pending,True,True,0.9,True,auto_candidate,pending,False,False,False,미디어·스트리밍·검색,"이 문장은 Safari 및 Google Chrome과 같은 브라우저가 서드파티 쿠키에 대한 동의를 요구하는 것, 모바일 장치 제조업체가 광고주 식별자(예: Apple 'IDFA') 사용을 제한하는 것, Apple의 iCloud+ Private Relay 등이 데이터 사용 및 쿠키 사용을 규제하는 요인이라고 언급한다. 이러한 요인들은 유럽 연합의 ePrivacy Directive와 같은 규제 채택도 포함한다.",truncated,"These include: requirements by browsers such as Safari and Google Chrome to require opt-in consent for third-party cookies; restrictions on the use of the identifier for advertisers (such as the Apple ""IDFA"") by mobile device manufacturers; Apple's iCloud+ Private Relay (which hides a user's IP address from websites that the user accesses in favor of other IP addresses provided by Apple's partners); and the adoption of regulations that govern the use of cookies. For example, in the EU, the ePrivacy Directive regulates the use of cookies and similar technologies, including limitations on the use of data and guidelines for enabling users to accept or reject cookies.",BKNG 10-K FY2025 · Item 7 MD&A,"BKNG: BKNG 미등장. AAPL: Safari 브라우저와 광고주 식별자(IDFA), iCloud+ Private Relay와 관련된 정책을 통해 언급된다.",
BR↔UPS,DEPENDS_ON,"SEC 10-K: We rely upon the USPS and third-party carriers, including the United Parcel Service, for timely deli",물류·운송,True,,auto_candidate,pending,True,True,1.0,True,auto_candidate,pending,False,False,False,물류·운송,"이 문장은 화자가 고객을 대신하여 통신문의 적시 배송을 위해 USPS 및 United Parcel Service를 포함한 서드파티 운송업체에 의존한다고 밝힌다. 이로 인해 화자는 운송업체 파업, 악천후, 유류비 증가 등 통제 불가능한 요인으로 인한 운송 중단의 영향을 받을 수 있다고 언급한다.",truncated,"We rely upon the USPS and third-party carriers, including the United Parcel Service, for timely delivery of communications on behalf of our clients. As a result, we are subject to carrier disruptions due to factors that are beyond our control, including employee strikes, inclement weather, and increased fuel costs.",BR 10-K FY2025 · Item 1A 위험,"BR: 문장의 화자('We', 'our')로서 고객을 대신하여 통신문 배송을 위해 UPS를 포함한 운송업체에 의존하는 주체이다. UPS: 화자의 고객 통신문 배송을 돕는 서드파티 운송업체 중 하나로 언급된다.",
CCI↔EQT,DEPENDS_ON,SEC 10-K: The restrictions and requirements imposed on our business and operations pursuant to certain covenan,,False,,pending,pending,False,True,0.0,True,pending,pending,False,False,False,,"문장은 자사의 섬유 사업을 Zayo 및 EQT에 매각하는 계획된 거래와 관련된 위험을 설명하며, 거래 지연 또는 전략적 섬유 계약의 종료로 인해 부정적인 영향이 악화될 수 있음을 언급합니다. 또한, Zayo 및/또는 EQT의 승인 없이는 특정 기회를 추구하거나 계약을 체결할 수 없는 제약 사항과 거래 완료를 위한 규제 승인 및 섬유 사업 분리 등의 조건이 있음을 명시합니다.",m&a|target_absent|truncated,"The risk, and adverse effect, of any disruption could be exacerbated by a delay in the consummation of the transaction or termination of the Strategic Fiber Agreement;
•
The restrictions and requirements imposed on our business and operations pursuant to certain covenants set forth in the Strategic Fiber Agreement and ancillary transaction agreements obligate us to generally conduct our business in a commercially reasonable manner and in all material respects in the ordinary course of business consistent with past practice and may prevent us from pursuing certain opportunities, entering into certain contracts with customers and suppliers, or taking certain other actions without Zayo’s and/or EQT's approval;
•
We may be unable to attract, recruit, retain and motivate current and prospective employees who may be uncertain about their future roles following completion of the proposed transaction, and our operations could suffer due to employee attrition or a reduction in employee productivity as a result of this uncertainty; and
•
The pursuit and planning for the transaction have placed and will continue to place a significant burden on management and other internal resources and may divert management’s attention away from day-to-day business concerns and other opportunities that may have been beneficial to us, which could adversely affect our business, financial condition and operating results.
See ""
—The failure to complete the planned sale of the Fiber Business to Zayo and EQT could have a material and adverse effect on our business, results of operations, financial condition, cash flows, and stock price.
"" below for a discussion of risks associated with the potential failure to complete the planned sale of the Fiber Business.
Completion of the Strategic Fiber Transaction is subject to the conditions contained in the Strategic Fiber Agreement, including regulatory approvals, which may not be received, and separation of the Fiber Business from our current operations, and if these conditions are not satisfied or waived, the transaction will not be completed.
The Strategic Fiber Agreement contains closing conditions and requirements with which we must comply pending the closing of the Strategic Fiber Transaction, including (1) obtaining regulatory approvals from certain U.S. regulatory and 
23
governmental authorities, including various consents, clearances under antitrust statutes, authorizations and declarations of non-objection, or expiration of waiting periods (or extensions thereof), and (2) separating each of the fiber solutions and small cell businesses from our current operations, in accordance with the terms of the Strategic Fiber Agreement.
In deciding whether to grant the required regulatory approval, consent or clearance, the relevant governmental entities will consider the effect of the transaction on competition within their relevant jurisdiction.",CCI 10-K FY2025 · Item 1 사업,"symbol_a (CCI): 섬유 사업 매각을 계획하는 주체로, 전략적 섬유 계약의 당사자 중 하나로 언급됩니다. symbol_b (EQT): 섬유 사업의 잠재적 매수자 중 하나로, 전략적 섬유 계약 관련 특정 승인 권한을 가진 주체로 언급됩니다.",근거 문장에 상대 종목 미등장 — 관계 근거로 불충분
CI↔HCA,DEPENDS_ON,"SEC 10-K: For example, Change Healthcare, a health technology company owned by UnitedHealth Group and a servic",,False,DEPENDS_ON,pending,pending,True,True,0.0,True,noise_self_contradiction,pending,True,True,False,,"Change Healthcare가 2024년 2월 랜섬웨어 공격의 피해자가 되었고, 이로 인해 자사 서비스 중 일부가 일시적으로 중단되어 Change Healthcare와 다시 연결하기 전에 시스템 보안 유효성 검사가 필요했습니다.",list|truncated,"For example, Change Healthcare, a health technology company owned by UnitedHealth Group and a service provider for certain of our pharmacy benefit management services, was the victim of a ransomware attack in February 2024. This resulted in limited disruption of certain of our services and necessitated security validations for certain systems before we reconnected with Change Healthcare to resume such services.",CI 10-K FY2025 · Item 1A 위험,"symbol_a (CI): Change Healthcare로부터 특정 약국 혜택 관리 서비스를 받는 주체로, 랜섬웨어 공격으로 인해 서비스 중단을 겪은 당사자입니다. symbol_b (HCA): HCA 미등장.",
CME↔NDAQ,DEPENDS_ON,SEC 10-K: We also have exclusive license agreements for certain Nasdaq indices through 2039 and for certain Ru,금융 지수,True,,auto_candidate,pending,True,True,0.9,True,auto_candidate,pending,False,False,False,금융·결제·거래소,"자사는 2039년까지 특정 나스닥 지수에 대한 독점 라이선스 계약을, 2037년까지 특정 러셀 지수에 대한 독점 라이선스 계약을 보유하고 있으며, 이러한 라이선스 계약 조건에 따라 해당 제3자에게 수익 공유를 지불합니다.",truncated,We also have exclusive license agreements for certain Nasdaq indices through 2039 and for certain Russell indices through 2037. We pay the applicable third-party a revenue share under the terms of these licensing agreements.,CME 10-K FY2025 · Item 1A 위험,"symbol_a (CME): 특정 나스닥 지수에 대한 독점 라이선스 계약을 가진 주체입니다. symbol_b (NDAQ): 나스닥 지수의 제공 주체로, symbol_a와 라이선스 계약을 맺은 제3자 중 하나입니다.",
CPAY↔V,DEPENDS_ON,"SEC 10-K: Third-party networks are operated by independent parties, such as MasterCard and VISA, and tend to b",결제 네트워크,True,,auto_candidate,pending,True,True,0.9,True,auto_candidate,pending,False,False,False,금융·결제·거래소,"마스터카드와 VISA와 같은 독립적인 주체들이 운영하는 제3자 네트워크는 자사 독점 네트워크에 비해 일반적으로 더 광범위하게 수용되지만, 판매자 경제성은 낮은 경향이 있습니다.",truncated,"Third-party networks are operated by independent parties, such as MasterCard and VISA, and tend to be more broadly 
accepted, which is the primary benefit compared with our proprietary networks, although merchant economics tend to be 
inferior. 
Our Vehicle Payments solutions are subject to seasonal fluctuations during the first and fourth quarter each year due to the 
weather, holidays in the U.S.",CPAY 10-K FY2025 · Item 1 사업,symbol_a (CPAY): 자사의 독점 네트워크와 마스터카드 및 symbol_b와 같은 독립적인 주체들이 운영하는 제3자 네트워크를 비교하는 주체입니다. symbol_b (V): 마스터카드와 함께 제3자 네트워크를 운영하는 독립적인 주체로 언급됩니다.,
CSGP↔GOOGL,DEPENDS_ON,"SEC 10-K: For example, starting on July 1, 2024, Universal Analytics (UA), Google’s legacy analytics platform ",웹 분석 플랫폼,False,,pending,pending,True,True,0.0,True,pending,pending,False,True,False,웹 분석 플랫폼,"자사는 과거에 월별 평균 고유 방문자 수를 계산하기 위해 Google의 기존 분석 플랫폼인 Universal Analytics에 의존했으나, 2024년 7월 1일부터 해당 플랫폼이 Google에 의해 중단되었습니다.",list|truncated,"For example, starting on July 1, 2024, Universal Analytics (UA), Google’s legacy analytics platform on which we historically relied for calculating monthly average unique visitors, was discontinued by Google. Prior to June 1, 2024, we measured average monthly unique visitors for all CoStar Group sites using Google’s Universal Analytics.",CSGP 10-K FY2025 · Item 1A 위험,symbol_a (CSGP): 과거에 symbol_b의 Universal Analytics를 사용하여 월별 평균 고유 방문자를 측정했던 주체입니다. symbol_b (GOOGL): Universal Analytics라는 기존 분석 플랫폼을 제공하고 이후 중단한 주체입니다.,
DLR↔DLR,DEPENDS_ON,"SEC 10-K: As the sole general partner of our Operating Partnership, our Parent has the full, exclusive and com",,True,,pending,pending,False,True,0.9,True,pending,pending,False,False,False,,"자사의 모회사(Parent)는 운영 파트너십으로부터 받는 배당금을 주요 자금원으로 하며, 운영 파트너십의 유일한 일반 파트너로서 운영 파트너십의 일상적인 관리 및 통제에 대한 전적인 책임을 가집니다.",target_absent|truncated,"Our Parent’s principal source of funding is the distributions it receives from our Operating Partnership.
As the sole general partner of our Operating Partnership, our Parent has the full, exclusive and complete responsibility for our Operating Partnership’s day-to-day management and control. Our Parent causes our Operating Partnership to distribute such portion of its available cash as our Parent may in its discretion determine, in the manner provided in our Operating Partnership’s partnership agreement.",DLR 10-K FY2025 · Item 7 MD&A,"symbol_a (DLR): 'Our Parent'와 'our Operating Partnership'으로 지칭되며, 본사는 운영 파트너십의 유일한 일반 파트너로서 운영 파트너십의 관리 및 통제에 대한 전적인 책임을 가지는 주체입니다. symbol_b (DLR): symbol_a와 동일한 회사로서, 본사와 운영 파트너십 간의 관계를 설명하는 데 사용됩니다.",근거 문장에 상대 종목 미등장 — 관계 근거로 불충분
EBAY↔GOOGL,DEPENDS_ON,"SEC 10-K: In addition, we rely on Google search to direct a significant amount of traffic to our platforms.",온라인 검색,True,,auto_candidate,pending,True,True,0.9,True,auto_candidate,pending,False,False,False,미디어·스트리밍·검색,"자사는 플랫폼으로 상당한 트래픽을 유도하기 위해 Google 검색에 의존하며, Alphabet은 때때로 알고리즘과 방법론을 변경하여 자사 플랫폼으로 유도되는 트래픽 양을 감소시켰고, 경쟁 제품이나 서비스를 홍보하는 방식으로 계속 그렇게 할 수 있습니다.",,"In addition, we rely on Google search to direct a significant amount of traffic to our platforms. From time to time, Alphabet has made changes to their algorithms and methodologies that have reduced the amount of traffic directed to our platforms, and they may continue to do so, including in a way that promotes their competing products or services.",EBAY 10-K FY2025 · Item 7 MD&A,"symbol_a (EBAY): 자사 플랫폼으로 트래픽을 유도하기 위해 symbol_b 검색에 의존하는 주체입니다. symbol_b (GOOGL): symbol_a가 트래픽 유도에 의존하는 검색 서비스를 제공하며, 알고리즘 변경을 통해 트래픽에 영향을 미칠 수 있는 주체입니다.",
EXR↔EXR,DEPENDS_ON,"SEC 10-K: The Company was formed to continue the business of Extra Space Storage LLC and its subsidiaries, whi",셀프 스토리지,True,,auto_candidate,pending,True,True,0.9,True,auto_candidate,pending,False,False,False,셀프 스토리지,"자사는 Extra Space Storage LLC 및 그 자회사들의 사업을 계속하기 위해 설립되었으며, 자사의 점포 지분은 2004년 5월 5일에 설립된 운영 파트너십(Operating Partnership)을 통해 보유됩니다.",truncated,"The Company was formed to continue the business of Extra Space Storage LLC and its subsidiaries, which had engaged in the self-storage business since 1977. The Company’s interest in its stores is held through its operating partnership, Extra Space Storage LP (the “Operating Partnership”), which was formed on May 5, 2004.",EXR 10-K FY2025 · Item 1 사업,"symbol_a (EXR): 'The Company'로 지칭되며, Extra Space Storage LLC의 사업을 계속하기 위해 설립되었고 운영 파트너십을 통해 점포 지분을 보유하는 주체입니다. symbol_b (EXR): symbol_a와 동일한 회사로서, 본사와 운영 파트너십 간의 관계를 설명하는 데 사용됩니다.",
FICO↔EFX,DEPENDS_ON,"SEC 10-K: Our Scores segment relies on, among others, Experian, TransUnion and Equifax.",신용정보 서비스,True,,auto_candidate,pending,True,True,1.0,True,auto_candidate,pending,False,True,False,신용정보 서비스,"자사의 점수(Scores) 부문은 Experian, TransUnion, 그리고 Equifax를 포함한 여러 회사에 의존합니다.",list,"Our Scores segment relies on, among others, Experian, TransUnion and Equifax.",FICO 10-K FY2025,symbol_a (FICO): 자사의 점수(Scores) 부문 운영을 위해 symbol_b를 포함한 여러 회사에 의존하는 주체입니다. symbol_b (EFX): symbol_a의 점수 부문이 의존하는 회사 중 하나입니다.,
FTNT↔AMD,DEPENDS_ON,"SEC 10-K: Some of the components important to our business, including certain Central Processing Units (“CPUs”",CPU,True,,pending,pending,False,True,0.8,True,pending,pending,False,False,False,반도체·메모리,"자사 사업에 중요한 일부 부품에는 Intel과 Advanced Micro Devices, Inc. (AMD)의 특정 중앙 처리 장치(CPU), Broadcom Inc., Marvell Technology Group Ltd., Qualcomm Incorporated 및 Intel의 네트워크 및 무선 칩, 그리고 Intel, Micron Technology, ADATA Technology Co., Ltd., Toshiba Corporation, Samsung Electronics Co., Ltd.의 메모리 장치가 포함됩니다.",target_absent,"Some of the components important to our business, including certain Central Processing Units (“CPUs”) from Intel Corporation (“Intel”) and Advanced Micro Devices, Inc. (“AMD”), network and wireless chips from Broadcom Inc. (“Broadcom”), Marvell Technology Group Ltd. (“Marvell”), Qualcomm Incorporated (“Qualcomm”) and Intel and memory devices from Intel, Micron Technology (“Micron”), ADATA Technology Co., Ltd. (“ADATA”), Toshiba Corporation (“Toshiba”), Samsung Electronics Co., Ltd.",FTNT 10-K FY2025 · Item 1 사업,symbol_a (FTNT): 사업에 필요한 부품을 symbol_b를 포함한 여러 공급업체로부터 조달하는 주체입니다. symbol_b (AMD): symbol_a의 사업에 중요한 특정 중앙 처리 장치(CPU)를 공급하는 회사 중 하나입니다.,근거 문장에 상대 종목 미등장 — 관계 근거로 불충분
FTNT↔AVGO,DEPENDS_ON,"SEC 10-K: Some of the components important to our business, including certain Central Processing Units (“CPUs”",중앙처리장치(CPU),True,,pending,pending,False,True,0.7,True,pending,pending,False,False,False,반도체·메모리,"FTNT 사업에 중요한 부품들에는 인텔 및 AMD의 CPU, 브로드컴, 마벨, 퀄컴 및 인텔의 네트워크 및 무선 칩, 그리고 인텔, 마이크론, ADATA, 도시바, 삼성전자의 메모리 장치 등이 포함된다.",target_absent,"Some of the components important to our business, including certain Central Processing Units (“CPUs”) from Intel Corporation (“Intel”) and Advanced Micro Devices, Inc. (“AMD”), network and wireless chips from Broadcom Inc. (“Broadcom”), Marvell Technology Group Ltd. (“Marvell”), Qualcomm Incorporated (“Qualcomm”) and Intel and memory devices from Intel, Micron Technology (“Micron”), ADATA Technology Co., Ltd. (“ADATA”), Toshiba Corporation (“Toshiba”), Samsung Electronics Co., Ltd.",FTNT 10-K FY2025 · Item 1 사업,FTNT는 'our business'로 언급되며 사업에 중요한 부품을 사용하는 주체로 등장. AVGO는 'Broadcom Inc.'으로 언급되며 FTNT의 사업에 필요한 네트워크 및 무선 칩을 공급하는 회사 중 하나로 등장.,근거 문장에 상대 종목 미등장 — 관계 근거로 불충분
FTNT↔DIS,DEPENDS_ON,"SEC 10-K: Some of the components important to our business, including certain Central Processing Units (“CPUs”",,False,,pending,pending,False,True,0.0,True,pending,pending,False,False,False,,"FTNT 사업에 중요한 부품들에는 인텔 및 AMD의 CPU, 브로드컴, 마벨, 퀄컴 및 인텔의 네트워크 및 무선 칩, 그리고 인텔, 마이크론, ADATA, 도시바, 삼성전자의 메모리 장치 등이 포함된다.",target_absent,"Some of the components important to our business, including certain Central Processing Units (“CPUs”) from Intel Corporation (“Intel”) and Advanced Micro Devices, Inc. (“AMD”), network and wireless chips from Broadcom Inc. (“Broadcom”), Marvell Technology Group Ltd. (“Marvell”), Qualcomm Incorporated (“Qualcomm”) and Intel and memory devices from Intel, Micron Technology (“Micron”), ADATA Technology Co., Ltd. (“ADATA”), Toshiba Corporation (“Toshiba”), Samsung Electronics Co., Ltd.",FTNT 10-K FY2025 · Item 1 사업,FTNT는 'our business'로 언급되며 사업에 중요한 부품을 사용하는 주체로 등장. DIS 미등장.,근거 문장에 상대 종목 미등장 — 관계 근거로 불충분
FTNT↔INTC,DEPENDS_ON,"SEC 10-K: Some of the components important to our business, including certain Central Processing Units (“CPUs”",CPU,True,,pending,pending,False,True,0.9,True,pending,pending,False,False,False,반도체·메모리,"FTNT 사업에 중요한 부품들에는 인텔 및 AMD의 CPU, 브로드컴, 마벨, 퀄컴 및 인텔의 네트워크 및 무선 칩, 그리고 인텔, 마이크론, ADATA, 도시바, 삼성전자의 메모리 장치 등이 포함된다.",target_absent,"Some of the components important to our business, including certain Central Processing Units (“CPUs”) from Intel Corporation (“Intel”) and Advanced Micro Devices, Inc. (“AMD”), network and wireless chips from Broadcom Inc. (“Broadcom”), Marvell Technology Group Ltd. (“Marvell”), Qualcomm Incorporated (“Qualcomm”) and Intel and memory devices from Intel, Micron Technology (“Micron”), ADATA Technology Co., Ltd. (“ADATA”), Toshiba Corporation (“Toshiba”), Samsung Electronics Co., Ltd.",FTNT 10-K FY2025 · Item 1 사업,"FTNT는 'our business'로 언급되며 사업에 중요한 부품을 사용하는 주체로 등장. INTC는 'Intel Corporation'으로 언급되며 FTNT의 사업에 필요한 CPU, 네트워크 및 무선 칩, 메모리 장치를 공급하는 회사 중 하나로 등장.",근거 문장에 상대 종목 미등장 — 관계 근거로 불충분
FTNT↔MU,DEPENDS_ON,"SEC 10-K: Some of the components important to our business, including certain Central Processing Units (“CPUs”",,False,DEPENDS_ON,pending,pending,False,True,0.0,True,noise_self_contradiction,pending,True,False,False,,"FTNT 사업에 중요한 부품들에는 인텔 및 AMD의 CPU, 브로드컴, 마벨, 퀄컴 및 인텔의 네트워크 및 무선 칩, 그리고 인텔, 마이크론, ADATA, 도시바, 삼성전자의 메모리 장치 등이 포함된다.",target_absent,"Some of the components important to our business, including certain Central Processing Units (“CPUs”) from Intel Corporation (“Intel”) and Advanced Micro Devices, Inc. (“AMD”), network and wireless chips from Broadcom Inc. (“Broadcom”), Marvell Technology Group Ltd. (“Marvell”), Qualcomm Incorporated (“Qualcomm”) and Intel and memory devices from Intel, Micron Technology (“Micron”), ADATA Technology Co., Ltd. (“ADATA”), Toshiba Corporation (“Toshiba”), Samsung Electronics Co., Ltd.",FTNT 10-K FY2025 · Item 1 사업,FTNT는 'our business'로 언급되며 사업에 중요한 부품을 사용하는 주체로 등장. MU는 'Micron Technology'로 언급되며 FTNT의 사업에 필요한 메모리 장치를 공급하는 회사 중 하나로 등장.,근거 문장에 상대 종목 미등장 — 관계 근거로 불충분
FTNT↔QCOM,DEPENDS_ON,"SEC 10-K: Some of the components important to our business, including certain Central Processing Units (“CPUs”",중앙처리장치,True,,pending,pending,False,True,0.6,True,pending,pending,False,False,False,중앙처리장치,"FTNT 사업에 중요한 부품들에는 인텔 및 AMD의 CPU, 브로드컴, 마벨, 퀄컴 및 인텔의 네트워크 및 무선 칩, 그리고 인텔, 마이크론, ADATA, 도시바, 삼성전자의 메모리 장치 등이 포함된다.",target_absent,"Some of the components important to our business, including certain Central Processing Units (“CPUs”) from Intel Corporation (“Intel”) and Advanced Micro Devices, Inc. (“AMD”), network and wireless chips from Broadcom Inc. (“Broadcom”), Marvell Technology Group Ltd. (“Marvell”), Qualcomm Incorporated (“Qualcomm”) and Intel and memory devices from Intel, Micron Technology (“Micron”), ADATA Technology Co., Ltd. (“ADATA”), Toshiba Corporation (“Toshiba”), Samsung Electronics Co., Ltd.",FTNT 10-K FY2025 · Item 1 사업,FTNT는 'our business'로 언급되며 사업에 중요한 부품을 사용하는 주체로 등장. QCOM은 'Qualcomm Incorporated'로 언급되며 FTNT의 사업에 필요한 네트워크 및 무선 칩을 공급하는 회사 중 하나로 등장.,근거 문장에 상대 종목 미등장 — 관계 근거로 불충분
GDDY↔META,DEPENDS_ON,SEC 10-K: Our customers and their businesses rely heavily on tools and solutions that help them manage and gro,,False,COMPETES_WITH,pending,pending,False,True,0.1,True,pending,pending,False,False,False,,인터넷 사용자들의 선호도가 웹 주소 의존에서 앱이나 AI 기반 도구로 이동하면 도메인 이름 수요가 부정적인 영향을 받을 수 있다. GDDY 고객들은 존재감 관리 및 성장을 위해 Meta와 같은 소셜 미디어 채널을 포함한 다양한 도구에 크게 의존한다.,target_absent|truncated,"If internet users' preferences or practices shift away from recognizing and relying on web addresses or they were to significantly decrease their use of web browsers in favor of apps or AI-based tools to locate and access content, demand for domain names in the gTLDs we operate could be negatively affected.
26
Table of Contents
Our customers and their businesses rely heavily on tools and solutions that help them manage and grow their Presence, including dedicated websites, online stores and social media channels, such as Meta, TikTok, Snapchat, X and WeChat. As reliance on social media channels, applications and AI-powered tools increases, domain names, websites and online stores and marketplaces may become less prominent, and their value may decline.",GDDY 10-K FY2025 · Item 1A 위험,GDDY는 'Our customers'의 주체로 언급되며 고객들이 Meta와 같은 소셜 미디어 채널을 사용한다고 서술. META는 'Meta'로 언급되며 GDDY 고객들이 존재감 관리 및 성장을 위해 사용하는 소셜 미디어 채널 중 하나로 등장.,근거 문장에 상대 종목 미등장 — 관계 근거로 불충분
GDDY↔MSFT,DEPENDS_ON,"SEC 10-K: We rely on certain relationships with partners to offer and support key products and services, some ",,True,,pending,pending,False,True,0.3,True,pending,pending,False,False,False,,"GDDY는 핵심 제품 및 서비스를 제공하기 위해 파트너들과의 관계에 의존하며, 여기에는 Microsoft 365를 통해 이메일 및 생산성 도구를 제공하는 마이크로소프트가 포함된다. GDDY의 이메일 서비스 제공 능력은 마이크로소프트와의 파트너십을 포함한 파트너십의 지속적인 가용성에 크게 의존한다.",target_absent|truncated,"We rely on certain relationships with partners to offer and support key products and services, some of whom create integrations with our products, including Microsoft Corporation, a critical provider of email and related productivity tools through Microsoft 365, and others that create integrations with third-party applications and platforms used by our customers, such as advanced email security provided by ProofPoint, Inc., email backup and migration services provided by SkyKick and email archiving services provided by Barracuda. Our email offerings are a core component of many customers' productivity and daily operations and our ability to provide these services at scale depends, in significant part, on the continued availability, functionality and commercial terms of our partnerships, including with Microsoft and other email providers.",GDDY 10-K FY2025 · Item 1 사업,GDDY는 'We' 및 'Our email offerings'로 언급되며 파트너십에 의존하여 핵심 제품 및 서비스를 제공하고 이메일 서비스를 제공하는 주체로 등장. MSFT는 'Microsoft Corporation'으로 언급되며 GDDY의 핵심 제품 및 서비스를 지원하는 파트너이자 Microsoft 365를 통해 이메일 및 생산성 도구를 제공하는 주체로 등장.,근거 문장에 상대 종목 미등장 — 관계 근거로 불충분
GPN↔USB,DEPENDS_ON,"SEC 10-K: Elavon, Inc., a subsidiary of U.S. Bancorp",금융 서비스,False,COMPETES_WITH,pending,pending,True,True,0.3,True,pending,pending,False,True,False,금융·결제·거래소,본 문장은 다양한 금융 및 결제 서비스 제공업체를 나열하고 있다.,list|truncated,"(""Fiserv""), Chase Paymentech Solutions, LLC, Elavon, Inc., a subsidiary of U.S. Bancorp, Bank of America Merchant Services, Wells Fargo Merchant Services, Toast, Inc., Stripe, Inc. (""Stripe""), Shopify Inc.",GPN 10-K FY2025 · Item 1 사업,"GPN 미등장. USB는 'U.S. Bancorp'로 언급되며 Elavon, Inc.의 모회사로 등장.",
GS↔GS,DEPENDS_ON,SEC 10-K: Goldman Sachs Asset Management BV is subject to similar requirements as a management company license,자산 관리,False,,pending,pending,True,True,0.7,True,pending,pending,False,False,False,자산 관리,"골드만삭스 자산운용 BV는 EU UCITS 및 AIFM 지침에 따라 허가된 운용사로서 유사한 요구 사항을 준수하며, MiFID II에 따라 규제되는 특정 활동에 대한 추가 승인을 보유하고 있다.",truncated,Goldman Sachs Asset Management BV is subject to similar requirements as a management company licensed under the E.U. Undertakings for Collective Investment in Transferable Securities (UCITS) Directive and the E.U. Alternative Investment Fund Managers (AIFM) Directive with additional authorizations for certain activities regulated under MiFID II. Our asset management business in the E.U.,GS 10-K FY2025 · Item 7 MD&A,"GS는 'Goldman Sachs Asset Management BV'와 'Our asset management business in the E.U.'로 언급되며, 각각 EU 규제 요건을 따르는 운용사 및 EU 내 자산 관리 사업의 주체로 등장.",
HWM↔AEE,DEPENDS_ON,SEC 10-K: Arconic Architectural Products SAS (“AAP SAS”) (now a subsidiary of Arconic Corporation) supplied Re,건축 제품,False,SUPPLIES_TO,pending,pending,True,True,0.0,True,pending,pending,False,False,False,건축 제품,"2017년 6월 14일 그렌펠 화재와 관련하여, 현재 아코닉 코퍼레이션의 자회사인 아코닉 건축 제품 SAS가 고객에게 Reynobond PE를 공급했으며, 이 제품은 그렌펠 타워 전체 외장 시스템의 한 구성 요소로 사용되었다.",truncated,"on June 14, 2017 (“Grenfell Fire”), including the following: 
(i) 
Regulatory Investigations
.
 Arconic Architectural Products SAS (“AAP SAS”) (now a subsidiary of Arconic Corporation) supplied Reynobond PE to its customer who used the product as one component of the overall cladding system on Grenfell Tower. Regulatory Investigations into the overall Grenfell Fire are being conducted, including a criminal investigation by the London Metropolitan Police Service and a Public Inquiry by the British government (regarding which AAP SAS is a participant) (together, the “U.K.",HWM 10-K FY2025 · Item 1 사업,HWM 미등장. AEE 미등장.,
NVR↔NVR,DEPENDS_ON,"SEC 10-K: Because NVRM originates mortgage loans exclusively for our homebuilding customers, NVRM is dependent",모기지 대출,True,,auto_candidate,pending,True,True,1.0,True,auto_candidate,pending,False,False,False,모기지 대출,"NVRM은 NVR의 주택 건설 고객을 위한 모기지 대출을 취급하며 주택 건설 사업부에 의존적이다. NVRM은 2025년에 약 60억 달러 상당의 대출 16,400건을, 2024년에는 약 63억 달러 상당의 대출 17,300건을 완료했다.",truncated,"Because NVRM originates mortgage loans exclusively for our homebuilding customers, NVRM is dependent on our homebuilding segment. In 2025, NVRM closed approximately 16,400 loans with an aggregate principal amount of approximately $6.0 billion as compared to approximately 17,300 loans with an aggregate principal amount of approximately $6.3 billion in 2024.",NVR 10-K FY2025 · Item 7 MD&A,symbol_a는 NVRM의 모회사이자 주택 건설 사업부를 포함하는 회사이다. symbol_b는 NVRM의 모회사이자 주택 건설 사업부를 포함하는 회사이다.,
NWSA↔AMZN,DEPENDS_ON,"SEC 10-K: For example, the Company relies on Amazon Web Services to supply cloud-based services used in many o",클라우드 서비스,True,,auto_candidate,pending,True,True,1.0,True,auto_candidate,pending,False,False,False,클라우드·엔터프라이즈SW,회사는 많은 사업 활동에 사용되는 클라우드 기반 서비스를 아마존 웹 서비스에 의존한다. 또한 회사는 콘텐츠 공급업체와의 계약을 통해 상당한 데이터와 정보를 얻는다.,truncated,"For example, the Company relies on Amazon Web Services to supply cloud-based services used in many of the Company’s business activities and Google to provide workspace and other enterprise services. The Company also obtains significant data and information through contractual arrangements with content suppliers, some of which may be competitors.",NWSA 10-K FY2025 · Item 1A 위험,symbol_a는 아마존 웹 서비스의 클라우드 기반 서비스를 이용하는 회사이다. symbol_b는 회사에 클라우드 기반 서비스를 공급하는 Amazon Web Services의 모회사이다.,
NWSA↔GOOGL,DEPENDS_ON,SEC 10-K: and Google to provide workspace and other enterprise services.,기업용 솔루션,True,,auto_candidate,pending,True,True,0.9,True,auto_candidate,pending,False,False,False,기타,회사는 작업 공간 및 기타 기업 서비스를 위해 구글을 이용한다. 회사는 콘텐츠 공급업체와의 계약을 통해 중요한 데이터와 정보를 확보한다.,,"For example, the Company relies on Amazon Web Services to supply cloud-based services used in many of the Company’s business activities and Google to provide workspace and other enterprise services. The Company also obtains significant data and information through contractual arrangements with content suppliers, some of which may be competitors.",NWSA 10-K FY2025 · Item 1A 위험,symbol_a는 구글의 작업 공간 및 기업 서비스를 이용하는 회사이다. symbol_b는 회사에 작업 공간 및 기타 기업 서비스를 제공하는 구글이다.,
ORCL↔CVX,DEPENDS_ON,"SEC 10-K: For example, following our acquisition of Cerner Corporation, we also face competition from large he",,False,COMPETES_WITH,pending,pending,True,False,0.0,True,pending,pending,False,False,False,,"Cerner Corporation 인수 후, 회사는 Allscripts Healthcare Solutions, Inc.와 같은 대형 헬스케어 IT 제공업체들과 경쟁에 직면한다. 회사나 경쟁업체는 인수, 파트너십, 합작 투자 등의 전략적 조치를 취할 수 있다.",m&a|truncated,"For example, following our acquisition of Cerner Corporation, we also face competition from large healthcare IT providers such as Allscripts Healthcare Solutions, Inc., Arcadia Solutions, athenahealth, Inc., Epic Systems Corporation and InterSystems Corporation, among others. Moreover, we or our competitors may take certain strategic actions—including acquisitions, partnerships and joint ventures or repositioning of product lines—which invite even greater competition in one or more product offering categories.
 

11

Table of Contents

 
 

Key competitive factors in each of the segments in which we currently compete and may compete in the future include: total cost of ownership, performance, scalability, reliability, security, functionality, efficiency, ease of use, speed to production and quality of technical support.",ORCL 10-K FY2026 · Item 7 MD&A,"symbol_a는 Cerner Corporation을 인수한 회사이며, 경쟁에 직면해 있는 주체이다. symbol_b 미등장.",
PCAR↔CMI,DEPENDS_ON,"SEC 10-K: A loss of supply from Cummins, Eaton, ZF or Magna, and the resulting interruption in the production ",엔진,True,,auto_candidate,pending,True,True,0.95,True,auto_candidate,pending,False,True,False,자동차·부품·산업재,Cummins로부터의 공급 중단 및 이로 인한 트럭 생산 중단은 회사의 실적에 중대한 영향을 미칠 수 있다. 구매 자재 및 부품에는 원자재와 독립 공급업체가 제조한 완제품 부품이 포함된다.,list|truncated,"A loss of supply from Cummins, Eaton, ZF or Magna, and the resulting interruption in the production of trucks, would have a material effect on the Company’s results. Purchased materials and parts include raw materials, partially processed materials, such as castings, and finished components manufactured by independent suppliers.",PCAR 10-K FY2025 · Item 1 사업,symbol_a는 Cummins의 공급 중단으로 영향을 받을 수 있는 회사이다. symbol_b는 회사에 부품을 공급하는 주체 중 하나이다.,
PCAR↔ETN,DEPENDS_ON,"SEC 10-K: A loss of supply from Cummins, Eaton, ZF or Magna, and the resulting interruption in the production ",트럭 부품 공급,True,,auto_candidate,pending,True,True,0.9,True,auto_candidate,pending,False,True,False,자동차·부품·산업재,Eaton으로부터의 공급 중단 및 이로 인한 트럭 생산 중단은 회사의 실적에 중대한 영향을 미칠 수 있다. 구매 자재 및 부품에는 원자재와 독립 공급업체가 제조한 완제품 부품이 포함된다.,list|truncated,"A loss of supply from Cummins, Eaton, ZF or Magna, and the resulting interruption in the production of trucks, would have a material effect on the Company’s results. Purchased materials and parts include raw materials, partially processed materials, such as castings, and finished components manufactured by independent suppliers.",PCAR 10-K FY2025 · Item 1 사업,symbol_a는 Eaton의 공급 중단으로 영향을 받을 수 있는 회사이다. symbol_b는 회사에 부품을 공급하는 주체 중 하나이다.,
PCAR↔LII,DEPENDS_ON,"SEC 10-K: A loss of supply from Cummins, Eaton, ZF or Magna, and the resulting interruption in the production ",,False,DEPENDS_ON,pending,pending,False,True,0.0,True,noise_self_contradiction,pending,True,True,False,,"Cummins, Eaton, ZF 또는 Magna로부터의 공급 중단 및 이로 인한 트럭 생산 중단은 회사의 실적에 중대한 영향을 미칠 수 있다. 구매 자재 및 부품에는 원자재와 독립 공급업체가 제조한 완제품 부품이 포함된다.",list|target_absent|truncated,"A loss of supply from Cummins, Eaton, ZF or Magna, and the resulting interruption in the production of trucks, would have a material effect on the Company’s results. Purchased materials and parts include raw materials, partially processed materials, such as castings, and finished components manufactured by independent suppliers.",PCAR 10-K FY2025 · Item 1 사업,symbol_a는 공급 중단으로 영향을 받을 수 있는 회사이다. symbol_b 미등장.,근거 문장에 상대 종목 미등장 — 관계 근거로 불충분
PSA↔GOOGL,DEPENDS_ON,"SEC 10-K: Marketing initiatives, including our increasing dependence on Google to source customers, may fail t",디지털 마케팅,True,,auto_candidate,pending,True,True,1.0,True,auto_candidate,pending,False,False,False,디지털 마케팅,"회사는 고객 유치를 위해 구글에 대한 의존도가 증가하고 있으며, 이는 마케팅 이니셔티브의 효과에 부정적인 영향을 미칠 수 있다. 2025년 신규 스토리지 고객의 절반 이상이 구글의 유료 및 무료 검색 캠페인을 통해 유치되었다.",truncated,"Similar restrictions could be imposed in the future, including in response to significant events and these restrictions could adversely impact our operations.
Our marketing and pricing strategies may fail to be effective or may be constrained by factors outside of our control.
Marketing initiatives, including our increasing dependence on Google to source customers, may fail to be effective and could negatively impact financial performance. More than half of our new storage customers in 2025 were sourced directly or indirectly through “unpaid” search and “paid” search campaigns on Google.",PSA 10-K FY2025 · Item 1 사업,symbol_a는 고객 유치를 위해 구글에 의존하는 회사이다. symbol_b는 회사가 고객을 유치하는 데 활용하는 검색 캠페인을 제공하는 플랫폼이다.,
SMCI↔ALGN,DEPENDS_ON,SEC 10-K: Ablecom also coordinates the manufacturing of chassis for us.,,False,,pending,pending,False,True,0.0,True,pending,pending,False,False,False,,Ablecom은 회사를 위해 섀시 제조를 조율하며 대량의 계약 제조 서비스를 제공한다. 또한 Ablecom은 다양한 공급업체가 제조한 다수의 부품 및 서브어셈블리를 회사의 시설로 선적하기 전에 보관한다.,target_absent,"Ablecom also coordinates the manufacturing of chassis for us. In addition to providing a large volume of contract manufacturing services to us, Ablecom warehouses multiple components and subassemblies manufactured by various suppliers before shipping them to our facilities in the United States, Europe, and Asia.",SMCI 10-K FY2025 · Item 1 사업,symbol_a는 Ablecom으로부터 계약 제조 서비스를 받고 섀시 제조를 조율받는 회사이다. symbol_b 미등장.,근거 문장에 상대 종목 미등장 — 관계 근거로 불충분
SNDK↔WDC,DEPENDS_ON,"SEC 10-K: Prior to February 21, 2025, we were wholly owned by WDC.",,True,,auto_candidate,pending,True,True,1.0,True,auto_candidate,pending,False,False,True,,회사는 2025년 2월 21일 이전에 WDC에 의해 전적으로 소유되었다.,,"Prior to February 21, 2025, we were wholly owned by WDC.",SNDK 10-K FY2025,symbol_a는 2025년 2월 21일 이전에 symbol_b에 의해 전적으로 소유되었던 회사이다. symbol_b는 2025년 2월 21일 이전에 symbol_a를 전적으로 소유했던 회사이다.,
SYF↔FISV,DEPENDS_ON,"SEC 10-K: For example, our principal technology and related services (including credit card transaction proces",신용카드 거래 처리,False,SUPPLIES_TO,pending,pending,False,True,0.1,True,pending,pending,False,False,False,금융·결제·거래소,"SYF의 주요 기술 및 관련 서비스와 온라인 소매 예금 플랫폼은 Fiserv와의 계약을 통해 처리되며, Fiserv는 해당 서비스의 유일하거나 제한된 소스 중 하나이다.",target_absent|truncated,"For example, our principal technology and related services (including credit card transaction processing, production and related services (including the printing and mailing of customer statements)), and the platform for our online retail deposits are handled via a contractual arrangement with Fiserv. Fiserv, and, in some cases, other third-party vendors, are the sole source or one of a limited number of sources of the services they provide for us.",SYF 10-K FY2025 · Item 7 MD&A,"SYF는 서비스를 받는 주체로 등장하며, FISV는 SYF에게 기술 및 관련 서비스를 제공하는 계약 파트너로 등장한다.",근거 문장에 상대 종목 미등장 — 관계 근거로 불충분
TTWO↔MSFT,DEPENDS_ON,"SEC 10-K: Accordingly, console manufacturers like Sony or Microsoft could cause unanticipated delays in the re",게임 콘솔,True,,auto_candidate,pending,True,True,0.8,True,auto_candidate,pending,False,False,False,게임 콘솔,"소니나 마이크로소프트와 같은 콘솔 제조업체는 TTWO 제품 출시 지연 및 개발, 제조, 마케팅, 유통 비용 증가를 유발하여 TTWO 사업에 부정적인 영향을 미칠 수 있다.",truncated,"Accordingly, console manufacturers like Sony or Microsoft could cause unanticipated delays in the release of our products, as well as increases to projected development, manufacturing, marketing, or distribution costs, any of which could negatively impact our business.
Furthermore, our customers may also be placed into bankruptcy, become insolvent, or be liquidated due to economic downturns, global credit contractions, or other factors. Bankruptcies or consolidations of certain large retail customers could seriously hurt our business, including as a result of uncollectible accounts receivable from such customers and the concentration of purchasing power among large retailers.",TTWO 10-K FY2025 · Item 7 MD&A,"TTWO는 제품 출시가 지연되거나 비용이 증가할 수 있는 주체로 등장하며, MSFT는 TTWO 제품 출시 및 비용에 영향을 미칠 수 있는 콘솔 제조업체로 등장한다.",
VTRS↔PFE,DEPENDS_ON,SEC 10-K: certain reimbursements related to the Company’s obligation to reimburse Pfizer for certain financing,재무 상환 의무,True,,auto_candidate,pending,True,True,0.8,True,auto_candidate,pending,False,False,False,기타,VTRS는 사업결합계약 및 분리·배분계약에 따라 특정 금융 및 거래 관련 비용에 대해 Pfizer에 상환할 의무가 있다.,m&a|truncated,"certain reimbursements related to the Company’s obligation to reimburse Pfizer for certain financing and transaction related costs under the Business Combination Agreement and Separation and Distribution Agreement, certain other TSA related set-up and exit costs, and other business transformation and/or optimization initiatives, which are not part of a formal restructuring program, including employee separation and post-employment costs;
•
Other costs, incurred from time to time, related to certain special events or activities that lead to gains or losses, including, but not limited to, incremental manufacturing variances, contractual termination costs, certain remediation activities, asset write-downs, including other-than-temporary impairments of investments in equity or debt instruments, or liability adjustments;
•
Certain costs to further develop and optimize our global enterprise resource planning systems, operations and supply chain; 
•
Gains or losses from divestitures, including impairments of held for sale assets; and
•
The impact of changes related to uncertain tax positions are excluded from adjusted net earnings and adjusted EPS.",VTRS 10-K FY2025 · Item 7 MD&A,"VTRS는 특정 비용을 PFE에 상환할 의무가 있는 회사로 등장하며, PFE는 VTRS가 상환해야 할 비용의 대상 회사로 등장한다.",
WAT↔CI,DEPENDS_ON,SEC 10-K: including tariffs and export restrictions on certain manufacturing components imposed by China,,False,DEPENDS_ON,pending,pending,False,True,0.0,True,noise_self_contradiction,pending,True,False,False,,"미국 정부는 모든 수입품에 대해 다양한 수준의 관세를 부과했으며, 이는 중국을 포함한 여러 국가의 보복 관세 및 수출 제한을 유발했다.",target_absent|truncated,"government issued varying levels of tariffs on all imported goods into the U.S., including a baseline 10% tariff, subject to certain exceptions, which have also prompted retaliatory tariffs by a number of countries, including tariffs and export restrictions on certain manufacturing components imposed by China and tariffs pursuant to trade agreements the U.S. has entered into with certain countries.",WAT 10-K FY2025 · Item 1 사업,"WAT 미등장, CI 미등장.",근거 문장에 상대 종목 미등장 — 관계 근거로 불충분
WDC↔SNDK,DEPENDS_ON,"SEC 10-K: On February 21, 2025 (the “Separation Date”), we completed the separation of our HDD and Flash busin",하드 디스크 드라이브,False,SUPPLIES_TO,pending,pending,False,True,0.7,True,pending,pending,False,True,False,하드 디스크 드라이브,"2025년 2월 21일, WDC는 HDD 및 플래시 사업부를 분리하여 두 개의 독립적인 상장사를 만들었으며, WDC는 기존 HDD 사업에 집중하고 Sandisk Corporation(이전에는 WDC의 전액 출자 자회사)이 플래시 사업을 보유하게 되었다.",list|m&a|target_absent|truncated,"HDDs provide reliable, cost-effective, high-capacity storage needs for a wide range of applications, ranging from cloud data centers, enterprise storage systems, edge computing, and video surveillance to client and consumer devices.
On February 21, 2025 (the “Separation Date”), we completed the separation of our HDD and Flash business units (the “Separation”) to create two independent public companies, with Western Digital focusing on our existing HDD business and Sandisk Corporation (“Sandisk”), formerly a wholly-owned subsidiary of the Company, holding the Flash business. We believe the Separation better positions each business unit to execute innovative technology and product development, capitalize on unique growth opportunities, extend respective leadership positions, operate more efficiently with distinct capital structures, and pursue capital allocation strategies that maximize long-term shareholder value.
As global data creation continues to accelerate, particularly in the age of AI, and as the need to store and retain data also grows, we believe HDDs will continue to remain the preferred technology for storing large volumes of data as the most economical solution to the large cloud data centers for their mass storage needs.",WDC 10-K FY2025 · Item 1 사업,"WDC는 HDD 사업에 집중하는 분리된 회사로 등장하며, SNDK는 WDC의 플래시 사업을 보유하는 분리된 회사로 등장한다.",근거 문장에 상대 종목 미등장 — 관계 근거로 불충분
ABBV↔ABT,PARTNER_WITH,"SEC 10-K: On January 1, 2013, AbbVie became an independent, publicly-traded company as a result of the distrib",,False,COMPETES_WITH,pending,pending,False,True,0.7,True,pending,pending,False,False,False,,"2013년 1월 1일, Abbott Laboratories가 AbbVie의 발행된 보통주 100%를 주주들에게 배분함에 따라 AbbVie는 독립적인 상장 회사가 되었다.",m&a|target_absent|truncated,"On January 1, 2013, AbbVie became an independent, publicly-traded company as a result of the distribution by Abbott Laboratories (Abbott) of 100% of the outstanding common stock of AbbVie to Abbott's shareholders.",ABBV 10-K FY2025,"ABBV는 ABT로부터 분리되어 독립적인 상장 회사가 된 주체로 등장하며, ABT는 ABBV의 보통주를 주주들에게 배분하여 ABBV를 분리한 회사로 등장한다.",근거 문장에 상대 종목 미등장 — 관계 근거로 불충분
AKAM↔APTV,PARTNER_WITH,SEC 10-K: We market and sell our solutions globally through our field sales and services organization and thro,,False,PARTNER_WITH,pending,pending,False,True,0.0,True,noise_self_contradiction,pending,True,False,False,,AKAM은 현장 영업 및 서비스 조직과 다양한 채널 파트너를 통해 전 세계적으로 솔루션을 판매하고 마케팅한다.,target_absent|truncated,"Less than 10% of our total revenue in each of the years ended December 31, 2025, 2024 and 2023 was derived from contracts or subcontracts terminable at the election of the federal government.
Sales, Services and Marketing
We market and sell our solutions globally through our field sales and services organization and through many channel partners, including adidas, AHEAD, Avant, BV Tech, Carahsoft, CPD, Deloitte, Deutsche Telecom, Doyen, Guidepoint, Kyndryl, LevelBlue, Macnica, Microsoft Azure, Netpoleon, Oplium, Optiv, Presidio, SHI, Telefonica Group, Trace3 and WWT. In addition to entering into agreements with resellers, we have several other types of sales and marketing focused alliances with entities such as system integrators, application service providers, technology solution distributors, referral partners and marketplaces.",AKAM 10-K FY2025 · Item 1 사업,"AKAM은 솔루션을 판매하고 마케팅하는 주체로 등장하며, APTV 미등장.",근거 문장에 상대 종목 미등장 — 관계 근거로 불충분
AKAM↔MSFT,PARTNER_WITH,SEC 10-K: We market and sell our solutions globally through our field sales and services organization and thro,,False,PARTNER_WITH,pending,pending,False,True,0.0,True,noise_self_contradiction,pending,True,False,False,,AKAM은 현장 영업 및 서비스 조직과 다양한 채널 파트너를 통해 전 세계적으로 솔루션을 판매하고 마케팅한다.,target_absent|truncated,"Less than 10% of our total revenue in each of the years ended December 31, 2025, 2024 and 2023 was derived from contracts or subcontracts terminable at the election of the federal government.
Sales, Services and Marketing
We market and sell our solutions globally through our field sales and services organization and through many channel partners, including adidas, AHEAD, Avant, BV Tech, Carahsoft, CPD, Deloitte, Deutsche Telecom, Doyen, Guidepoint, Kyndryl, LevelBlue, Macnica, Microsoft Azure, Netpoleon, Oplium, Optiv, Presidio, SHI, Telefonica Group, Trace3 and WWT. In addition to entering into agreements with resellers, we have several other types of sales and marketing focused alliances with entities such as system integrators, application service providers, technology solution distributors, referral partners and marketplaces.",AKAM 10-K FY2025 · Item 1 사업,"AKAM은 솔루션을 판매하고 마케팅하는 주체로 등장하며, MSFT는 AKAM의 채널 파트너 중 하나인 'Microsoft Azure'의 일부로 등장한다.",근거 문장에 상대 종목 미등장 — 관계 근거로 불충분
ANET↔AVGO,PARTNER_WITH,"SEC 10-K: Our product development efforts also depend upon continued collaboration with our key suppliers, suc",,False,DEPENDS_ON,pending,pending,False,True,0.3,True,pending,pending,False,False,False,,"ANET의 제품 개발 노력은 Broadcom과 같은 주요 공급업체와의 지속적인 협력에 달려 있으며, ANET은 핵심 실리콘 벤더들과 협력하여 제품 개선을 추구한다.",target_absent|truncated,"Furthermore, our arrangements with contract manufacturers and suppliers typically do not impose purchase obligations for specific quantities beyond the amounts established in our submitted purchase orders or forecasts.
Our product development efforts also depend upon continued collaboration with our key suppliers, such as Broadcom. As we develop our product roadmap and continue to expand our relationships with these and other merchant silicon vendors, it is crucial that we collaborate closely with our key merchant silicon vendors to ensure that their silicon incorporates enhanced features and that our products leverage these improvements.",ANET 10-K FY2025 · Item 1 사업,"ANET은 제품 개발을 위해 공급업체와 협력하는 주체로 등장하며, AVGO는 ANET의 주요 공급업체 중 하나인 'Broadcom'으로 등장한다.",근거 문장에 상대 종목 미등장 — 관계 근거로 불충분
AXP↔AMZN,PARTNER_WITH,"SEC 10-K: For example, our two largest redemption partners are Amazon and Delta.",리워드 프로그램,True,,auto_candidate,pending,True,True,0.9,True,auto_candidate,pending,False,False,False,기타,AXP의 가장 큰 리뎀션 파트너 중 두 곳은 Amazon과 Delta이다.,,"For example, our two largest redemption partners are Amazon and Delta. Some of our partners manage certain aspects of our customer relationships, such as our OptBlue program participants.",AXP 10-K FY2025 · Item 7 MD&A,"AXP는 Amazon을 리뎀션 파트너로 두는 주체로 등장하며, AMZN은 AXP의 가장 큰 리뎀션 파트너 중 하나인 'Amazon'으로 등장한다.",
BKR↔NXT,PARTNER_WITH,"SEC 10-K: Over the past several years, we have made progress in strategic investments and acquisitions in emer",,False,PARTNER_WITH,pending,pending,False,True,0.0,True,noise_self_contradiction,pending,True,False,False,,"이 회사는 지난 몇 년간 신흥 에너지 기술에 전략적으로 투자하고 기업을 인수하여 CCUS, 수소, 청정 전력 및 e-연료를 발전시켰으며, 특정 회사들과 전략적 파트너십을 맺었습니다. 또한, 회사의 지속가능성 자문 서비스는 고객이 탄소 배출량을 정량화하고 효율적으로 줄이도록 돕고 있으며, 인공지능 기반 솔루션에 대한 고객의 수요가 증가하고 있습니다.",m&a|target_absent|truncated,"Over the past several years, we have made progress in strategic investments and acquisitions in emerging energy technologies to advance CCUS, hydrogen, clean power and e-fuels, and have established strategic partnerships with companies such as Fervo Energy, Frontier Carbon Solutions, HIF Global, and NET Power. Our Sustainability Advisory enables us to complement our low-to zero-carbon solutions with expert capabilities that help customers quantify and reduce emissions more efficiently, while also continuing to expand our low-to zero-carbon solutions.
•
Digital & artificial intelligence (""AI"") advancement:
 We are seeing growing demand for more intelligent operations and the adoption of AI-based solutions as part of our customers' digital transformations.",BKR 10-K FY2025 · Item 1 사업,"BKR: 'we'로 지칭되며 전략적 투자 및 인수, 파트너십을 맺고 지속가능성 자문 서비스를 제공하는 주체로 등장합니다. NXT: NXT 미등장.",근거 문장에 상대 종목 미등장 — 관계 근거로 불충분
BKR↔VLO,PARTNER_WITH,"SEC 10-K: Over the past several years, we have made progress in strategic investments and acquisitions in emer",,False,PARTNER_WITH,pending,pending,False,True,0.0,True,noise_self_contradiction,pending,True,False,False,,"이 회사는 지난 몇 년간 신흥 에너지 기술에 전략적으로 투자하고 기업을 인수하여 CCUS, 수소, 청정 전력 및 e-연료를 발전시켰으며, 특정 회사들과 전략적 파트너십을 맺었습니다. 또한, 회사의 지속가능성 자문 서비스는 고객이 탄소 배출량을 정량화하고 효율적으로 줄이도록 돕고 있으며, 인공지능 기반 솔루션에 대한 고객의 수요가 증가하고 있습니다.",m&a|target_absent|truncated,"Over the past several years, we have made progress in strategic investments and acquisitions in emerging energy technologies to advance CCUS, hydrogen, clean power and e-fuels, and have established strategic partnerships with companies such as Fervo Energy, Frontier Carbon Solutions, HIF Global, and NET Power. Our Sustainability Advisory enables us to complement our low-to zero-carbon solutions with expert capabilities that help customers quantify and reduce emissions more efficiently, while also continuing to expand our low-to zero-carbon solutions.
•
Digital & artificial intelligence (""AI"") advancement:
 We are seeing growing demand for more intelligent operations and the adoption of AI-based solutions as part of our customers' digital transformations.",BKR 10-K FY2025 · Item 1 사업,"BKR: 'we'로 지칭되며 전략적 투자 및 인수, 파트너십을 맺고 지속가능성 자문 서비스를 제공하는 주체로 등장합니다. VLO: VLO 미등장.",근거 문장에 상대 종목 미등장 — 관계 근거로 불충분
BLK↔HPQ,PARTNER_WITH,"SEC 10-K: BlackRock recorded approximately $3.0 billion of indefinite-lived management contracts, $2.7 billion",,False,PARTNER_WITH,pending,pending,False,True,0.0,True,noise_self_contradiction,pending,True,False,False,,"2025년 BlackRock은 HPS 거래와 관련하여 무한정 관리 계약, 유한정 관리 계약 및 유한정 투자자 관계를 기록했으며, Preqin 거래와 관련하여 유한정 고객 관계 및 유한정 기술 관련 무형 자산을 기록했습니다. HPS 거래 및 Preqin 거래와 관련된 자산의 취득일 공정 가치는 각각 수익 접근법과 대체 원가 접근법을 사용하여 결정되었습니다.",m&a|target_absent|truncated,"Unanticipated events may affect these assumptions.
 
During 2025, BlackRock recorded approximately $3.0 billion of indefinite-lived management contracts, $2.7 billion of finite-lived management contracts and $1.0 billion of finite-lived investor relationships in connection with the HPS Transaction and $1.1 billion of finite-lived customer relationships and $125 million of finite-lived technology-related intangible assets in connection with the Preqin Transaction.
The acquisition date fair value of the indefinite and finite-lived management contracts as well as finite-lived investor relationships recorded in connection with the HPS Transaction were determined using an income approach. The assumptions used in the income approach primarily included discount rates ranging from 8.0%-12.0%, as well as estimated revenue projections, synergies, investor attrition, operating profits and tax rates.
 
The acquisition date fair value of customer relationships and technology-related intangible assets recorded in connection with the Preqin Transaction were determined using an income approach and a replacement cost approach, respectively.",BLK 10-K FY2025 · Item 1 사업,BLK: 'BlackRock'으로 명시되어 HPS Transaction 및 Preqin Transaction과 관련하여 특정 계약 및 자산을 기록한 주체로 등장합니다. HPQ: HPQ 미등장.,근거 문장에 상대 종목 미등장 — 관계 근거로 불충분
CAH↔IONQ,PARTNER_WITH,SEC 10-K: The performance of our MSO platforms positively impacted the year-over-year comparison of Pharma seg,,False,COMPETES_WITH,pending,pending,False,True,0.0,True,pending,pending,False,False,False,,회사의 MSO 플랫폼 성과는 GIA 및 ION 인수로 인해 2025 회계연도에 제약 부문 이익의 전년 대비 비교에 긍정적인 영향을 미쳤습니다. 회사가 의사 진료 지원 및 관리 서비스를 성공적으로 제공하고 MSO 플랫폼 인수로부터 기대하는 가치를 얻는 능력은 여러 요인에 따라 달라집니다.,m&a|target_absent|truncated,"These risks and uncertainties may impact Pharma segment profit and consolidated operating earnings during fiscal 2026 and beyond.
Management Service Organization Platforms
The performance of our MSO platforms positively impacted the year-over-year comparison of Pharma segment profit during fiscal 2025 due to the acquisitions of GIA and ION. Our ability to successfully provide physician practice support and management services, and to receive the value we expect to receive from our recent acquisition of MSO platforms, depends upon a number of factors, including: the ability to develop or acquire and integrate appropriate practice management and support expertise; the ability to support recruitment, integration, and retention of sufficient numbers of local providers and staff; the ability to successfully support negotiations with vendors, suppliers, and payors; the reimbursement environment; and competition from other healthcare organizations.
Global Medical Products and Distribution Segment
Volumes
Cardinal Health brand medical products sales grew during fiscal 2025 and we expect further growth in fiscal 2026 and beyond.",CAH 10-K FY2025 · Item 7 MD&A,CAH: 'Our' 및 'Cardinal Health'로 지칭되며 MSO 플랫폼의 성과 및 GIA와 ION 인수에 대해 설명하는 주체로 등장합니다. IONQ: 'ION'으로 명시되어 CAH가 2025 회계연도에 인수한 대상 중 하나로 등장합니다.,근거 문장에 상대 종목 미등장 — 관계 근거로 불충분
CB↔BLK,PARTNER_WITH,"SEC 10-K: In addition, Chubb has an arrangement with BlackRock, Inc. under which both Chubb and BlackRock, Inc",,True,,auto_candidate,pending,True,True,0.9,True,auto_candidate,pending,False,True,False,,"Chubb는 BlackRock, Inc.와 특정 수수료의 총액에 대해 동등한 지분을 가질 수 있는 계약을 맺고 있으며, 이는 ABR Re와의 각 재보험 및 투자 관리 계약과 관련되어 있습니다. 이 BlackRock, Inc.와의 계약으로 인해 회사는 2025년, 2024년, 2023년에 각각 3백만 달러, 12백만 달러, 8백만 달러의 수익을 기록했습니다.",list|truncated,"In addition, Chubb has an arrangement with BlackRock, Inc. under which both Chubb and BlackRock, Inc. will be entitled to an equal share of the aggregate amount of certain fees, including underwriting and investment management performance related fees, in connection with their respective reinsurance and investment management arrangements with ABR Re. In connection with this arrangement with BlackRock, Inc., we recorded income of $
3
 million, $
12
 million, and $
8
 million in 
2025
, 
2024
, and 
2023
, respectively, which is recorded in Other (income) expense on the Consolidated statements of operations.",CB 10-K FY2025 · Item 1 사업,"CB: 'Chubb'로 명시되어 BlackRock, Inc.와 계약을 맺은 주체이자 ABR Re와의 재보험 및 투자 관리 계약과 관련하여 수익을 기록한 주체로 등장합니다. BLK: 'BlackRock, Inc.'로 명시되어 Chubb와 계약을 맺은 상대방이자 ABR Re와의 재보험 및 투자 관리 계약과 관련하여 특정 수수료의 지분을 가질 주체로 등장합니다.",
CRWD↔AMZN,PARTNER_WITH,"SEC 10-K: To further meet the compliance demands of the government, customers can elect to deploy the Falcon p",,False,,pending,pending,False,True,0.0,True,pending,pending,False,False,False,,"정부의 규제 요구를 충족하기 위해 고객은 AWS GovCloud에 Falcon 플랫폼을 배포할 수 있으며, 이 회사는 여러 정부 전체 사이버 보안 프로그램 및 계약에 성공적으로 통합되었습니다.",target_absent|truncated,"To further meet the compliance demands of the government, customers can elect to deploy the Falcon platform in the AWS GovCloud. We have also successfully been embedded into several strategic government-wide cybersecurity programs and contracts, such as the Department of Homeland Security’s Continuous Diagnostics and Mitigation Approved Products List, which serves to provide federal agencies with innovative security tools.",CRWD 10-K FY2025 · Item 1 사업,CRWD: 'We'로 지칭되며 Falcon 플랫폼을 제공하고 정부 사이버 보안 프로그램에 통합된 주체로 등장합니다. AMZN: 'AWS GovCloud'의 일부로서 Falcon 플랫폼이 배포될 수 있는 클라우드 환경을 제공하는 주체로 등장합니다.,근거 문장에 상대 종목 미등장 — 관계 근거로 불충분
DAL↔AXP,PARTNER_WITH,"SEC 10-K: This is primarily composed of revenues related to lounge access, including access provided to certai",공항 라운지 서비스,True,,pending,pending,False,True,0.8,True,pending,pending,False,False,False,공항 라운지 서비스,"2025년과 2024년 12월 31일로 마감된 기간 동안 MRO 사업은 각각 8억 2천2백만 달러와 6억 5천8백만 달러의 수익을 창출했으며, 이는 주로 라운지 이용, 여행 상품, 공동운항 계약 및 국제 합작 투자 파트너십 계약 정산과 관련된 수익으로 구성됩니다.",indirect|target_absent|truncated,"During the years ended December 31, 2025 and 2024, the MRO business generated revenues of $822 million and $658 million, respectively.
Miscellaneous.
 This is primarily composed of revenues related to lounge access, including access provided to certain American Express cardholders, travel products (e.g., car rentals or hotels booked with our commercial partners), codeshare agreements and international joint venture partnership contractual settlements. The increase in revenues was primarily driven by growth in travel products, codeshare and lounge access.
Delta Air Lines, Inc.",DAL 10-K FY2025 · Item 7 MD&A,"DAL: 'Delta Air Lines, Inc.'로 명시되어 해당 재무 정보를 보고하는 회사로 등장합니다. AXP: 'American Express cardholders'로 언급되며, 특정 카드 소지자에게 라운지 이용 혜택이 제공되는 대상의 주체로 간접적으로 언급됩니다.",근거 문장에 상대 종목 미등장 — 관계 근거로 불충분
DLR↔DLR,PARTNER_WITH,"SEC 10-K: Digital Realty Trust, Inc. (the Parent), through its controlling interest in Digital Realty Trust, L",,False,DEPENDS_ON,pending,pending,True,True,0.9,True,pending,pending,False,True,False,,"Digital Realty Trust, Inc.는 Digital Realty Trust, L.P.에 대한 지배 지분과 그 자회사를 통해 클라우드, 정보 기술 서비스, 금융 서비스 등 다양한 산업 분야의 고객을 위한 데이터 센터 솔루션을 제공하는 선도적인 글로벌 공급업체입니다. Operating Partnership은 Parent가 데이터 센터를 소유, 취득, 개발 및 운영하는 사업을 수행하는 법인입니다.",list|truncated,"Digital Realty Trust, Inc. (the Parent), through its controlling interest in Digital Realty Trust, L.P. (the Operating Partnership or the OP) and the subsidiaries of the OP (collectively, we, our, us or the Company), is a leading global provider of data center (including colocation and interconnection) solutions for customers across a variety of industry verticals ranging from cloud and information technology services, social networking and communications to financial services, manufacturing, energy, healthcare, and consumer products. The OP, a Maryland limited partnership, is the entity through which the Parent, a Maryland corporation, conducts its business of owning, acquiring, developing and operating data centers.",DLR 10-K FY2025 · Item 1 사업,"DLR (symbol_a): 'Digital Realty Trust, Inc.' 및 'the Parent'로 명시되며, 데이터 센터 솔루션의 글로벌 공급업체이자 Operating Partnership을 통해 사업을 운영하는 주체입니다. DLR (symbol_b): 'Digital Realty Trust, L.P.' 및 'the Operating Partnership (OP)'으로 명시되며, Digital Realty Trust, Inc.가 지배 지분을 통해 사업을 수행하는 파트너십 법인으로 등장합니다.",
EA↔MSFT,PARTNER_WITH,"SEC 10-K: Addendum to Xbox Console Publisher License Agreement, effective as of July 1, 2024, between Microsof",비디오 게임,True,,pending,pending,False,True,0.9,True,pending,pending,False,True,False,비디오 게임,"2024년 7월 1일부로 Microsoft Corporation, Electronic Arts Inc. 및 EA Swiss Sàrl 간에 Xbox Console Publisher License Agreement의 추가 계약이 체결되었습니다.",list|target_absent|truncated,"and EA Swiss Sàrl
10-Q
000-17948
11/10/2020
10.19**
Addendum to Xbox Console Publisher License Agreement, effective as of July 1, 2024, between Microsoft Corporation, Electronic Arts Inc. and EA Swiss Sàrl
10-Q
000-17948
8/2/2024
10.20**
Playstation Global Developer & Publisher Agreement, dated April 1, 2018, by and among Electronic Arts Inc., EA International (Studio & Publishing) Ltd., Sony Interactive Entertainment Inc., Sony Interactive Entertainment LLC, and Sony Interactive Entertainment Europe Ltd
10-Q
000-17948
8/8/2018
10.21**
PlayStation 5 Amendment to the PlayStation Global Developer and Publisher Agreement, dated as of October 15, 2020, by and among Electronic Arts Inc., EA Swiss Sàrl, Sony Interactive Entertainment, Inc., Sony Interactive Entertainment LLC, and Sony Interactive Entertainment Europe Limited
10-Q
000-17948
11/10/2020
10.22
Credit Agreement, dated March 22, 2023, by and among Electronic Arts Inc., the lenders from time to time party thereto, and JPMorgan Chase Bank, N.A., as Administrative Agent
8-K
000-17948
3/22/2023
10.23
Voting, Support and Rollover Agreement, by and among Electronic Arts Inc., Oak-Eagle AcquireCo, Inc. and the Public Investment Fund, dated as of September 28, 2025
8-K
000-17948
9/29/2025
10.24
Form of Voting and Support Agreement, by and between Electronic Arts Inc.",EA 10-K FY2026 · Item 1 사업,EA: 'Electronic Arts Inc.'로 명시되어 Microsoft Corporation 및 EA Swiss Sàrl과 Xbox Console Publisher License Agreement의 추가 계약을 체결한 당사자 중 하나로 등장합니다. MSFT: 'Microsoft Corporation'으로 명시되어 Electronic Arts Inc. 및 EA Swiss Sàrl과 Xbox Console Publisher License Agreement의 추가 계약을 체결한 당사자 중 하나로 등장합니다.,근거 문장에 상대 종목 미등장 — 관계 근거로 불충분
EQT↔XEL,PARTNER_WITH,"SEC 10-K: Prior to that he served as Senior Director, Technical Accounting and Financial Reporting at Rice Ene",,False,,pending,pending,False,True,0.0,True,pending,pending,False,False,False,,해당 인물은 2014년 12월부터 2017년 11월 EQT의 인수에 이르기까지 그리고 2018년 2월까지 Rice Energy Inc.에서 기술 회계 및 재무 보고 담당 선임 이사를 역임했습니다.,indirect|m&a|target_absent|truncated,"Prior to that he served as Senior Director, Technical Accounting and Financial Reporting at Rice Energy Inc. from December 2014 through its acquisition by EQT in November 2017 and until February 2018. Prior to joining Rice Energy, Mr.",EQT 10-K FY2025 · Item 1 사업,EQT: Rice Energy Inc.를 2017년 11월에 인수한 주체로 등장합니다. XEL: XEL 미등장.,근거 문장에 상대 종목 미등장 — 관계 근거로 불충분
EXR↔EXR,PARTNER_WITH,"SEC 10-K: The Company’s interest in its stores is held through its operating partnership, Extra Space Storage ",스토리지 운영,True,,auto_candidate,pending,True,True,0.9,True,auto_candidate,pending,False,False,False,기타,"회사는 2004년 5월 5일에 설립된 운영 파트너십인 Extra Space Storage LP를 통해 매장에 대한 지분을 보유합니다. 회사의 주요 자산은 이 운영 파트너십의 무한책임사원 및 유한책임사원 지분이며, 이는 변동지분실체의 정의를 충족하고 연결됩니다.",truncated,"The Company’s interest in its stores is held through its operating partnership, Extra Space Storage LP (the “Operating Partnership”), which was formed on May 5, 2004. The Company’s primary assets are general partner and limited partner interests in the Operating Partnership, which meets the definition of a variable interest entity and is consolidated.",EXR 10-K FY2025 · Item 1 사업,"symbol_a는 ""The Company""로서 문장 내에서 자사를 지칭합니다. symbol_b는 ""Extra Space Storage LP (the “Operating Partnership”)""로서 symbol_a의 운영 파트너십의 이름입니다.",
FTNT↔AMZN,PARTNER_WITH,"SEC 10-K: Depending on the solution or form factor purchased, customers may also access our products via the c",,False,PARTNER_WITH,pending,pending,False,True,0.1,True,noise_self_contradiction,pending,True,False,False,,"구매하는 솔루션이나 폼 팩터에 따라, 고객들은 회사(우리)의 데이터 센터, PoP, 타사 코로케이션 및 Amazon Web Services, Microsoft Azure, Google Cloud와 같은 클라우드 제공업체를 통해 클라우드에서 제품에 접근할 수 있습니다. 고객들은 또한 회사의 FortiGuard 및 기타 보안 구독 서비스와 FortiCare 기술 지원 서비스를 구매하기도 합니다.",target_absent|truncated,"Depending on the solution or form factor purchased, customers may also access our products via the cloud through our data centers and PoPs, third-party colocations and cloud providers such as Amazon Web Services, 
5
Table of Contents
Microsoft Azure and Google Cloud. Often, our customers also purchase our FortiGuard and other security subscription services and FortiCare technical support services.",FTNT 10-K FY2025 · Item 1 사업,"symbol_a는 ""our products"" 및 ""our data centers""에서 ""our""로 지칭되는 회사입니다. symbol_b는 ""Amazon Web Services""로서, 클라우드 제공업체의 한 예시로 언급됩니다.",근거 문장에 상대 종목 미등장 — 관계 근거로 불충분
GDDY↔AMZN,PARTNER_WITH,"SEC 10-K: We also work to make certain of our products interoperable with services such as Yelp, Google, Amazo",서비스 연동,True,,pending,pending,False,True,0.9,True,pending,pending,False,True,False,기타,"우리는 Yelp, Google, Amazon, WhatsApp 및 Instagram과 같은 서비스와 특정 제품의 상호 운용성을 확보하기 위해 노력하며, PayPal, Stripe, Block, Mercado Libre와 같은 제공업체와의 파트너십 및 기술 통합을 포함한 다양한 결제 옵션을 고객에게 제공합니다. 우리는 고객에게 이러한 제품 제공 및 도구를 제공하고, 제공 가능한 솔루션 및 도구 제품군을 확장하며, 신규 고객 유치 및 기존 고객 유지 및 성장을 돕기 위해 파트너십에 투자해왔고 앞으로도 계속 투자할 것입니다.",list|target_absent|truncated,"We also work to make certain of our products interoperable with services such as Yelp, Google, Amazon, WhatsApp and Instagram and, we provide various payment options for customers, including through our partnerships and technical integrations with providers such as PayPal, Stripe, Block and Mercado Libre. 
We have invested and will continue to invest in our partnerships to provide these product offerings and tools to our customers, to assist us in expanding the suite of solutions and tools we can offer to our customers and to help us attract new customers and retain and grow our existing customers.",GDDY 10-K FY2025 · Item 1 사업,"symbol_a는 ""We"" 및 ""our products""에서 ""We"" 및 ""our""로 지칭되는 회사입니다. symbol_b는 ""Amazon""으로서, 제품 상호 운용성을 확보하려는 서비스 중 하나로 언급됩니다.",근거 문장에 상대 종목 미등장 — 관계 근거로 불충분
GDDY↔GOOGL,PARTNER_WITH,"SEC 10-K: We also work to make certain of our products interoperable with services such as Yelp, Google, Amazo",웹 서비스 연동,True,,auto_candidate,pending,True,True,0.9,True,auto_candidate,pending,False,True,False,기타,"우리는 Yelp, Google, Amazon, WhatsApp 및 Instagram과 같은 서비스와 특정 제품의 상호 운용성을 확보하기 위해 노력하며, PayPal, Stripe, Block, Mercado Libre와 같은 제공업체와의 파트너십 및 기술 통합을 포함한 다양한 결제 옵션을 고객에게 제공합니다. 우리는 고객에게 이러한 제품 제공 및 도구를 제공하고, 제공 가능한 솔루션 및 도구 제품군을 확장하며, 신규 고객 유치 및 기존 고객 유지 및 성장을 돕기 위해 파트너십에 투자해왔고 앞으로도 계속 투자할 것입니다.",list|truncated,"We also work to make certain of our products interoperable with services such as Yelp, Google, Amazon, WhatsApp and Instagram and, we provide various payment options for customers, including through our partnerships and technical integrations with providers such as PayPal, Stripe, Block and Mercado Libre. 
We have invested and will continue to invest in our partnerships to provide these product offerings and tools to our customers, to assist us in expanding the suite of solutions and tools we can offer to our customers and to help us attract new customers and retain and grow our existing customers.",GDDY 10-K FY2025 · Item 1 사업,"symbol_a는 ""We"" 및 ""our products""에서 ""We"" 및 ""our""로 지칭되는 회사입니다. symbol_b는 ""Google""로서, 제품 상호 운용성을 확보하려는 서비스 중 하나로 언급됩니다.",
GDDY↔META,PARTNER_WITH,"SEC 10-K: We also work to make certain of our products interoperable with services such as Yelp, Google, Amazo",,False,PARTNER_WITH,pending,pending,False,True,0.0,True,noise_self_contradiction,pending,True,True,False,,"우리는 Yelp, Google, Amazon, WhatsApp 및 Instagram과 같은 서비스와 특정 제품의 상호 운용성을 확보하기 위해 노력하며, PayPal, Stripe, Block, Mercado Libre와 같은 제공업체와의 파트너십 및 기술 통합을 포함한 다양한 결제 옵션을 고객에게 제공합니다. 우리는 고객에게 이러한 제품 제공 및 도구를 제공하고, 제공 가능한 솔루션 및 도구 제품군을 확장하며, 신규 고객 유치 및 기존 고객 유지 및 성장을 돕기 위해 파트너십에 투자해왔고 앞으로도 계속 투자할 것입니다.",list|target_absent|truncated,"We also work to make certain of our products interoperable with services such as Yelp, Google, Amazon, WhatsApp and Instagram and, we provide various payment options for customers, including through our partnerships and technical integrations with providers such as PayPal, Stripe, Block and Mercado Libre. 
We have invested and will continue to invest in our partnerships to provide these product offerings and tools to our customers, to assist us in expanding the suite of solutions and tools we can offer to our customers and to help us attract new customers and retain and grow our existing customers.",GDDY 10-K FY2025 · Item 1 사업,"symbol_a는 ""We"" 및 ""our products""에서 ""We"" 및 ""our""로 지칭되는 회사입니다. symbol_b는 ""Instagram"" 및 ""WhatsApp""으로서, 언급된 서비스 중 하나입니다.",근거 문장에 상대 종목 미등장 — 관계 근거로 불충분
GDDY↔XYZ,PARTNER_WITH,"SEC 10-K: we provide various payment options for customers, including through our partnerships and technical i",결제 서비스,True,,pending,pending,False,True,0.3,True,pending,pending,False,False,False,금융·결제·거래소,"우리는 Yelp, Google, Amazon, WhatsApp 및 Instagram과 같은 서비스와 특정 제품의 상호 운용성을 확보하기 위해 노력하며, PayPal, Stripe, Block, Mercado Libre와 같은 제공업체와의 파트너십 및 기술 통합을 포함한 다양한 결제 옵션을 고객에게 제공합니다. 우리는 고객에게 이러한 제품 제공 및 도구를 제공하고, 제공 가능한 솔루션 및 도구 제품군을 확장하며, 신규 고객 유치 및 기존 고객 유지 및 성장을 돕기 위해 파트너십에 투자해왔고 앞으로도 계속 투자할 것입니다.",target_absent|truncated,"We also work to make certain of our products interoperable with services such as Yelp, Google, Amazon, WhatsApp and Instagram and, we provide various payment options for customers, including through our partnerships and technical integrations with providers such as PayPal, Stripe, Block and Mercado Libre. 
We have invested and will continue to invest in our partnerships to provide these product offerings and tools to our customers, to assist us in expanding the suite of solutions and tools we can offer to our customers and to help us attract new customers and retain and grow our existing customers.",GDDY 10-K FY2025 · Item 1 사업,"symbol_a는 ""We"" 및 ""our products""에서 ""We"" 및 ""our""로 지칭되는 회사입니다. symbol_b 미등장.",근거 문장에 상대 종목 미등장 — 관계 근거로 불충분
HCA↔HCA,PARTNER_WITH,"SEC 10-K: The terms “HCA,” “Company,” “we,” “our,” or “us,” as used herein, refer to HCA Healthcare, Inc. and ",,False,PARTNER_WITH,pending,pending,True,True,0.0,True,noise_self_contradiction,pending,True,True,True,,"문서에서 사용된 ""HCA"", ""Company"", ""we"", ""our"", ""us""라는 용어는 HCA Healthcare, Inc.와 그 계열사를 지칭합니다. ""계열사""는 HCA Healthcare, Inc.의 직접 및 간접 자회사와 해당 자회사가 파트너로 참여하는 파트너십 및 합작 투자사를 의미합니다.",list|truncated,"The terms “HCA,” “Company,” “we,” “our,” or “us,” as used herein, refer to HCA Healthcare, Inc. and its affiliates. The term “affiliates” means direct and indirect subsidiaries of HCA Healthcare, Inc. and partnerships and joint ventures in which such subsidiaries are partners.
 
Forward-Looking Statements
This annual report on Form 10-K includes certain disclosures that contain “forward-looking statements,” within the meaning of the federal securities laws, which involve risks and uncertainties. Forward-looking statements include statements regarding expected capital expenditures, expected dividends, expected share repurchases, expected net claim payments, expected inflationary pressures and all other statements that do not relate solely to historical or current facts, and can be identified by the use of words like “may,” “believe,” “will,” “expect,” “project,” “estimate,” “anticipate,” “plan,” “initiative” or “continue.” These forward-looking statements are based on our current plans and expectations and are subject to a number of known and unknown uncertainties and risks, many of which are beyond our control, which could significantly affect current plans and expectations and our future financial position and results of operations.",HCA 10-K FY2025 · Item 7 MD&A,"symbol_a는 ""HCA,"" ""Company,"" ""we,"" ""our,"" 또는 ""us""로 지칭되며 HCA Healthcare, Inc.와 그 계열사를 의미합니다. symbol_b는 ""HCA Healthcare, Inc.""로서 symbol_a가 지칭하는 대상의 공식 명칭으로 언급됩니다.",
INCY↔REGN,PARTNER_WITH,"SEC 10-K: in 2022 and 2023, we decided to terminate our collaborations with Calithera Biosciences, Inc. and Sy",,False,PARTNER_WITH,pending,pending,False,True,0.0,True,noise_self_contradiction,pending,True,True,False,,"2022년 1월에 우리는 Merus와의 협력 하에 가장 발전된 화합물인 MCLA-145의 지속적인 개발에서 탈퇴하기로 결정했습니다. 또한 2022년과 2023년에는 Calithera Biosciences, Inc. 및 Syros Pharmaceuticals, Inc.와의 협력을 종료하기로 결정했습니다.",list|target_absent|truncated,"For example, in January 2022, we decided to opt-out of the continued development with Merus of MCLA-145, which was the most advanced compound under our collaboration with Merus, and in 2022 and 2023, we decided to terminate our collaborations with Calithera Biosciences, Inc. and Syros Pharmaceuticals, Inc. If we make or incur contractual obligations to make significant upfront payments in connection with licenses for late-stage drug candidates, and if any of those drug candidates do not receive marketing approval or commercial sales as anticipated or we have to fund additional clinical trials before marketing approval can be obtained, we will have expended significant funds that might have been applied for other uses or we may have to expend funds that were not otherwise budgeted or anticipated in connection with the collaboration, and such developments could have a material adverse effect on our stock price and our ability to pursue other transactions.",INCY 10-K FY2025 · Item 1 사업,"symbol_a는 ""we""로 지칭되는 회사입니다. symbol_b 미등장.",근거 문장에 상대 종목 미등장 — 관계 근거로 불충분
KDP↔KO,PARTNER_WITH,"SEC 10-K: These bottlers may be affiliated with Coca-Cola or with PepsiCo, or they may be independent.",,False,COMPETES_WITH,pending,pending,True,True,0.0,True,pending,pending,False,False,False,,이들 보틀러는 코카콜라 또는 펩시코와 제휴 관계를 맺거나 독립적일 수 있습니다. 이러한 계약들은 보틀러 및 유통업체가 허가된 제품을 독점 구역 밖에서 판매하거나 해당 구역 내에서 모방 제품을 판매하는 것을 금지합니다.,,"These bottlers may be affiliated with Coca-Cola or with PepsiCo, or they may be independent. These agreements prohibit bottlers and distributors from selling the licensed products outside their exclusive territory and from selling any imitative products in that territory.",KDP 10-K FY2025 · Item 1 사업,"symbol_a 미등장. symbol_b는 ""Coca-Cola""로 언급되며, 보틀러들이 제휴를 맺을 수 있는 회사 중 하나입니다.",
KDP↔PEP,PARTNER_WITH,"SEC 10-K: These bottlers may be affiliated with Coca-Cola or with PepsiCo, or they may be independent.",,False,COMPETES_WITH,pending,pending,True,True,0.0,True,pending,pending,False,False,False,,이들 보틀러는 코카콜라 또는 펩시코와 제휴 관계를 맺거나 독립적일 수 있습니다. 이러한 계약들은 보틀러 및 유통업체가 허가된 제품을 독점 구역 밖에서 판매하거나 해당 구역 내에서 모방 제품을 판매하는 것을 금지합니다.,,"These bottlers may be affiliated with Coca-Cola or with PepsiCo, or they may be independent. These agreements prohibit bottlers and distributors from selling the licensed products outside their exclusive territory and from selling any imitative products in that territory.",KDP 10-K FY2025 · Item 1 사업,"symbol_a 미등장. symbol_b는 ""PepsiCo""로 언급되며, 보틀러들이 제휴를 맺을 수 있는 회사 중 하나입니다.",
KDP↔SBUX,PARTNER_WITH,"SEC 10-K: Our partner brands include Starbucks, Dunkin', Folgers, and Peet's, among others.",커피 제품,True,,auto_candidate,pending,True,True,1.0,True,auto_candidate,pending,False,True,False,커피 제품,"KDP의 파트너 브랜드 중에는 스타벅스, 던킨, 폴저스 등이 포함되며, KDP는 셀레스티얼 시즈닝스 및 비글로우와 같은 브랜드의 차(tea) K-Cup 포드 제조, 유통 및 판매 계약을 맺고 있습니다.",list,"Our partner brands include Starbucks, Dunkin', Folgers, and Peet's, among others. We have agreements for manufacturing, distributing, and selling K-Cup pods for tea under brands such as Celestial Seasonings and Bigelow.",KDP 10-K FY2025 · Item 1 사업,"KDP는 (자사의) 파트너 브랜드들과 K-Cup 포드 제조, 유통 및 판매 계약을 맺고 있는 주체입니다. SBUX는 KDP의 파트너 브랜드 중 하나입니다.",
LEN↔INVH,PARTNER_WITH,"SEC 10-K: In April 2024, Upward America entered into a joint venture agreement and property management agreeme",단독 주택 임대,True,,pending,pending,False,True,0.9,True,pending,pending,False,False,False,단독 주택 임대,"2024년 4월, Upward America는 Invitation Homes와 합작 투자 및 자산 관리 계약을 체결했으며, Lennar는 Upward America Venture를 위한 특정 자산 관리 서비스를 Invitation Homes에 위탁했습니다.",target_absent|truncated,"In April 2024, Upward America entered into a joint venture agreement and property management agreement with Invitation Homes. In addition, Lennar engaged Invitation Homes to provide certain asset management services for the Upward America Venture.",LEN 10-K FY2025 · Item 1 사업,LEN은 Invitation Homes에 Upward America Venture를 위한 자산 관리 서비스 제공을 위탁한 주체입니다. INVH는 Upward America와 합작 투자 및 자산 관리 계약을 체결하고 Lennar에게 자산 관리 서비스를 제공하는 주체입니다.,근거 문장에 상대 종목 미등장 — 관계 근거로 불충분
MCK↔APO,PARTNER_WITH,"SEC 10-K: on April 20, 2026, we announced a definitive agreement under which funds managed by affiliates of Ap",,True,,pending,pending,False,True,0.8,True,pending,pending,False,False,False,,"MCK는 분리 전략의 일환으로 2026년 4월 20일, Apollo Global Management, Inc. 계열사가 운용하는 펀드(Apollo Funds)가 약 12억 5천만 달러를 투자하여 MCK의 Medical-Surgical Solutions 부문에서 약 13%의 소수 지분을 취득할 예정이라는 최종 계약을 발표했습니다.",m&a|target_absent|truncated,"As a part of the separation strategy, on April 20, 2026, we announced a definitive agreement under which funds managed by affiliates of Apollo Global Management, Inc. (“Apollo Funds”) will acquire approximately 13% minority ownership interest in our Medical‑Surgical Solutions segment through an investment of approximately $1.25 billion in the segment’s convertible preferred equity. This transaction is subject to regulatory approvals and customary closing conditions.
Our former Norwegian operations, which provided distribution and services to wholesale and retail customers in Norway where we owned, partnered, or franchised with retail pharmacies, were included in Other.",MCK 10-K FY2026 · Item 1 사업,"MCK는 Medical-Surgical Solutions 부문의 소수 지분을 Apollo Global Management, Inc.의 펀드에 매각하기로 합의한 주체입니다. APO는 Apollo Global Management, Inc.의 계열사가 운용하는 펀드를 통해 MCK의 Medical-Surgical Solutions 부문 소수 지분을 취득하는 주체입니다.",근거 문장에 상대 종목 미등장 — 관계 근거로 불충분
MCK↔WMT,PARTNER_WITH,SEC 10-K: We also source generic pharmaceutical drugs through our ClarusONE Sourcing Services LLP joint ventur,제네릭 의약품,True,,pending,pending,False,True,0.9,True,pending,pending,False,False,False,헬스케어·의료기기·제약,MCK는 Walmart Inc.와의 ClarusONE Sourcing Services LLP 합작 투자 회사를 통해 제네릭 의약품을 조달합니다.,target_absent|truncated,"We also source generic pharmaceutical drugs through our ClarusONE Sourcing Services LLP joint venture with Walmart Inc. (“ClarusONE”).
4
Table of Contents
Item 1 Index
McKESSON CORPORATION
U.S. Pharmaceutical
Our U.S.",MCK 10-K FY2026 · Item 1 사업,MCK는 Walmart Inc.와의 합작 투자 회사인 ClarusONE Sourcing Services LLP를 통해 제네릭 의약품을 조달하는 주체입니다. WMT는 MCK와의 합작 투자 회사인 ClarusONE Sourcing Services LLP의 파트너입니다.,근거 문장에 상대 종목 미등장 — 관계 근거로 불충분
MMM↔SOLV,PARTNER_WITH,"SEC 10-K: On April 1, 2024, the Company completed the planned spin-off of its Health Care business as an indep",헬스케어 사업,False,DEPENDS_ON,pending,pending,False,True,0.9,True,pending,pending,False,False,False,헬스케어·의료기기·제약,"2024년 4월 1일, MMM은 헬스케어 사업부를 독립 회사인 Solventum으로 분사했으며, 분사와 동시에 MMM과 Solventum은 자산 이전, 부채 인수, 면책 및 방어 의무 등을 포함하는 다양한 계약을 체결했습니다.",m&a|target_absent|truncated,"For those insured matters where the Company has not recorded an accrued liability because the liability is not probable or the amount of the liability is not estimable, or both, but where the Company has incurred an expense in defending itself, the Company records receivables for the amount of insurance that it concludes as recognizable for the expense incurred.
Impact of Solventum Spin-Off
: On April 1, 2024, the Company completed the planned spin-off of its Health Care business as an independent company known as Solventum. Concurrent with the spin-off, the Company and Solventum entered into various agreements, including transition agreements and a separation and distribution agreement that, among other things, identified the assets to be transferred, the liabilities to be assumed, indemnification and defense obligations, and the contracts to be transferred to Solventum and 3M as part of the spin-off. 
The following sections first describe the significant legal proceedings in which the Company is involved and then describe the liabilities and associated insurance recoveries the Company has recorded relating to its significant legal proceedings.
Respirator Mask/Asbestos Litigation: 
As of December 31, 2025, the Company is a named defendant, with multiple co-defendants, in numerous lawsuits in various courts that purport to represent approximately 
3,700
 individual claimants, compared to approximately 
3,500
 individual claimants with actions pending as of December 31, 2024.
The vast majority of the lawsuits and claims resolved by and currently pending against the Company allege use of some of the Company’s mask and respirator products and seek damages from the Company and other defendants for alleged personal injury from workplace exposures to asbestos, silica, coal mine dust or other occupational dusts found in products manufactured by other defendants or generally in the workplace.",MMM 10-K FY2025 · Item 1 사업,MMM은 Solventum을 독립 회사로 분사한 주체이자 Solventum과 분사에 따른 여러 계약을 체결한 당사자입니다. SOLV는 MMM의 헬스케어 사업부에서 분사되어 독립 회사가 된 주체이자 MMM과 분사에 따른 여러 계약을 체결한 당사자입니다.,근거 문장에 상대 종목 미등장 — 관계 근거로 불충분
MNST↔PEP,PARTNER_WITH,"SEC 10-K: For example, PepsiCo entered into a long-term strategic distribution arrangement with Celsius Holdin",,False,PARTNER_WITH,pending,pending,True,True,0.0,True,noise_self_contradiction,pending,True,False,False,,"2022년 8월, 펩시코는 에너지 드링크 분야의 경쟁사인 Celsius Holdings, Inc.와 장기 전략적 유통 계약을 체결했습니다.",truncated,"For example, PepsiCo entered into a long-term strategic distribution arrangement with Celsius Holdings, Inc., a competitor in the energy drink space, in August 2022. Additionally, competition in the alcohol beverage space—including from craft brewers and craft distilleries, ready-to-drink spirits and similar products—continues to evolve.",MNST 10-K FY2025 · Item 1 사업,MNST 미등장. PEP는 에너지 드링크 분야의 경쟁사와 장기 전략적 유통 계약을 체결한 주체입니다.,
MSCI↔BLK,PARTNER_WITH,"SEC 10-K: Certain of our clients are also significant shareholders, competitors or distributors of our content",,True,,pending,pending,False,False,0.5,True,pending,pending,False,False,False,,"MSCI의 일부 고객은 MSCI의 콘텐츠에 대한 주요 주주, 경쟁자 또는 유통업체이며, 그 중에는 블랙록과 같은 대형 고객도 포함됩니다.",target_absent|truncated,"Certain of our clients are also significant shareholders, competitors or distributors of our content, including some of our largest clients, such as BlackRock. This dynamic may introduce competitive pressures that could cause these clients to terminate all or a portion of the relationship and result in a loss of business or reduced revenue or influence our strategic decisions, such as whether to prioritize the client relationship over the development or enhancement of products that directly compete with those clients’ offerings.",MSCI 10-K FY2025 · Item 7 MD&A,"MSCI는 블랙록과 같은 주요 고객을 보유하며, 이 고객들이 주주, 경쟁자 또는 유통업체이기도 한 주체입니다. BLK는 MSCI의 주요 고객 중 하나이며, MSCI의 콘텐츠에 대한 주요 주주, 경쟁자 또는 유통업체일 수도 있는 주체입니다.",근거 문장에 상대 종목 미등장 — 관계 근거로 불충분
MTB↔MTB,PARTNER_WITH,"SEC 10-K: At December 31, 2025, M&T had two wholly-owned bank subsidiaries: M&T Bank and Wilmington Trust, N.A",은행 서비스,False,DEPENDS_ON,pending,pending,True,True,1.0,True,pending,pending,False,False,False,금융·결제·거래소,"2025년 12월 31일 기준, M&T는 M&T Bank와 Wilmington Trust, N.A.라는 두 개의 완전 소유 은행 자회사를 보유하고 있었습니다.",truncated,"At December 31, 2025, M&T had two wholly-owned bank subsidiaries: M&T Bank and Wilmington Trust, N.A.",MTB 10-K FY2025,"MTB는 M&T Bank와 Wilmington Trust, N.A.를 완전 소유 은행 자회사로 보유하고 있는 주체입니다.",
ORCL↔CVX,PARTNER_WITH,"SEC 10-K: For example, following our acquisition of Cerner Corporation, we also face competition from large he",,False,,pending,pending,True,False,0.0,True,pending,pending,False,False,False,,"ORCL은 Cerner Corporation 인수 후 Allscripts Healthcare Solutions, Inc.와 같은 대형 헬스케어 IT 공급업체들과 경쟁하고 있으며, ORCL 또는 경쟁사들이 인수, 파트너십, 합작 투자 등의 전략적 조치를 취할 수 있습니다.",m&a|truncated,"For example, following our acquisition of Cerner Corporation, we also face competition from large healthcare IT providers such as Allscripts Healthcare Solutions, Inc., Arcadia Solutions, athenahealth, Inc., Epic Systems Corporation and InterSystems Corporation, among others. Moreover, we or our competitors may take certain strategic actions—including acquisitions, partnerships and joint ventures or repositioning of product lines—which invite even greater competition in one or more product offering categories.
 

11

Table of Contents

 
 

Key competitive factors in each of the segments in which we currently compete and may compete in the future include: total cost of ownership, performance, scalability, reliability, security, functionality, efficiency, ease of use, speed to production and quality of technical support.",ORCL 10-K FY2026 · Item 7 MD&A,ORCL은 Cerner Corporation을 인수한 후 대형 헬스케어 IT 공급업체들과 경쟁하며 전략적 조치를 취할 수 있는 주체입니다. CVX 미등장.,
PANW↔IBM,PARTNER_WITH,"SEC 10-K: In June 2025, we amended the terms of our contingent consideration arrangement with International Bu",,False,SUPPLIES_TO,pending,pending,True,True,0.7,True,pending,pending,False,False,False,,"2025년 6월, PANW는 International Business Machines Corporation(IBM)과의 우발적 대가 계약 조건을 수정했으며, 이에 따라 PANW는 미래 현금 지급 추정치를 조정했습니다.",truncated,"A significant change in any of these assumptions could have a material impact to the fair value of our contingent consideration liability.
In June 2025, we amended the terms of our contingent consideration arrangement with International Business Machines Corporation (“IBM”). During the three months ended July 31, 2025, we reduced our estimate of future cash payments based on the amended terms and our quarterly assessment of assumptions, including the magnitude and likelihood of customers entering into qualified new transactions, the competitive industry environment, and current market conditions.",PANW 10-K FY2025 · Item 1 사업,PANW는 IBM과의 우발적 대가 계약 조건을 수정하고 미래 현금 지급 추정치를 조정한 주체입니다. IBM은 PANW가 우발적 대가 계약 조건을 수정한 당사자입니다.,
PEP↔SBUX,PARTNER_WITH,"SEC 10-K: PBNA also, either independently or in conjunction with third parties, makes, markets, distributes an",음료 유통,True,,pending,pending,False,True,0.8,True,pending,pending,False,False,False,음료 유통,"PBNA(PepsiCo Beverages North America)는 유니레버 및 스타벅스와의 합작 투자를 통해 RTD(Ready-to-drink) 차 및 커피 제품을 제조, 마케팅, 유통 및 판매합니다.",target_absent|truncated,"PBNA also, either independently or in conjunction with third parties, makes, markets, distributes and sells ready-to-drink tea and coffee products through joint ventures with Unilever (under the Lipton brand name) and Starbucks, respectively. Further, PBNA manufactures and distributes certain brands licensed from Keurig Dr Pepper Inc., including Crush, Dr Pepper and Schweppes, and certain juice brands licensed from Dole Food Company, Inc.",PEP 10-K FY2025 · Item 1 사업,"PEP는 PBNA의 모회사로 RTD 차 및 커피 제품을 제조, 마케팅, 유통 및 판매하며, SBUX는 PBNA가 RTD 차 및 커피 제품 판매를 위해 합작 투자하는 대상 중 하나입니다.",근거 문장에 상대 종목 미등장 — 관계 근거로 불충분
ROP↔HPQ,PARTNER_WITH,"SEC 10-K: —ConstructConnect, DAT, Foundry, iPipeline, iTradeNetwork, MHA, SHP, SoftWriters, and Subsplash;",,False,PARTNER_WITH,pending,pending,False,True,0.0,True,noise_self_contradiction,pending,True,True,False,,"본 문단은 회사의 세 가지 보고 가능한 사업 부문인 애플리케이션 소프트웨어, 네트워크 소프트웨어, 기술 가능 제품을 설명하고, 특히 애플리케이션 소프트웨어 부문의 순수익과 해당 부문을 구성하는 사업체들이 제공하는 제품을 자세히 기술합니다.",list|target_absent|truncated,"The three reportable segments are as follows:
–Application Software
—Aderant, CentralReach, Clinisys, Data Innovations, Deltek, Frontline, IntelliTrans, PowerPlan, Procare, Strata, Transact/CBORD, and Vertafore;
–Network Software
—ConstructConnect, DAT, Foundry, iPipeline, iTradeNetwork, MHA, SHP, SoftWriters, and Subsplash;
–Technology Enabled Products
—CIVCO Medical Solutions, FMI, Inovonics, IPA, Neptune, Northern Digital, rf IDEAS, and Verathon.
Financial information about our reportable segments is presented in Note 14 of the Notes to Consolidated Financial Statements included in this Annual Report.
Application Software
Our Application Software segment had net revenues of $4,483.0 for the year ended December 31, 2025, representing 56.7% of our total net revenues. Below is a description of the products offered by businesses that comprise the Application Software segment:
Aderant 
–
 
comprehensive management software and AI-enabled solutions for law and other professional services firms, including business development, calendar/docket matter management, time and billing, and case management.
CentralReach
 – SaaS and AI-enabled solutions enabling the workflow and administration of ABA therapy for autism spectrum disorder (“ASD”) and related disabilities care.
Clinisys
 – diagnostic and laboratory information management software solutions.
Data Innovations
 – software solutions that enable enterprise management of hospitals and independent laboratories.
Deltek
 – enterprise software, SaaS, and AI-enabled information solutions for government contractors, professional services firms, and other project-based businesses.
Frontline
 – cloud-based software for K-12 school administration, connecting solutions for human capital management, student and special programs, and business operations, with powerful analytics that empower educators.
IntelliTrans
 – transportation management software and services to bulk and break-bulk commodity producers.
PowerPlan
 – financial and compliance management software and solutions to large complex companies in asset-intensive industries.
Procare
 – cloud-based software and integrated payment processing for the management of early childhood education centers.
Strata
 – cloud-based financial analytics, performance management software, and data solutions used by healthcare providers, higher education, and financial institutions for financial planning, decision support, and continuous cost improvement.
Transact/CBORD
 – integrated campus technology and payment solutions, including secure access and campus identity software, commerce solutions, tuition management software and payment processing, as well as foodservice technologies, serving higher education, healthcare, K-12, and business campuses.
Vertafore
 – cloud-based software for the property and casualty insurance industry, including agency and distribution management, compliance, AI-enabled workflows, and data solutions.
5
Network Software
Our Network Software segment had net revenues of $1,600.8 for the year ended December 31, 2025, representing 20.3% of our total net revenues.",ROP 10-K FY2025 · Item 1 사업,"ROP는 세 가지 보고 가능한 사업 부문을 가진 회사로 언급되며, 이 문단은 특히 애플리케이션 소프트웨어 부문의 순수익과 제품을 설명합니다. HPQ 미등장.",근거 문장에 상대 종목 미등장 — 관계 근거로 불충분
SATS↔SATS,PARTNER_WITH,"SEC 10-K: governing the purchase, sale and other disposition by directors, officers and employees of securitie",,False,,pending,pending,False,True,0.0,True,pending,pending,False,False,False,,"회사는 이사회 구성원, 임원 및 직원이 EchoStar 및 그 주요 고객, 파트너, 공급업체, 경쟁업체 등 제한된 회사들의 증권을 매매 또는 처분하는 것을 규제하는 내부자 거래 정책 및 절차를 채택했습니다. 이 정책은 내부자 거래 법규 및 나스닥 상장 기준 준수를 목표로 합니다.",target_absent|truncated,"Our Audit Committee Charter is published in the corporate governance section of our investor relations website at 
http://ir.echostar.com/corporate-governance
.
Insider Trading Policy & Hedging and Pledging Policies
​
We have adopted insider trading policies and procedures
 (“Insider Trading Policy”) governing the purchase, sale and other disposition by directors, officers and employees of securities of EchoStar and its significant customers, partners, suppliers, competitors and other companies about which insiders may learn confidential information during the course of performing their duties for EchoStar (“Restricted Companies”). The Insider Trading Policy is designed to promote compliance with insider trading laws, rules and regulations and applicable Nasdaq listing standards, as well as procedures designed to further the foregoing purposes.",SATS 10-K FY2026 · Item 1 사업,"SATS는 내부자 거래 정책을 채택한 회사로, 이 정책은 SATS의 증권 및 SATS의 주요 고객, 파트너, 공급업체, 경쟁업체 등 제한된 회사들의 증권 처분을 규제합니다.",근거 문장에 상대 종목 미등장 — 관계 근거로 불충분
SMCI↔ALGN,PARTNER_WITH,"SEC 10-K: We also collaborate on design and development activities with Ablecom and Compuware, where we substa",,False,,pending,pending,False,True,0.0,True,pending,pending,False,False,False,,"회사는 Ablecom 및 Compuware와 설계 및 개발 활동에 협력하며, 설계 비용을 상당 부분 지원하고 지적 재산권을 보유합니다. Ablecom 및 Compuware로부터의 제품 구매는 2025, 2024, 2023 회계연도 매출원가의 각각 3.3%, 4.3%, 6.6%를 차지했습니다.",target_absent|truncated,"We also collaborate on design and development activities with Ablecom and Compuware, where we substantially fund the design costs and retain the intellectual property rights. Our purchases of products from Ablecom and Compuware combined represented
 
3.3%, 4.3%, and 6.6% of our cost of sales for fiscal years 2025, 2024, and 2023, respectively.",SMCI 10-K FY2025 · Item 1A 위험,SMCI는 Ablecom 및 Compuware와 설계 및 개발 활동에 협력하고 제품을 구매하는 주체입니다. ALGN 미등장.,근거 문장에 상대 종목 미등장 — 관계 근거로 불충분
TECH↔TMO,PARTNER_WITH,"SEC 10-K: We sell our products directly to customers who are primarily located in North America, Europe and Ch",,False,,pending,pending,False,True,0.0,True,pending,pending,False,False,False,,"회사는 주로 북미, 유럽 및 중국에 위치한 고객에게 직접 제품을 판매하며, Thermo Fisher Scientific과의 유통 계약을 통해서도 판매합니다. 또한, 중국, 일본, 일부 동유럽 국가 및 기타 지역에서는 제3자 유통업체를 통해 판매합니다.",target_absent|truncated,"We sell our products directly to customers who are primarily located in North America, Europe and China, as well as through a distribution agreement with Thermo Fisher Scientific. We also sell through third 
5

Table of Contents
party distributors in China, Japan, certain eastern European countries and the rest of the world.",TECH 10-K FY2025 · Item 1 사업,"TECH는 Thermo Fisher Scientific과의 유통 계약을 통해 제품을 판매하는 주체이며, TMO는 TECH와 유통 계약을 맺고 있는 회사입니다.",근거 문장에 상대 종목 미등장 — 관계 근거로 불충분
TGT↔AAPL,PARTNER_WITH,"SEC 10-K: In addition, we have consumer-facing relationships with a variety of other companies, including Appl",소비자 전자제품 유통,True,,pending,pending,False,True,0.9,True,pending,pending,False,False,False,소매·소비재,"회사는 Apple, CVS, Disney, Levi's, Starbucks, Ulta Beauty 등 다양한 회사들과 소비자 대면 관계를 맺고 있으며, 이러한 관계의 종료나 불리한 변경은 매출 감소, 비용 증가, 명성 및 운영 결과에 부정적인 영향을 미칠 수 있습니다.",target_absent|truncated,"In addition, we have consumer-facing relationships with a variety of other companies, including Apple, CVS, Disney, Levi’s, Starbucks, and Ulta Beauty. Any termination of, or adverse change in, our relationship with any of these companies could decrease our sales, increase our costs, and negatively impact our reputation and results of operations.
U.S.",TGT 10-K FY2025 · Item 7 MD&A,TGT는 Apple을 포함한 다양한 회사들과 소비자 대면 관계를 맺고 있습니다. AAPL은 TGT가 소비자 대면 관계를 맺고 있는 여러 회사 중 하나입니다.,근거 문장에 상대 종목 미등장 — 관계 근거로 불충분
TGT↔SBUX,PARTNER_WITH,"SEC 10-K: In addition, we have consumer-facing relationships with a variety of other companies, including Appl",,False,,pending,pending,False,True,0.0,True,pending,pending,False,False,False,,"회사는 Apple, CVS, Disney, Levi's, Starbucks, Ulta Beauty 등 다양한 회사들과 소비자 대면 관계를 맺고 있으며, 이러한 관계의 종료나 불리한 변경은 매출 감소, 비용 증가, 명성 및 운영 결과에 부정적인 영향을 미칠 수 있습니다.",target_absent|truncated,"In addition, we have consumer-facing relationships with a variety of other companies, including Apple, CVS, Disney, Levi’s, Starbucks, and Ulta Beauty. Any termination of, or adverse change in, our relationship with any of these companies could decrease our sales, increase our costs, and negatively impact our reputation and results of operations.
U.S.",TGT 10-K FY2025 · Item 7 MD&A,TGT는 Starbucks를 포함한 다양한 회사들과 소비자 대면 관계를 맺고 있습니다. SBUX는 TGT가 소비자 대면 관계를 맺고 있는 여러 회사 중 하나입니다.,근거 문장에 상대 종목 미등장 — 관계 근거로 불충분
TGT↔ULTA,PARTNER_WITH,"SEC 10-K: In addition, we have consumer-facing relationships with a variety of other companies, including Appl",,False,PARTNER_WITH,pending,pending,False,True,0.0,True,noise_self_contradiction,pending,True,False,False,,"회사는 Apple, CVS, Disney, Levi's, Starbucks, Ulta Beauty 등 다양한 회사들과 소비자 대면 관계를 맺고 있으며, 이러한 관계의 종료나 불리한 변경은 매출 감소, 비용 증가, 명성 및 운영 결과에 부정적인 영향을 미칠 수 있습니다.",target_absent|truncated,"In addition, we have consumer-facing relationships with a variety of other companies, including Apple, CVS, Disney, Levi’s, Starbucks, and Ulta Beauty. Any termination of, or adverse change in, our relationship with any of these companies could decrease our sales, increase our costs, and negatively impact our reputation and results of operations.
U.S.",TGT 10-K FY2025 · Item 7 MD&A,TGT는 Ulta Beauty를 포함한 다양한 회사들과 소비자 대면 관계를 맺고 있습니다. ULTA는 TGT가 소비자 대면 관계를 맺고 있는 여러 회사 중 하나입니다.,근거 문장에 상대 종목 미등장 — 관계 근거로 불충분
TPL↔ACN,PARTNER_WITH,"SEC 10-K: From 2004 to 2013, Ms. Duganier was a Managing Director at Accenture, a multinational professional s",,False,,pending,pending,True,True,0.0,True,pending,pending,False,False,False,,"Duganier 씨는 2004년부터 2013년까지 다국적 전문 서비스 회사인 Accenture의 Managing Director로 재직하며 전략, 컨설팅, 디지털 기술 및 운영 서비스 분야에서 다양한 리더십 및 관리직을 역임했습니다.",indirect|truncated,"From 2004 to 2013, Ms. Duganier was a Managing Director at Accenture, a multinational professional services company that provides services in strategy, consulting, digital technology, and operations. She held various leadership and management positions in Accenture’s outsourcing business, including Global Chief Strategy Officer and Global Growth and Offering Development Lead.",TPL 10-K FY2025 · Item 1 사업,"TPL은 Duganier 씨의 현 소속 회사이며, ACN은 Duganier 씨가 과거 Managing Director로 재직했던 다국적 전문 서비스 회사입니다.",
TPL↔CNP,PARTNER_WITH,"SEC 10-K: Ms. Duganier currently serves on the board of directors of CenterPoint Energy (NYSE: CNP), an electr",,False,PARTNER_WITH,pending,pending,True,True,0.5,True,noise_self_contradiction,pending,True,False,True,,"Duganier 씨는 현재 전기 전송 및 배전, 천연가스 유통 및 에너지 서비스 회사인 CenterPoint Energy의 이사회에서 감사 위원회 의장 및 안전 및 운영 위원회 위원으로 활동하고 있습니다.",indirect|truncated,"Ms. Duganier currently serves on the board of directors of CenterPoint Energy (NYSE: CNP), an electric transmission and distribution, natural gas distribution and energy services company, where she chairs the audit committee and serves on the safety and operations committee, and Arcadis NV (Euronext: ARCADIS) where she serves on the sustainability committee and the audit and risk committee. Ms.",TPL 10-K FY2025 · Item 1 사업,"TPL은 Duganier 씨의 현 소속 회사이며, CNP는 Duganier 씨가 이사회 멤버로 활동하며 감사 위원회 의장 및 안전 및 운영 위원회 위원을 맡고 있는 회사입니다.",
TPL↔SPGI,PARTNER_WITH,"SEC 10-K: and of MRC Global Inc. (NYSE: MRC) (2015-2024), an industrial distributor of pipes, valves and other",,False,PARTNER_WITH,pending,pending,True,True,0.0,True,noise_self_contradiction,pending,True,False,False,,"문장은 한 인물이 2015년부터 2024년까지 MRC Global Inc.에서 근무하며 ESG 및 기업 위험 위원회와 감사 위원회의 의장을 맡았고, 그 이전 2004년부터 2013년까지의 경력에 대해 언급하고 있습니다.",indirect|truncated,"and of MRC Global Inc. (NYSE: MRC) (2015-2024), an industrial distributor of pipes, valves and other 
39
Table of Contents
related products and services to the energy industry, where, during her term, she chaired the ESG and enterprise risk committee and audit committee. From 2004 to 2013, Ms.",TPL 10-K FY2025 · Item 1 사업,"TPL 미등장, SPGI 미등장",
WAB↔NSC,PARTNER_WITH,"SEC 10-K: In both 2025 and 2024, Canadian National Railway Company, Norfolk Southern and Union Pacific Railroa",,False,PARTNER_WITH,pending,pending,True,True,0.0,True,noise_self_contradiction,pending,True,True,False,,"2025년과 2024년에 캐나다 내셔널 철도, Norfolk Southern 및 Union Pacific Railroad는 Wabtec의 에너지 효율성, 혁신, 환경 관리 리더십을 인정하여 파트너십 상을 수여했습니다. Wabtec은 Norfolk Southern으로부터 3년 연속으로 Thoroughbred Sustainability Partner Award를 받았습니다.",list|truncated,"In both 2025 and 2024, Canadian National Railway Company, Norfolk Southern and Union Pacific Railroad each recognized Wabtec’s leadership in energy efficiency, innovation, and environmental stewardship with partnership awards. This was Wabtec’s third year in a row receiving the Thoroughbred Sustainability Partner Award from Norfolk Southern.",WAB 10-K FY2025 · Item 1 사업,"WAB는 에너지 효율성 등의 리더십으로 파트너십 상을 받은 주체이며, NSC는 WAB에 Thoroughbred Sustainability Partner Award를 수여한 주체 중 하나입니다.",
WDAY↔ADP,PARTNER_WITH,"SEC 10-K: Our global partnerships with payroll providers, including Automatic Data Processing, Inc. (“ADP”), R",급여 서비스,True,,auto_candidate,pending,True,True,1.0,True,auto_candidate,pending,False,True,True,기타,"Workday는 Automatic Data Processing, Inc. (ADP) 등을 포함한 급여 서비스 제공업체들과의 글로벌 파트너십을 통해 전 세계적으로 통합되고 간소화된 급여 솔루션을 제공합니다. 2026 회계연도에는 Workday Agent Partner Network도 도입되었습니다.",list|truncated,"Our global partnerships with payroll providers, including Automatic Data Processing, Inc. (“ADP”), Remote Technology, Inc., and Strada, enable integrated and streamlined payroll solutions across the world. In fiscal 2026, we also introduced the Workday Agent Partner Network, a global ecosystem of partners building AI agents that will connect with Workday.",WDAY 10-K FY2025 · Item 1 사업,"WDAY는 ADP와의 글로벌 파트너십을 맺은 주체이며, ADP는 WDAY의 급여 솔루션 제공을 위한 글로벌 파트너 중 하나입니다.",
WDAY↔AMZN,PARTNER_WITH,"SEC 10-K: Strategic partnerships with public cloud providers, including Amazon Web Services, Inc. (“AWS”) and ",클라우드 서비스,True,,auto_candidate,pending,True,True,1.0,True,auto_candidate,pending,False,True,False,클라우드·엔터프라이즈SW,"Workday는 Amazon Web Services, Inc. (AWS) 및 Google Cloud를 포함한 퍼블릭 클라우드 제공업체들과의 전략적 파트너십을 통해 고객들이 최신 클라우드 인프라 서비스로 혁신하고 클라우드 약정 지출을 줄일 수 있도록 지원합니다.",list|truncated,"Strategic partnerships with public cloud providers, including Amazon Web Services, Inc. (“AWS”) and Google Cloud, allow our customers to innovate with modern cloud infrastructure services while reducing their committed spend on cloud. Our global partnerships with payroll providers, including Automatic Data Processing, Inc.",WDAY 10-K FY2025 · Item 1 사업,"WDAY는 AMZN (AWS)과의 전략적 파트너십을 맺은 주체이며, AMZN (AWS)은 WDAY의 퍼블릭 클라우드 제공 파트너 중 하나입니다.",
WDAY↔GOOGL,PARTNER_WITH,"SEC 10-K: Strategic partnerships with public cloud providers, including Amazon Web Services, Inc. (“AWS”) and ",클라우드 컴퓨팅,True,,pending,pending,False,True,0.7,True,pending,pending,False,True,False,클라우드·엔터프라이즈SW,"Workday는 Amazon Web Services, Inc. (AWS) 및 Google Cloud를 포함한 퍼블릭 클라우드 제공업체들과의 전략적 파트너십을 통해 고객들이 최신 클라우드 인프라 서비스로 혁신하고 클라우드 약정 지출을 줄일 수 있도록 지원합니다.",list|target_absent|truncated,"Strategic partnerships with public cloud providers, including Amazon Web Services, Inc. (“AWS”) and Google Cloud, allow our customers to innovate with modern cloud infrastructure services while reducing their committed spend on cloud. Our global partnerships with payroll providers, including Automatic Data Processing, Inc.",WDAY 10-K FY2025 · Item 1 사업,"WDAY는 GOOGL (Google Cloud)과의 전략적 파트너십을 맺은 주체이며, GOOGL (Google Cloud)은 WDAY의 퍼블릭 클라우드 제공 파트너 중 하나입니다.",근거 문장에 상대 종목 미등장 — 관계 근거로 불충분
WDAY↔MSFT,PARTNER_WITH,"SEC 10-K: For example, our partnership with Microsoft Corporation (“Microsoft”), announced in fiscal 2026, wil",,True,,auto_candidate,pending,True,True,0.95,True,auto_candidate,pending,False,False,False,,2026 회계연도에 발표된 Workday와 Microsoft Corporation의 파트너십은 고객들이 Microsoft의 시스템을 사용하여 구축한 에이전트를 Workday Agent System of Record 내에서 등록하고 관리할 수 있도록 할 것입니다.,truncated,"For example, our partnership with Microsoft Corporation (“Microsoft”), announced in fiscal 2026, will enable customers to register and manage agents they build using Microsoft’s systems within the Workday Agent System of Record.
Customers
We sell to emerging, medium-sized, and large global organizations that span numerous industry categories, including financial services, government, healthcare, higher education, hospitality, manufacturing, professional and business services, retail, technology and media, and transportation.
4
Table of 
Contents
We have built a company culture centered around customer success and satisfaction. As part of their subscription, customers are provided support services and tools to enhance their experience with Workday solutions.",WDAY 10-K FY2025 · Item 1 사업,"WDAY는 MSFT와의 파트너십을 맺은 주체이며, MSFT는 WDAY의 파트너십을 통해 고객이 에이전트를 구축하는 데 시스템을 제공하는 주체입니다.",
WDAY↔MU,PARTNER_WITH,"SEC 10-K: Our global partnerships with payroll providers, including Automatic Data Processing, Inc. (“ADP”), R",,False,PARTNER_WITH,pending,pending,False,True,0.0,True,noise_self_contradiction,pending,True,True,False,,"Workday는 Automatic Data Processing, Inc. (ADP) 등을 포함한 급여 서비스 제공업체들과의 글로벌 파트너십을 통해 전 세계적으로 통합되고 간소화된 급여 솔루션을 제공합니다. 2026 회계연도에는 AI 에이전트를 구축하는 파트너들의 글로벌 생태계인 Workday Agent Partner Network도 도입되었습니다.",list|target_absent|truncated,"Our global partnerships with payroll providers, including Automatic Data Processing, Inc. (“ADP”), Remote Technology, Inc., and Strada, enable integrated and streamlined payroll solutions across the world. In fiscal 2026, we also introduced the Workday Agent Partner Network, a global ecosystem of partners building AI agents that will connect with Workday.",WDAY 10-K FY2025 · Item 1 사업,"WDAY는 글로벌 파트너십을 맺은 주체이며, MU 미등장.",근거 문장에 상대 종목 미등장 — 관계 근거로 불충분
WST↔ROP,PARTNER_WITH,"SEC 10-K: He has also served as an Independent Director at OraSure Technologies, Inc. since 2023.",,False,SUPPLIES_TO,pending,pending,True,True,0.0,True,pending,pending,False,False,False,,"문장은 루디 J. 푸소(Rudy J. Poussot)가 2023년부터 OraSure Technologies, Inc.의 독립 이사로 재직했으며, 2023년 11월부터 전략 및 기업 개발 담당 수석 부사장으로 재직하고 있음을 언급합니다.",indirect,"He has also served as an Independent Director at OraSure Technologies, Inc. since 2023.
Rudy J. Poussot
48
Senior Vice President, Strategy and Corporate Development since November 2023.",WST 10-K FY2025 · Item 7 MD&A,"WST 미등장, ROP 미등장",
XYZ↔V,PARTNER_WITH,SEC 10-K: Cash App Card offers customers the ability to store funds in Cash App and subsequently use these fun,직불 카드,True,,pending,pending,False,True,0.3,True,pending,pending,False,False,False,금융·결제·거래소,"Cash App Card는 고객이 Cash App에 자금을 저장하고 Visa 직불카드를 통해 이를 사용할 수 있도록 하며, 회사는 Cash App Card 사용 시 발생하는 결제 수수료를 가맹점 은행으로부터 받고 제3자 파트너를 통해 전달받습니다.",target_absent|truncated,"The Company satisfies its performance obligation upon settlement of the transaction to the customer.
Cash App Card offers customers the ability to store funds in Cash App and subsequently use these funds via a Visa debit card that is linked to the balance the customer stores in Cash App. The Company earns interchange fees when a Cash App Card is used to make a purchase, which are paid by the merchant's bank and subsequently passed through to the Company by its third-party partners.",XYZ 10-K FY2025 · Item 1 사업,"XYZ (The Company)는 Cash App Card를 통해 고객에게 서비스를 제공하고 결제 수수료를 받는 주체이며, V (Visa)는 Cash App Card가 기반으로 하는 직불카드 브랜드입니다.",근거 문장에 상대 종목 미등장 — 관계 근거로 불충분
A↔WST,SUPPLIES_TO,"SEC 10-K: Prior to joining West, he served as the Chief Financial Officer of Agilent Technologies Inc, a provi",,False,,pending,pending,True,True,0.0,True,pending,pending,False,False,False,,"한 인물이 West에 합류하기 전 Agilent Technologies Inc.의 최고 재무 책임자(CFO)로 재직했으며, Agilent에서 그는 재무, 감사, 재무 관리, 세금, 투자자 관계, IT 및 구매를 담당했습니다.",indirect|truncated,"Prior to joining West, he served as the Chief Financial Officer of Agilent Technologies Inc, a provider in application focused solutions that include instruments, software, services and consumables for the entire laboratory workflow. At Agilent, he was responsible for finance, audit, treasury, tax, investor relations, IT and procurement.",WST 10-K FY2025 · Item 7 MD&A,"A (Agilent Technologies Inc.)는 한 인물이 과거에 CFO로 근무했던 회사이며, WST (West)는 그 인물이 이전에 근무했던 Agilent Technologies Inc.를 떠나 합류한 회사입니다.",
ALGN↔AVGO,SUPPLIES_TO,"SEC 10-K: We use third-party CMs for a significant majority of our assembly and test operations, including TSM",,False,DEPENDS_ON,pending,pending,False,True,0.0,True,pending,pending,False,False,False,,"회사는 조립 및 테스트 작업의 상당 부분을 TSMC, ASE, Foxconn 등 타사 계약 제조업체에 의존하며, 혁신적인 독점 공정을 위한 제품은 자체 제조 시설을 사용하고 표준 CMOS와 같은 범용 공정은 외주를 줍니다.",target_absent|truncated,"We use third-party CMs for a significant majority of our assembly and test operations, including TSMC, Advanced Semiconductor Engineering, Inc., Foxconn Technology Group, Amkor Technology, Inc. and Siliconware Precision Industries Co., Ltd. We use our internal fabrication facilities for products utilizing our innovative and proprietary processes, such as our FBAR filters for wireless communications and our vertical-cavity surface emitting laser and side emitting lasers based on gallium arsenide (“GaAs”) and indium phosphide (“InP”) lasers for fiber optic communications, while outsourcing commodity processes such as standard CMOS.",AVGO 10-K FY2025 · Item 1 사업,"ALGN 미등장, AVGO 미등장",근거 문장에 상대 종목 미등장 — 관계 근거로 불충분
ALGN↔FTNT,SUPPLIES_TO,"SEC 10-K: Our current manufacturing partners include Accton Technology (“Accton”), IBASE Technology, Inc. (“IB",,False,,pending,pending,False,True,0.0,True,pending,pending,False,True,False,,"현재 당사의 제조 파트너에는 Accton Technology, IBASE Technology, Micro-Star International, Senao Networks, Wistron 및 기타 여러 제조업체가 포함됩니다. 당사 하드웨어의 약 87%는 대만에서 제조됩니다.",list|target_absent|truncated,"Our current manufacturing partners include Accton Technology (“Accton”), IBASE Technology, Inc. (“IBASE”), Micro-Star International Co. (“Micro-Star”), Senao Networks, Inc. (“Senao”), Wistron Corporation (“Wistron”), and a number of other manufacturers. Approximately 87% of our hardware is manufactured in Taiwan.",FTNT 10-K FY2025 · Item 1 사업,"ALGN 미등장, FTNT 미등장",근거 문장에 상대 종목 미등장 — 관계 근거로 불충분
ALGN↔IDXX,SUPPLIES_TO,SEC 10-K: We also sell our products to dental laboratories who use our products to manufacture or customize th,치과 기공,False,SUPPLIES_TO,pending,pending,True,True,0.1,True,noise_self_contradiction,pending,True,False,False,치과 기공,"회사는 치과 기공소에 제품을 판매하며, 이들은 회사의 제품을 사용하여 면허 있는 치과의사를 위한 자체 제품을 제조하거나 맞춤화합니다. 또한, 회사는 Invisalign 및 기타 브랜드로 유지장치, 치과 용품 등 의사 처방 주력 제품을 보완하는 의사 및 소비자 액세서리 제품을 마케팅하고 판매합니다.",truncated,"We also sell our products to dental laboratories who use our products to manufacture or customize their own products for licensed dentists. We furthermore market and sell doctor and consumer accessory products complementary to our doctor-prescribed principal products under the Invisalign
®
 and other brand names, including retainers, dental supplies, clear aligner cases (clamshells), ultrasonic and UV electronic cleaning devices, teeth whitening products and cleaning solutions (collectively, “Invisalign Accessory Products”).",ALGN 10-K FY2025 · Item 1 사업,"ALGN: ""We""로 지칭되는 회사이며, 치과 기공소에 제품을 판매하고 Invisalign 브랜드의 액세서리 제품을 마케팅 및 판매합니다. IDXX 미등장",
ALGN↔SMCI,SUPPLIES_TO,"SEC 10-K: We work with Ablecom, one of our key contract manufacturers and a related party, for our chassis and",,False,,pending,pending,False,True,0.0,True,pending,pending,False,False,False,,"회사는 주요 계약 제조업체이자 관련 당사자인 Ablecom과 협력하여 섀시 및 특정 다른 부품을 생산합니다. 또한, 특정 부품, 특히 전원 공급 장치의 제조 상당 부분을 관련 당사자인 Compuware에 외주를 줍니다.",target_absent|truncated,"We work with Ablecom, one of our key contract manufacturers and a related party, for our chassis and certain other components. We also outsource a significant part of the manufacturing of certain components, particularly power supplies, to Compuware, also a related party.",SMCI 10-K FY2025 · Item 1A 위험,"ALGN 미등장, SMCI 미등장",근거 문장에 상대 종목 미등장 — 관계 근거로 불충분
AMZN↔ADSK,SUPPLIES_TO,"SEC 10-K: We rely on third parties, such as Amazon Web Services, to provide us with operational and technical ",클라우드 컴퓨팅,True,,pending,pending,False,True,1.0,True,pending,pending,False,False,False,클라우드·엔터프라이즈SW,"회사는 운영 및 기술 서비스를 위해 Amazon Web Services와 같은 제3자에게 의존합니다. 이러한 제3자는 회사의 시스템에 접근하거나 호스팅 서비스를 제공하며, 회사 또는 고객, 직원, 파트너에 대한 데이터를 처리할 수 있습니다.",target_absent|truncated,"We rely on third parties, such as Amazon Web Services, to provide us with operational and technical services. These third parties may have access to our systems, provide hosting services, or otherwise process data about us or our customers, employees, or partners.",ADSK 10-K FY2025 · Item 7 MD&A,"AMZN: Amazon Web Services의 형태로 ""We""에게 운영 및 기술 서비스를 제공하는 제3자 중 하나입니다. ADSK: ""We""로 지칭되며, Amazon Web Services와 같은 제3자에게 운영 및 기술 서비스를 의존합니다.",근거 문장에 상대 종목 미등장 — 관계 근거로 불충분
AOS↔AMZN,SUPPLIES_TO,SEC 10-K: We sell our A. O. Smith branded water treatment products primarily through our water quality dealer ,,False,SUPPLIES_TO,pending,pending,False,True,0.0,True,noise_self_contradiction,pending,True,False,False,,회사는 A. O. Smith 브랜드의 수처리 제품을 주로 수질 딜러 네트워크와 Amazon을 통해 판매합니다. Aquasana 브랜드 제품은 주로 전자상거래 채널을 통해 소비자에게 직접 판매됩니다.,target_absent|truncated,We sell our A. O. Smith branded water treatment products primarily through our water quality dealer network and Amazon. Our Aquasana branded products are primarily sold directly to consumers through e-commerce channels.,AOS 10-K FY2025 · Item 1 사업,"AOS: ""We""로 지칭되며, 자사 브랜드 제품을 Amazon과 딜러 네트워크를 통해 판매합니다. AMZN: A. O. Smith 브랜드 수처리 제품의 주요 판매 채널 중 하나로 언급됩니다.",근거 문장에 상대 종목 미등장 — 관계 근거로 불충분
CAH↔ABBV,SUPPLIES_TO,"SEC 10-K: In 2025, three wholesale distributors (McKesson Corporation, Cardinal Health, Inc. and Cencora, Inc.",,False,SUPPLIES_TO,pending,pending,False,True,0.0,True,noise_self_contradiction,pending,True,True,False,,"2025년에 McKesson Corporation, Cardinal Health, Inc., Cencora, Inc. 세 도매 유통업체가 미국 내 AbbVie 의약품 판매의 거의 전부를 차지했습니다. 개별 도매업체가 AbbVie의 2025년 미국 총 매출의 43%를 초과하지는 않았습니다.",list|target_absent,"In 2025, three wholesale distributors (McKesson Corporation, Cardinal Health, Inc. and Cencora, Inc.) accounted for substantially all of AbbVie's pharmaceutical product sales in the United States. No individual wholesaler accounted for greater than 43% of AbbVie's 2025 gross revenues in the United States.",ABBV 10-K FY2025 · Item 1 사업,"CAH: McKesson Corporation 및 Cencora, Inc.와 함께 2025년 미국 내 AbbVie 의약품 판매의 거의 전부를 차지한 세 도매 유통업체 중 하나입니다. ABBV: 2025년 미국 내 의약품 판매의 거의 전부가 세 도매 유통업체(Cardinal Health 포함)를 통해 이루어졌다고 언급된 회사입니다.",근거 문장에 상대 종목 미등장 — 관계 근거로 불충분
CAH↔BAX,SUPPLIES_TO,"SEC 10-K: In the United States, third parties, such as Cardinal Health, Inc. and Medline Inc., warehouse and s",,False,SUPPLIES_TO,pending,pending,False,True,0.0,True,noise_self_contradiction,pending,True,True,False,,"미국에서는 Cardinal Health, Inc. 및 Medline Inc.와 같은 제3자가 자사 제품의 상당 부분을 자체 유통 센터를 통해 보관하고 배송합니다. 이러한 센터는 신속한 고객 서비스를 위해 일반적으로 충분한 재고를 갖추고 있습니다.",list|target_absent|truncated,"In the United States, third parties, such as Cardinal Health, Inc. and Medline Inc., warehouse and ship a significant portion of our products through their distribution centers. These centers are generally stocked with adequate inventories to facilitate prompt customer service.",BAX 10-K FY2025 · Item 1 사업,"CAH: ""Our products""의 상당 부분을 미국 내 자체 유통 센터를 통해 보관하고 배송하는 제3자 중 하나입니다. BAX: ""Our products""로 지칭되는 회사의 제품이 Cardinal Health, Inc.와 같은 제3자에 의해 미국 내에서 보관 및 배송됩니다.",근거 문장에 상대 종목 미등장 — 관계 근거로 불충분
CAH↔GILD,SUPPLIES_TO,"SEC 10-K: Historically, approximately 90% of our gross product sales in the U.S. have been to three large whol",의약품 유통,True,,pending,pending,False,True,0.7,True,pending,pending,False,False,False,헬스케어·의료기기·제약,"과거에 미국 내 회사 총 제품 판매의 약 90%는 Cardinal Health, Inc., Cencora, Inc., McKesson Corporation의 세 대형 도매업체 및 그 특수 유통업체 계열사에 이루어졌습니다. 회사는 유럽 및 미국 외 국가에서 제품을 판매하고 유통합니다.",target_absent|truncated,"Historically, approximately 90% of our gross product sales in the U.S. have been to three large wholesalers—Cardinal Health, Inc., Cencora, Inc. and McKesson Corporation—and their specialty distributor affiliates. We sell and distribute our products in Europe and countries outside the U.S.",GILD 10-K FY2025 · Item 1 사업,"CAH: Cencora, Inc. 및 McKesson Corporation과 함께 과거 미국 내 ""Our"" 총 제품 판매의 약 90%를 담당했던 세 대형 도매업체 중 하나입니다. GILD: ""Our""로 지칭되며, 과거 미국 내 총 제품 판매의 약 90%가 Cardinal Health, Inc.를 포함한 세 대형 도매업체에 이루어졌습니다.",근거 문장에 상대 종목 미등장 — 관계 근거로 불충분
CAT↔FIX,SUPPLIES_TO,"SEC 10-K: The primary manufacturers of the major components in a commercial MEP system are: Trane, Carrier, Yo",,False,SUPPLIES_TO,pending,pending,False,True,0.0,True,noise_self_contradiction,pending,True,False,False,,"회사는 관세로 인한 비용을 포함한 원자재 비용 노출을 줄이기 위한 절차를 가지고 있습니다. 상업용 MEP 시스템의 주요 구성 요소 제조업체로는 Trane, Carrier, York, Daikin (냉각기), Baltimore Aircoil 및 SPX (냉각탑), Schneider Electric, Eaton, ABB (전기 개폐기), Caterpillar, Cummins, Kohler (발전기), Johnson Controls, Automated Logic 및 Siemens (빌딩 자동화) 등이 있습니다. 회사는 원자재 또는 부품 공급을 보장하는 중요한 계약은 없습니다.",target_absent|truncated,"We have procedures to reduce commodity cost exposure, including costs due to tariffs, such as purchasing commodities early for projects, as well as selectively including time or market-based escalation and escape provisions in bids and contracts.
The primary manufacturers of the major components in a commercial MEP system are: Trane, Carrier, York, Daikin (chillers and roof top units), Baltimore Aircoil and SPX (cooling towers), Schneider Electric, Eaton, ABB (electrical switchgear), Caterpillar, Cummins, Kohler (power generators), Johnson Controls, Automated Logic and Siemens (building automation). We do not have any significant contracts guaranteeing us a supply of raw materials or components.
Cyclicality and Seasonality
The construction industry is subject to business cycle fluctuation.",FIX 10-K FY2025 · Item 1 사업,"CAT: 상업용 MEP 시스템의 주요 구성 요소 중 하나인 발전기의 제조업체로 명시되어 있습니다. FIX: ""We""로 지칭되며, 원자재 비용 노출을 줄이기 위한 절차를 가지고 있고, 주요 부품 제조업체 중 하나로 Caterpillar를 언급합니다.",근거 문장에 상대 종목 미등장 — 관계 근거로 불충분
CMI↔FIX,SUPPLIES_TO,"SEC 10-K: The primary manufacturers of the major components in a commercial MEP system are: Trane, Carrier, Yo",,False,SUPPLIES_TO,pending,pending,False,True,0.0,True,noise_self_contradiction,pending,True,False,False,,"해당 문단은 상품 비용 노출을 줄이기 위한 절차를 설명하고, 상업용 MEP 시스템의 주요 부품 제조업체들을 나열하며, 원자재나 부품 공급을 보장하는 중요한 계약은 없다고 명시합니다. 또한 건설 산업이 경기 변동에 영향을 받는다고 언급합니다.",target_absent|truncated,"We have procedures to reduce commodity cost exposure, including costs due to tariffs, such as purchasing commodities early for projects, as well as selectively including time or market-based escalation and escape provisions in bids and contracts.
The primary manufacturers of the major components in a commercial MEP system are: Trane, Carrier, York, Daikin (chillers and roof top units), Baltimore Aircoil and SPX (cooling towers), Schneider Electric, Eaton, ABB (electrical switchgear), Caterpillar, Cummins, Kohler (power generators), Johnson Controls, Automated Logic and Siemens (building automation). We do not have any significant contracts guaranteeing us a supply of raw materials or components.
Cyclicality and Seasonality
The construction industry is subject to business cycle fluctuation.",FIX 10-K FY2025 · Item 1 사업,CMI는 전력 발전기의 주요 제조업체 중 하나인 Cummins로 언급됩니다. FIX 미등장.,근거 문장에 상대 종목 미등장 — 관계 근거로 불충분
CMI↔PCAR,SUPPLIES_TO,SEC 10-K: Engines not manufactured by the Company are purchased from Cummins Inc. (Cummins).,엔진,True,,pending,pending,False,True,1.0,True,pending,pending,False,False,False,자동차·부품·산업재,"PACCAR Inc.는 자체 제조하지 않는 엔진을 Cummins Inc.로부터 구매했으며, 변속기 상당 부분을 Eaton Corporation Plc.로부터 구매했습니다.",target_absent,Engines not manufactured by the Company are purchased from Cummins Inc. (Cummins). The Company purchased a significant portion of its transmissions from Eaton Corporation Plc.,PCAR 10-K FY2025 · Item 1 사업,"CMI는 PACCAR Inc.가 자체 제조하지 않는 엔진을 구매하는 Cummins Inc.로 등장합니다. PCAR은 PACCAR Inc.의 심볼로, 자체 제조하지 않는 엔진을 CMI에서 구매한 회사로 언급됩니다.",근거 문장에 상대 종목 미등장 — 관계 근거로 불충분
COP↔ATO,SUPPLIES_TO,"SEC 10-K: Major suppliers during fiscal 2025 were ARM Energy Management LLC, Cima Energy, LP, ConocoPhillips C",천연가스 공급,True,,auto_candidate,pending,True,True,1.0,True,auto_candidate,pending,False,True,False,천연가스 공급,"2025 회계연도 동안 주요 공급업체들이 나열되었으며, 여기에는 ConocoPhillips Company가 포함됩니다. 문서는 또한 기저부하 및 피크 계약과 저장 가스 인출을 통한 기상 변화 적응 유연성과 천연가스 공급 가용성을 언급합니다.",list|truncated,"Major suppliers during fiscal 2025 were ARM Energy Management LLC, Cima Energy, LP, ConocoPhillips Company, ECO Energy Natural Gas LLC, EnLink Gas Marketing LP, Sequent Energy Management LLC, Symmetry Energy Solutions, LLC, Targa Gas Marketing LLC, Tenaska Marking Ventures, and Texla Energy Management, Inc.
The combination of base load and peaking agreements, coupled with the withdrawal of gas held in storage, allows us the flexibility to adjust to changes in weather, which minimizes our need to enter into long-term firm commitments. We estimate our peak-day availability of natural gas supply to be approximately 5.4 Bcf.",ATO 10-K FY2025 · Item 1 사업,COP는 2025 회계연도 동안 Atmos Energy Corporation의 주요 공급업체 중 하나인 ConocoPhillips Company로 언급됩니다. ATO는 2025 회계연도 동안 COP를 주요 공급업체 중 하나로 둔 Atmos Energy Corporation으로 등장합니다.,
COR↔ABBV,SUPPLIES_TO,"SEC 10-K: In 2025, three wholesale distributors (McKesson Corporation, Cardinal Health, Inc. and Cencora, Inc.",,False,DEPENDS_ON,pending,pending,False,True,0.0,True,pending,pending,False,True,False,,"2025년에 McKesson Corporation, Cardinal Health, Inc., Cencora, Inc. 세 도매 유통업체가 미국 내 AbbVie의 의약품 매출 대부분을 차지했습니다.",list|target_absent,"In 2025, three wholesale distributors (McKesson Corporation, Cardinal Health, Inc. and Cencora, Inc.) accounted for substantially all of AbbVie's pharmaceutical product sales in the United States. No individual wholesaler accounted for greater than 43% of AbbVie's 2025 gross revenues in the United States.",ABBV 10-K FY2025 · Item 1 사업,COR 미등장. ABBV는 미국 내 의약품 매출의 대부분을 세 도매 유통업체에 의존한 AbbVie로 언급됩니다.,근거 문장에 상대 종목 미등장 — 관계 근거로 불충분
COR↔GILD,SUPPLIES_TO,"SEC 10-K: Historically, approximately 90% of our gross product sales in the U.S. have been to three large whol",,False,SUPPLIES_TO,pending,pending,False,True,0.1,True,noise_self_contradiction,pending,True,False,False,,"역사적으로 Gilead Sciences, Inc.의 미국 내 총 제품 매출 약 90%는 Cardinal Health, Inc., Cencora, Inc., McKesson Corporation 등 세 대형 도매업체 및 그들의 전문 유통 계열사에 판매되었습니다.",target_absent|truncated,"Historically, approximately 90% of our gross product sales in the U.S. have been to three large wholesalers—Cardinal Health, Inc., Cencora, Inc. and McKesson Corporation—and their specialty distributor affiliates. We sell and distribute our products in Europe and countries outside the U.S.",GILD 10-K FY2025 · Item 1 사업,"COR은 Gilead Sciences, Inc.의 미국 내 주요 대형 도매업체 중 하나인 Cardinal Health, Inc.로 언급됩니다. GILD는 미국 내 총 제품 매출의 대부분을 COR 등 세 대형 도매업체에 판매한 회사로 등장합니다.",근거 문장에 상대 종목 미등장 — 관계 근거로 불충분
CRWD↔HLT,SUPPLIES_TO,"SEC 10-K: For example, in July 2024 a software update by CrowdStrike Holdings, Inc., a cybersecurity technolog",,False,,pending,pending,True,True,0.0,True,pending,pending,False,True,False,,"2024년 7월, 사이버 보안 기술 회사인 CrowdStrike Holdings, Inc.의 소프트웨어 업데이트가 전 세계적인 정보 기술 장애를 일으켰고, 이는 Hilton Worldwide Holdings Inc.의 사업에 일시적으로 영향을 미쳤습니다.",list|truncated,"For example, in July 2024 a software update by CrowdStrike Holdings, Inc., a cybersecurity technology company, caused a global information technology outage. Although the outage did not have a material impact to our business, we were temporarily impacted by the outage, and similar software outages in the future could harm our operations and be material to us.
We are vulnerable to various risks and uncertainties associated with our websites and mobile applications, including changes in required technology interfaces, website and mobile application downtime and other technical failures, unexpected costs and changes and issues as we upgrade our website software and mobile applications.",HLT 10-K FY2025 · Item 1A 위험,"CRWD는 2024년 7월 전 세계 정보 기술 장애를 일으킨 소프트웨어 업데이트의 제공 주체인 CrowdStrike Holdings, Inc.로 언급됩니다. HLT는 CRWD의 소프트웨어 업데이트로 인한 장애로 일시적으로 영향을 받은 Hilton Worldwide Holdings Inc.로 등장합니다.",
DD↔Q,SUPPLIES_TO,"SEC 10-K: On May 22, 2024, DuPont de Nemours, Inc. (""DuPont"" or ""Parent"") announced its plan to separate Qnity",,False,DEPENDS_ON,pending,pending,True,True,0.9,True,pending,pending,False,True,False,,"DuPont de Nemours, Inc.는 2024년 5월 22일 Qnity를 DuPont로부터 독립적인 공개 상장 회사로 분리할 계획을 발표했으며, 2025년 11월 1일 보통주 비례 배분을 통해 분리 작업을 완료했습니다.",list|m&a|truncated,"With over 50 years of experience in systems engineering and material science, a global manufacturing footprint and major application labs across the world, we are well-positioned to capitalize on emerging opportunities across various sectors including data centers, communications infrastructure, industrials, automotive, and consumer electronics.
On May 22, 2024, DuPont de Nemours, Inc. (""DuPont"" or ""Parent"") announced its plan to separate Qnity from DuPont into an independent publicly traded company (the “Separation”). On November 1, 2025 (the ""Separation and Distribution Date""), DuPont completed the Separation through a pro-rata distribution of one share of Qnity common stock for every two shares of DuPont common stock held at the close of business on the record date of October 22, 2025 (the ""Distribution"").",Q 10-K FY2025 · Item 1 사업,"DD는 Qnity를 독립적인 공개 상장 회사로 분리한 DuPont de Nemours, Inc.로 언급됩니다. Q는 DuPont로부터 분리되어 독립적인 공개 상장 회사가 된 Qnity로 등장합니다.",업계 M&A 나열 — 두 종목 직접 관계 서술인지 확인
DLTR↔CPB,SUPPLIES_TO,"SEC 10-K: Our products are generally resold to consumers through retail food chains, mass discounters, mass me",식품 유통,True,,pending,pending,False,True,0.8,True,pending,pending,False,False,False,식품 유통,"해당 회사의 제품은 일반적으로 소매 식품 체인, 대형 할인점, 대형 판매점, 회원제 매장, 편의점, 달러 스토어, 전자상거래 및 기타 소매, 상업, 비상업 시설을 통해 소비자에게 재판매됩니다. 스낵 부문은 독립 계약자 유통업체를 활용하는 직영 배송 유통 모델을 가지고 있습니다.",target_absent|truncated,"Our products are generally resold to consumers through retail food chains, mass discounters, mass merchandisers, club stores, convenience stores, dollar stores, e-commerce and other retail, commercial and non-commercial establishments. Our Snacks segment has a direct-store-delivery distribution model that uses independent contractor distributors.",CPB 10-K FY2025 · Item 7 MD&A,"DLTR 미등장. CPB는 제품이 다양한 소매 채널을 통해 소비자에게 재판매되며, 스낵 부문이 독립 계약자 유통업체를 사용하는 직영 배송 유통 모델을 가진 회사로 등장합니다.",근거 문장에 상대 종목 미등장 — 관계 근거로 불충분
DTE↔GM,SUPPLIES_TO,"SEC 10-K: Energy Trading's customer base is predominantly utilities, local natural gas distribution companies,",,False,SUPPLIES_TO,pending,pending,False,True,0.0,True,noise_self_contradiction,pending,True,False,False,,"DTE Energy의 에너지 트레이딩 부문은 주로 유틸리티, 지역 천연가스 배급 회사, 파이프라인, 생산자 및 발전기, 기타 마케팅 및 트레이딩 회사들을 고객으로 하며, DTE Energy 내 다른 사업부에도 상품 리스크 관리 서비스를 제공합니다.",target_absent|truncated,"Energy Trading's customer base is predominantly utilities, local natural gas distribution companies, pipelines, producers and generators, and other marketing and trading companies. Energy Trading also provides commodity risk management services to the other businesses within DTE Energy.
Energy Trading enters into derivative financial instruments as part of its marketing and hedging activities.",DTE 10-K FY2025 · Item 1A 위험,DTE는 에너지 트레이딩 부문이 다양한 고객에게 서비스를 제공하고 DTE Energy 내 다른 사업부에도 상품 리스크 관리 서비스를 제공하는 DTE Energy로 등장합니다. GM 미등장.,근거 문장에 상대 종목 미등장 — 관계 근거로 불충분
ETN↔FTNT,SUPPLIES_TO,"SEC 10-K: Our current manufacturing partners include Accton Technology (“Accton”), IBASE Technology, Inc. (“IB",,False,PARTNER_WITH,pending,pending,False,True,0.0,True,pending,pending,False,True,False,,"Fortinet, Inc.의 현재 제조 파트너에는 Accton Technology, IBASE Technology, Inc., Micro-Star International Co., Senao Networks, Inc., Wistron Corporation 및 다수의 다른 제조업체가 포함됩니다.",list|target_absent|truncated,"Our current manufacturing partners include Accton Technology (“Accton”), IBASE Technology, Inc. (“IBASE”), Micro-Star International Co. (“Micro-Star”), Senao Networks, Inc. (“Senao”), Wistron Corporation (“Wistron”), and a number of other manufacturers. Approximately 87% of our hardware is manufactured in Taiwan.",FTNT 10-K FY2025 · Item 1 사업,"ETN 미등장. FTNT는 Accton Technology, IBASE Technology, Inc. 등을 포함한 다수의 제조 파트너를 보유한 Fortinet, Inc.로 등장합니다.",근거 문장에 상대 종목 미등장 — 관계 근거로 불충분
ETN↔PCAR,SUPPLIES_TO,SEC 10-K: The Company purchased a significant portion of its transmissions from Eaton Corporation Plc. (Eaton),변속기,True,,pending,pending,False,True,1.0,True,pending,pending,False,False,False,변속기,"회사는 변속기의 상당 부분을 Eaton Corporation Plc. 등으로부터 구매했으며, 북미 지역의 캐브용 스탬핑도 Magna International Inc.에서 구매했습니다.",target_absent,The Company purchased a significant portion of its transmissions from Eaton Corporation Plc. (Eaton) and ZF Friedrichshafen AG (ZF). The Company also purchased a significant portion of North America stampings used for cabs from Magna International Inc.,PCAR 10-K FY2025 · Item 1 사업,ETN: 회사에 변속기를 판매한 공급업체. PCAR: ETN으로부터 변속기의 상당 부분을 구매한 회사.,근거 문장에 상대 종목 미등장 — 관계 근거로 불충분
FISV↔SYF,SUPPLIES_TO,SEC 10-K: We also face risks related to cyber-attacks and other security breaches in connection with credit ca,신용카드,False,SUPPLIES_TO,pending,pending,False,True,0.0,True,noise_self_contradiction,pending,True,False,False,금융·결제·거래소,"신용카드 및 예금 거래와 관련된 사이버 공격 및 보안 침해 위험은 고객의 민감한 정보가 파트너, 소매업체, 매입 은행, 결제 처리자, 카드 네트워크 및 처리자(예: Fiserv)를 포함한 다양한 제3자를 통해 전송될 때 발생합니다. 이러한 제3자 중 일부는 과거에 보안 침해 및 사이버 공격의 표적이 된 적이 있으며, 미래의 보안 침해는 회사에 영향을 미칠 수 있습니다.",target_absent|truncated,"We also face risks related to cyber-attacks and other security breaches in connection with credit card and deposit transactions that typically involve the transmission of sensitive information regarding our customers through various third-parties, including our partners, retailers that are not our partners where our Dual Cards and general purpose co-branded credit cards are used, merchant acquiring banks, payment processors, card networks (e.g., Visa and MasterCard) and our processors (e.g., Fiserv). Some of these parties have in the past been the target of security breaches and cyber-attacks, and because the transactions involve third parties and environments such as the point-of-sale that we neither control nor have the ability to secure, future security breaches or cyber-attacks affecting any of these third parties could impact us through no fault of our own, and in some cases, we may have exposure and suffer losses for breaches or attacks relating to them.",SYF 10-K FY2025 · Item 7 MD&A,FISV: 회사의 처리자 중 하나로 언급된 기업. SYF: 사이버 공격 및 보안 침해 위험에 직면한 회사.,근거 문장에 상대 종목 미등장 — 관계 근거로 불충분
FN↔NVDA,SUPPLIES_TO,SEC 10-K: We engage with independent subcontractors and contract manufacturers such as Hon Hai Precision Indus,,False,SUPPLIES_TO,pending,pending,False,True,0.1,True,noise_self_contradiction,pending,True,False,False,,"회사는 최종 제품의 조립, 테스트 및 패키징을 위해 Hon Hai Precision Industry Co., Ltd., Wistron Corporation, Fabrinet과 같은 독립 하도급업체 및 계약 제조업체와 협력합니다.",target_absent|truncated,"We engage with independent subcontractors and contract manufacturers such as Hon Hai Precision Industry Co., Ltd., Wistron Corporation, and Fabrinet to perform assembly, testing and packaging of our final products.
Competition 
The market for our products is intensely competitive and is characterized by rapid technological change and evolving industry standards. We believe that the principal competitive factors in this market are performance, breadth of product offerings, access to customers and partners and distribution channels, software support, conformity to industry standard APIs, manufacturing capabilities, processor pricing, and total system costs.",NVDA 10-K FY2025 · Item 1 사업,"FN: 회사의 최종 제품 조립, 테스트 및 패키징을 수행하는 독립 하도급업체이자 계약 제조업체 중 하나. NVDA: NVDA 미등장.",근거 문장에 상대 종목 미등장 — 관계 근거로 불충분
FTNT↔EA,SUPPLIES_TO,"SEC 10-K: We work with many technology distributors, including Arrow Electronics, Inc., Exclusive, Ingram Micr",,False,,pending,pending,True,True,0.0,True,pending,pending,False,True,False,,"회사는 Arrow Electronics, Inc. 등 여러 기술 유통업체와 협력하며, 자체 데이터 센터 및 PoP를 통해 클라우드 기반 구독 서비스를 제공합니다. 또한, 회사는 채널 파트너를 지원하기 위해 전담 팀을 운영합니다.",list|truncated,"We work with many technology distributors, including Arrow Electronics, Inc., Exclusive, Ingram Micro, and TD Synnex. In addition, we provide our cloud-based subscription offerings through Fortinet-owned data centers and PoPs, as well as data centers operated under colocation arrangements globally, and via public cloud providers.
We support our channel partners with a dedicated team of experienced channel account managers, sales professionals and sales engineers who provide business planning, joint marketing strategy, pre-sales and operational sales support.",FTNT 10-K FY2025 · Item 1 사업,FTNT: 자체 데이터 센터 및 PoP를 통해 클라우드 기반 구독 서비스를 제공하고 채널 파트너를 지원하는 회사. EA: EA 미등장.,
GIS↔DRI,SUPPLIES_TO,"SEC 10-K: We were acquired by General Mills, Inc. in 1970 and became a separate publicly held company in 1995 ",,False,PARTNER_WITH,pending,pending,False,True,0.0,True,pending,pending,False,False,False,,"회사는 1970년에 General Mills, Inc.에 인수되었고, 1995년 General Mills가 자사의 모든 발행 주식을 General Mills 주주들에게 분배하면서 독립적인 공개 회사로 전환되었습니다.",m&a|target_absent|truncated,"We were acquired by General Mills, Inc. in 1970 and became a separate publicly held company in 1995 when General Mills distributed all of our outstanding stock to the stockholders of General Mills. Our principal executive offices and restaurant support center are located at 1000 Darden Center Drive, Orlando, Florida 32837, telephone (407) 245-4000.",DRI 10-K FY2025 · Item 1 사업,GIS: 1970년에 회사를 인수한 후 1995년에 회사의 주식을 주주들에게 분배한 기업. DRI: 1970년에 GIS에 인수되었다가 1995년에 독립적인 공개 회사로 전환된 회사.,근거 문장에 상대 종목 미등장 — 관계 근거로 불충분
GM↔APTV,SUPPLIES_TO,"SEC 10-K: For example, in 2025, General Motors (“GM”) restructured their operations in China given challenges ",,False,DEPENDS_ON,pending,pending,False,True,0.0,True,pending,pending,False,False,False,,"2025년 General Motors는 중국 시장의 어려움으로 인해 중국 사업을 재편성했습니다. GM은 회사의 주요 고객 중 하나이므로, 그들의 사업 또는 시장 점유율 감소는 회사의 사업 및 재무 결과에 부정적인 영향을 미칠 수 있습니다.",target_absent|truncated,"For example, in 2025, General Motors (“GM”) restructured their operations in China given challenges in the Chinese market. As GM, along with other traditional OEMs, are among our largest customers, our business and financial results may be adversely affected by decreases in their 
17
Table of Contents
businesses or market share in China. As the size of the Chinese market continues to increase over the long-term, we anticipate that additional competitors, both international and domestic, will seek to enter the Chinese market and that existing market participants will act aggressively to increase their market share.",APTV 10-K FY2025 · Item 7 MD&A,"GM: 중국 사업을 재편성했으며, 회사의 주요 고객 중 하나인 기업. APTV: GM의 중국 사업 재편성으로 인해 사업 및 재무 결과에 부정적인 영향을 받을 수 있는 회사.",근거 문장에 상대 종목 미등장 — 관계 근거로 불충분
HCA↔RVTY,SUPPLIES_TO,SEC 10-K: and held a number of global management operational positions with GE Healthcare.,,False,SUPPLIES_TO,pending,pending,False,True,0.0,True,noise_self_contradiction,pending,True,False,False,,"보라는 Genpact의 공급망 및 IT 사업부를 관리하는 선임 부사장이었으며, GE Healthcare에서 다수의 글로벌 경영 운영 직책을 맡았습니다.",indirect|target_absent,"Vohra was a Senior Vice President with Genpact, managing Supply Chain and IT businesses, and held a number of global management operational positions with GE Healthcare. Mr.",RVTY 10-K FY2025 · Item 1 사업,HCA: HCA 미등장. RVTY: RVTY 미등장.,근거 문장에 상대 종목 미등장 — 관계 근거로 불충분
HOLX↔WST,SUPPLIES_TO,"SEC 10-K: From 2014 to 2018, Mr. McMahon served as Chief Financial Officer at Hologic, Inc, a developer, manuf",,False,,pending,pending,False,True,0.0,True,pending,pending,False,True,False,,"2014년부터 2018년까지 McMahon 씨는 진단 제품, 의료 영상 시스템 및 수술 제품의 개발, 제조 및 공급업체인 Hologic, Inc.의 최고재무책임자로 근무했습니다.",indirect|list|target_absent|truncated,"From 2014 to 2018, Mr. McMahon served as Chief Financial Officer at Hologic, Inc, a developer, manufacturer and supplier of diagnostics products, medical imaging systems, and surgical products. Prior to Hologic, Mr.",WST 10-K FY2025 · Item 7 MD&A,HOLX: McMahon 씨가 2014년부터 2018년까지 최고재무책임자로 근무했던 기업. WST: WST 미등장.,근거 문장에 상대 종목 미등장 — 관계 근거로 불충분
INVH↔LEN,SUPPLIES_TO,"SEC 10-K: In addition, Lennar engaged Invitation Homes to provide certain asset management services for the Up",자산 관리 서비스,True,,auto_candidate,pending,True,True,0.95,True,auto_candidate,pending,False,False,False,자산 관리 서비스,"Lennar는 Upward America Venture를 위해 Invitation Homes와 특정 자산 관리 서비스를 제공하도록 계약했습니다. 2025년 11월 30일 기준으로 Upward America는 총 12억 달러에 4,697채의 주택을 구매하고 8,200만 달러에 275채의 주택을 처분했습니다.",truncated,"In addition, Lennar engaged Invitation Homes to provide certain asset management services for the Upward America Venture. 
At November 30, 2025, Upward America had purchased 4,697 homes in 103 communities across 19 metropolitan statistical areas for a total purchase price of $1.2 billion (an average price of $258,000 per home) and disposed of 275 homes for a total sales price of $82.0 million (an average price of $298,000 per home).",LEN 10-K FY2025 · Item 1 사업,INVH: Lennar에 Upward America Venture를 위한 특정 자산 관리 서비스를 제공하도록 계약된 기업. LEN: Invitation Homes와 Upward America Venture를 위한 특정 자산 관리 서비스를 제공하도록 계약한 기업.,
JBL↔ANET,SUPPLIES_TO,"SEC 10-K: Our primary manufacturing partners are Jabil Inc., Sanmina Corporation and Foxconn Hon Hai.",전자제품 위탁생산,True,,pending,pending,False,True,1.0,True,pending,pending,False,False,False,전자제품 위탁생산,"회사의 주요 제조 파트너는 Jabil Inc., Sanmina Corporation 및 Foxconn Hon Hai이며, 이 파트너들은 말레이시아, 베트남, 멕시코 및 기타 국가에서 회사의 제품을 국제적으로 제조합니다.",target_absent,"Our primary manufacturing partners are Jabil Inc., Sanmina Corporation and Foxconn Hon Hai. These partners manufacture our products internationally in Malaysia, Vietnam, Mexico and other countries.",ANET 10-K FY2025 · Item 1 사업,JBL: 회사의 주요 제조 파트너 중 하나. ANET: JBL 등을 주요 제조 파트너로 두는 회사.,근거 문장에 상대 종목 미등장 — 관계 근거로 불충분
JNJ↔WST,SUPPLIES_TO,"SEC 10-K: Prior to Hologic, Mr. McMahon spent 20 years with Johnson & Johnson, a biotechnology, medical techno",,False,PARTNER_WITH,pending,pending,False,True,0.0,True,pending,pending,False,False,False,,"McMahon 씨는 Hologic 재직 전 Johnson & Johnson에서 20년간 다양한 고위 재무 직책을 맡았으며, OraSure Technologies, Inc.의 사외이사로도 재직했습니다.",indirect|target_absent|truncated,"Prior to Hologic, Mr. McMahon spent 20 years with Johnson & Johnson, a biotechnology, medical technology, and pharmaceutical manufacturer, in various executive financial roles of increasing responsibility. He has also served as an Independent Director at OraSure Technologies, Inc.",WST 10-K FY2025 · Item 7 MD&A,JNJ: McMahon 씨가 20년간 재직했던 회사. WST: 미등장.,근거 문장에 상대 종목 미등장 — 관계 근거로 불충분
KDP↔PEP,SUPPLIES_TO,"SEC 10-K: Further, PBNA manufactures and distributes certain brands licensed from Keurig Dr Pepper Inc., inclu",음료 브랜드 라이선싱,False,PARTNER_WITH,pending,pending,True,True,1.0,True,pending,pending,False,False,False,음료 브랜드 라이선싱,"PBNA는 Keurig Dr Pepper Inc.로부터 라이선스를 받은 Crush, Dr Pepper, Schweppes 등의 특정 브랜드와 Dole Food Company, Inc. 및 Ocean Spray Cranberries, Inc.로부터 라이선스를 받은 특정 주스 브랜드를 제조 및 유통합니다. PBNA는 또한 특정 유통 채널에서 Celsius Holdings, Inc. 소유 브랜드를 유통합니다.",truncated,"Further, PBNA manufactures and distributes certain brands licensed from Keurig Dr Pepper Inc., including Crush, Dr Pepper and Schweppes, and certain juice brands licensed from Dole Food Company, Inc. and Ocean Spray Cranberries, Inc. PBNA also distributes, in certain channels, brands owned by Celsius Holdings, Inc.",PEP 10-K FY2025 · Item 1 사업,KDP: PBNA에 특정 브랜드를 라이선스한 회사. PEP: 미등장.,
LII↔PCAR,SUPPLIES_TO,SEC 10-K: The Company also purchased a significant portion of North America stampings used for cabs from Magna,,False,,pending,pending,False,True,0.0,True,pending,pending,False,False,False,,"회사는 Magna International Inc. (Magna)로부터 운전실에 사용되는 북미 스탬핑의 상당 부분을 구매했습니다. 회사는 Cummins, Eaton, ZF 및 Magna와 안정적인 공급을 위한 장기 계약을 맺고 있습니다.",target_absent|truncated,"The Company also purchased a significant portion of North America stampings used for cabs from Magna International Inc. (Magna). The Company has long-term agreements with Cummins, Eaton, ZF and Magna to provide for continuity of supply.",PCAR 10-K FY2025 · Item 1 사업,LII: 미등장. PCAR: 미등장.,근거 문장에 상대 종목 미등장 — 관계 근거로 불충분
MCHP↔EA,SUPPLIES_TO,"SEC 10-K: With the exception of Arrow Electronics, our largest distributor, which accounted for 10% and 12% of",,False,SUPPLIES_TO,pending,pending,True,True,0.0,True,noise_self_contradiction,pending,True,False,False,,"회사의 최대 유통업체인 Arrow Electronics는 2025 회계연도와 2024 회계연도에 각각 순매출의 10%와 12%를 차지했으며, 다른 유통업체나 직거래 고객은 두 회계연도 모두 순매출의 10%를 초과하지 않았습니다. 회사의 유통업체들은 주로 광범위하고 다양한 고객층의 제품 요구사항을 충족시키는 데 중점을 둡니다.",truncated,"With the exception of Arrow Electronics, our largest distributor, which accounted for 10% and 12% of our net sales in fiscal 2025 and in fiscal 2024, respectively, no other distributor or direct customer accounted for more than 10% of our net sales in fiscal 2025 or in fiscal 2024. Our distributors focus primarily on servicing the product requirements of a broad base of diverse customers.",MCHP 10-K FY2025 · Item 1A 위험,MCHP: 미등장. EA: 미등장.,
MCK↔ABBV,SUPPLIES_TO,"SEC 10-K: In 2025, three wholesale distributors (McKesson Corporation, Cardinal Health, Inc. and Cencora, Inc.",의약품 도매 유통,True,,pending,pending,False,True,0.6,True,pending,pending,False,True,False,헬스케어·의료기기·제약,"2025년 미국에서 AbbVie의 의약품 매출 대부분은 McKesson Corporation, Cardinal Health, Inc., Cencora, Inc. 세 도매 유통업체를 통해 이루어졌습니다. 이들 중 어떤 개별 도매업체도 2025년 AbbVie의 미국 총 매출에서 43%를 초과하지 않았습니다.",list|target_absent,"In 2025, three wholesale distributors (McKesson Corporation, Cardinal Health, Inc. and Cencora, Inc.) accounted for substantially all of AbbVie's pharmaceutical product sales in the United States. No individual wholesaler accounted for greater than 43% of AbbVie's 2025 gross revenues in the United States.",ABBV 10-K FY2025 · Item 1 사업,"MCK: AbbVie의 의약품 유통을 담당하는 세 주요 도매 유통업체 중 하나. ABBV: 의약품 제품을 판매하며, McKesson Corporation 등으로부터 유통 서비스를 받는 회사.",근거 문장에 상대 종목 미등장 — 관계 근거로 불충분
MCK↔GILD,SUPPLIES_TO,"SEC 10-K: Historically, approximately 90% of our gross product sales in the U.S. have been to three large whol",의약품 유통,True,,pending,pending,False,True,0.8,True,pending,pending,False,False,False,헬스케어·의료기기·제약,"과거 미국 내 총 제품 매출의 약 90%는 Cardinal Health, Inc., Cencora, Inc., McKesson Corporation의 세 대형 도매업체 및 그들의 전문 유통 계열사를 통해 이루어졌습니다. 회사는 유럽 및 미국 외 국가에서도 제품을 판매하고 유통합니다.",target_absent|truncated,"Historically, approximately 90% of our gross product sales in the U.S. have been to three large wholesalers—Cardinal Health, Inc., Cencora, Inc. and McKesson Corporation—and their specialty distributor affiliates. We sell and distribute our products in Europe and countries outside the U.S.",GILD 10-K FY2025 · Item 1 사업,"MCK: 회사의 주요 제품 판매를 담당하는 세 대형 도매업체 중 하나. GILD: ""our gross product sales"" 및 ""We sell and distribute our products""에서 '우리'로 지칭되는 회사.",근거 문장에 상대 종목 미등장 — 관계 근거로 불충분
MET↔BAX,SUPPLIES_TO,"SEC 10-K: In the United States, third parties, such as Cardinal Health, Inc. and Medline Inc., warehouse and s",,False,PARTNER_WITH,pending,pending,False,True,0.0,True,pending,pending,False,True,False,,"미국에서는 Cardinal Health, Inc. 및 Medline Inc.와 같은 제3자들이 회사의 제품 상당 부분을 자신들의 유통 센터를 통해 보관 및 배송합니다. 이 유통 센터들은 신속한 고객 서비스를 위해 일반적으로 충분한 재고를 갖추고 있습니다.",list|target_absent|truncated,"In the United States, third parties, such as Cardinal Health, Inc. and Medline Inc., warehouse and ship a significant portion of our products through their distribution centers. These centers are generally stocked with adequate inventories to facilitate prompt customer service.",BAX 10-K FY2025 · Item 1 사업,"MET: 미등장. BAX: ""our products""에서 '우리'로 지칭되는 회사.",근거 문장에 상대 종목 미등장 — 관계 근거로 불충분
MGM↔O,SUPPLIES_TO,SEC 10-K: MGM Resorts International continues to operate the properties.,부동산 임대,True,,pending,pending,True,True,0.6,True,pending,pending,False,False,False,부동산 임대,"Blackstone은 파트너십의 보통주 지분 100%를 보유했으며, MGM Resorts International은 계속해서 해당 자산들을 운영하고 있습니다. 회사는 VIE의 경제적 성과에 가장 큰 영향을 미치는 활동을 지시할 권한이 없으므로 VIE의 주요 수혜자가 아닙니다.",,"Blackstone retained 
100
% of the common equity ownership of the partnership, and MGM Resorts International continues to operate the properties. We are not the primary beneficiary of the VIE because we do not have the power to direct the activities that most significantly impact the VIE's economic performance.",O 10-K FY2025 · Item 1 사업,"MGM: 해당 자산들을 계속 운영하며, VIE의 주요 수혜자가 아니라고 밝히는 회사. O: 미등장.",
MMM↔SOLV,SUPPLIES_TO,"SEC 10-K: Transition Contract Manufacturing Agreement, dated as of March 31, 2024, by and between 3M Company a",,True,,pending,pending,False,True,0.6,True,pending,pending,False,True,False,,"이 문단은 3M Company와 Solventum Corporation 간에 체결된 다양한 계약(전환 계약 제조, 주주 및 등록 권리, 지적 재산 교차 라이선스, 상표 사용, 마스터 공급, 역마스터 공급 계약 등) 및 Solventum Corporation의 여러 내부 계획과 임원 고용 계약 목록을 포함하고 있습니다.",list|m&a|target_absent|truncated,"Transition Contract Manufacturing Agreement, dated as of March 31, 2024, by and between 3M Company and Solventum Corporation (3M Company as contract manufacturer) (incorporated by reference from Solventum Corporation's Form 8-K, filed April 4, 2024)*
(10.6)
Stockholder's and Registration's Rights Agreement, dated as of March 31, 2024, by and between 3M Company and Solventum Corporation (incorporated by reference from Solventum Corporation’s Form 8-K, filed April 4, 2024)*
(10.7)
Intellectual Property Cross License Agreement, dated as of March 31, 2024, by and between 3M Company and Solventum Corporation (incorporated by reference from Solventum Corporation’s Form 8-K, filed April 4, 2024)*
(10.8)
3M Trademark Use Agreement, dated as of March 31, 2024, by and between 3M Company and Solventum Corporation (incorporated by reference from Solventum Corporation’s Form 8-K, filed April 4, 2024)*+
(10.9)
Transitional Trademark Cross License Agreement, dated as of March 31, 2024, by and between 3M Company and Solventum Corporation (incorporated by reference from Solventum Corporation’s Form 8-K, filed April 4, 2024)*+
(10.10)
Master Supply Agreement, dated as of March 31, 2024, by and between 3M Company and Solventum Corporation (incorporated by reference from Solventum Corporation’s Form 8-K
, filed April 4, 2024)
(10.11)
Reverse Master Supply Agreement, dated as of March 31, 2024, by and between 3M Company and Solventum Corporation (incorporated by reference from Solventum Corporation’s Form 8-K, filed April 4, 2024)*
(10.12)
Solventum Corporate 2024 Long-Term Incentive Plan, as amended (incorporated by reference from Solventum Corporation’s Registration Statement on Form S-8, filed April 1, 2024)
† 
(10.13)
Solventum 2024 Long-Term Incentive Plan Restricted Stock Unit Awards Agreement (incorporated by reference from Solventum Corporation’s Form 8-K, filed May 17, 2024)
† 
(10.14)
Solventum 2024 Long-Term Incentive Plan Restricted Stock Unit Awards Agreement For Non-Employee Directors (incorporated by reference from Solventum Corporation’s Form 8-K, filed May 17, 2024)
† 
(10.15)
Solventum 2024 Long-Term Incentive Plan Performance Share Unit Awards Agreement (incorporated by reference from Solventum Corporation’s Form 8-K, filed May 17, 2024)
† 
(10.16)
Solventum Annual Incentive Plan (incorporated by reference from Solventum Corporation’s Form 8-K, filed April 4, 2024)
† 
(10.17)
Solventum 2024 Long-Term Incentive Plan Performance Share Unit Awards Agreement (incorporated by reference from Solventum Corporation’s Quarterly Report on Form 10-Q, filed May 9, 2025)
†
(10.18)
Solventum Executive Severance Plan (incorporated by reference from Solventum Corporation’s Form 8-K, filed April 4, 2024)
† 
(10.19)
Solventum VIP Excess Plan (incorporated by reference from Solventum Corporation’s Registration Statement on Form S-8, filed April 1, 2024)
† 
(10.20)
Solventum Employee Stock Purchase Plan (incorporated 
by reference from Solventum Corporation's 
Annual report on Form 10-K, filed February 28, 2025
)
† 
(10.21)
Offer letter with Bryan Hanson, dated August 17, 2023 (incorporated
 
by refere
nce from 
Solventum Corporation's Annual
 Report on Form 10-K
, filed February 28, 2025
)
† 
(10.22)
Offer letter with Wayde McMillan, dated September 22, 2023 (incorporated 
by
 reference from Solventum Corporation's Annual Report on Form 10-K
, filed February 28, 2025
)
† 
(10.23)
Offer letter with Amy Landucci, dated September 22, 2023 (incorporated 
by reference from 
Solventum Corporation's Annual Report on Form 10-K, filed on February 28, 2025
)
† 
(10.24)
Offer letter with Tammy Gomez, dated November 10, 2023 (incorporated 
by
 refere
nce from Solventum Cor
poration's Annual Report on Form 10-K, filed on February 28, 2025)
† 
(10.25)
Offer letter with J. Christopher Barry, dated January 9, 2024 (incorporated 
by
 refere
nce from Solve
ntum Corporation's Annual 
Report on Form 10-K, filed on F
ebruary 2
8
, 2025)
† 
(10.26)
Offer letter 
with
 Heather Knight, dated October 8, 2025 (
filed
 
here
w
ith
)
†
(10.27)
Offer letter with Marcela Kirberger, dated
 October 12, 2023
 
(
filed
 herewith)
† 
(10.28)
Time Sharing Agreement, dated February 
24
, 2026, by and between Solventum Corporation and Wayde McMillan (filed herewith)
†
(10.29)
Solventum Executive Change in Control Severance Plan, as adopted October 30, 2024 (incorporated by reference from Solventum Corporation's Form 8-K, filed November 5, 2024)
† 
106
Table of Contents
 
(10.30)
Five-Year Revolving Credit Agreement
 
of Solventum Corporation, dated as of February 16, 2024
 (
incorporated
 by 
r
e
ference Solventum Corporation's 
Registration Statement on Form 10
,
 filed March 6, 2024)
(10.31)
Delayed Draw Term Loan Agreement of Solventum Corporation, dated as of February 16, 2024 (incorporated by reference Solventum Corporation's Registration Statement on Form 10, filed March 6, 2024)
Filed herewith, unless otherwise indicated:
(19)
Solventum Corporation Insider Trading Policy
(21)
Subsidiaries of the Registrant.
(23)
Consent of independent registered public accounting firm.
(31.1)
Certification of the Chief Executive Officer pursuant to Section 302 of the Sarbanes-Oxley Act of 2002, 18 U.S.C.",SOLV 10-K FY2025 · Item 1 사업,MMM: Solventum Corporation과 여러 계약을 체결한 3M Company. SOLV: 3M Company와 여러 계약을 체결한 Solventum Corporation.,근거 문장에 상대 종목 미등장 — 관계 근거로 불충분
MPC↔SRE,SUPPLIES_TO,"SEC 10-K: Our customer contracts for our refined products storage business are structured as long-term, U.S. d",,False,PARTNER_WITH,pending,pending,False,True,0.0,True,pending,pending,False,False,False,,"정제 제품 저장 사업에 대한 고객 계약은 Marathon Petroleum Corporation, Valero Energy Corporation, PEMEX 등을 포함하는 거래 상대방과의 장기, 미국 달러 표시, 확정 용량 저장 계약으로 구성됩니다. 이 계약에 따른 계약 요율은 CNE가 결정한 각 터미널의 규제 요율과 무관합니다.",target_absent|truncated,"Our customer contracts for our refined products storage business are structured as long-term, U.S. dollar-denominated, firm capacity storage agreements with counterparties including Marathon Petroleum Corporation, Valero Energy Corporation and PEMEX. The contracted rate under these contracts is independent from each terminal’s regulated rate as determined by the CNE.
SI Partners is constructing Louisiana Storage, a 12.5-Bcf salt dome natural gas storage facility to support the PA LNG Phase 1 project.",SRE 10-K FY2025 · Item 7 MD&A,MPC: 정제 제품 저장 사업의 거래 상대방 중 하나인 Marathon Petroleum Corporation. SRE: 미등장.,근거 문장에 상대 종목 미등장 — 관계 근거로 불충분
MSCI↔BLK,SUPPLIES_TO,"SEC 10-K: Certain of our clients are also significant shareholders, competitors or distributors of our content",,True,,pending,pending,False,False,0.2,True,pending,pending,False,False,False,,"MSCI의 일부 고객은 주요 주주, 경쟁사 또는 콘텐츠 유통업체이며, 그 중 블랙록과 같은 대형 고객도 포함됩니다. 이러한 역학 관계는 경쟁 압력을 유발하여 고객이 관계를 종료하거나 MSCI의 전략적 의사 결정에 영향을 미칠 수 있습니다.",target_absent|truncated,"Certain of our clients are also significant shareholders, competitors or distributors of our content, including some of our largest clients, such as BlackRock. This dynamic may introduce competitive pressures that could cause these clients to terminate all or a portion of the relationship and result in a loss of business or reduced revenue or influence our strategic decisions, such as whether to prioritize the client relationship over the development or enhancement of products that directly compete with those clients’ offerings.",MSCI 10-K FY2025 · Item 7 MD&A,MSCI: 문장의 주체 회사 (Our). BLK: MSCI의 대형 고객 중 하나 (BlackRock).,근거 문장에 상대 종목 미등장 — 관계 근거로 불충분
MU↔FTNT,SUPPLIES_TO,"SEC 10-K: Our current manufacturing partners include Accton Technology (“Accton”), IBASE Technology, Inc. (“IB",,False,PARTNER_WITH,pending,pending,False,True,0.0,True,pending,pending,False,True,False,,"회사의 현재 제조 파트너로는 Accton Technology, IBASE Technology, Inc., Micro-Star International Co., Senao Networks, Inc., Wistron Corporation 및 기타 여러 제조업체가 있습니다. 회사의 하드웨어 약 87%는 대만에서 제조됩니다.",list|target_absent|truncated,"Our current manufacturing partners include Accton Technology (“Accton”), IBASE Technology, Inc. (“IBASE”), Micro-Star International Co. (“Micro-Star”), Senao Networks, Inc. (“Senao”), Wistron Corporation (“Wistron”), and a number of other manufacturers. Approximately 87% of our hardware is manufactured in Taiwan.",FTNT 10-K FY2025 · Item 1 사업,MU 미등장. FTNT 미등장.,근거 문장에 상대 종목 미등장 — 관계 근거로 불충분
MU↔NVDA,SUPPLIES_TO,"SEC 10-K: We purchase memory from SK Hynix Inc., Micron Technology, Inc., and Samsung.",메모리,True,,pending,pending,False,True,1.0,True,pending,pending,False,True,False,반도체·메모리,"회사는 SK하이닉스, 마이크론 테크놀로지, 삼성으로부터 메모리를 구매하며, 반도체 패키징에 CoWoS 기술을 활용합니다.",list|target_absent,"We purchase memory from SK Hynix Inc., Micron Technology, Inc., and Samsung. We utilize CoWoS technology for semiconductor packaging.",NVDA 10-K FY2025 · Item 1 사업,"MU: 회사가 메모리를 구매하는 공급처 중 하나 (Micron Technology, Inc.). NVDA 미등장.",근거 문장에 상대 종목 미등장 — 관계 근거로 불충분
ON↔LRCX,SUPPLIES_TO,"SEC 10-K: Our customer base includes leading semiconductor memory, foundry, and integrated device manufacturer",반도체 메모리,False,,pending,pending,False,True,0.1,True,pending,pending,False,False,False,반도체·메모리,"회사의 고객 기반은 비휘발성 메모리(NVM), 동적 랜덤 액세스 메모리(DRAM) 및 로직 장치와 같은 제품을 제조하는 선도적인 반도체 메모리, 파운드리 및 통합 장치 제조업체(IDM)를 포함합니다. 이들의 지속적인 성공은 회사가 차세대 반도체 혁신을 주도하려는 노력의 일환입니다.",target_absent|truncated,"Our customer base includes leading semiconductor memory, foundry, and integrated device manufacturers (“IDMs”) that make products such as non-volatile memory (“NVM”), dynamic random-access memory (“DRAM”), and logic devices. Their continued success is part of our commitment to driving semiconductor breakthroughs that define the next generation.",LRCX 10-K FY2025 · Item 1 사업,ON 미등장. LRCX 미등장.,근거 문장에 상대 종목 미등장 — 관계 근거로 불충분
ON↔ON,SUPPLIES_TO,"SEC 10-K: On October 27, 2025, we completed the acquisition of rights to Vcore power technologies, including a",Vcore 전력 기술,False,PARTNER_WITH,pending,pending,True,True,0.8,True,pending,pending,False,False,False,에너지·유전·수처리,"2025년 10월 27일, 회사는 Aura Semiconductor로부터 관련 지적 재산권 라이선스를 포함한 Vcore 전력 기술 권리 인수를 완료하여 전력 관리 포트폴리오를 강화했습니다. 총 구매 대가는 최대 1억 4,400만 달러이며, 마감 시 7백만 달러가 현금으로 지급되었습니다.",m&a|truncated,"On October 27, 2025, we completed the acquisition of rights to Vcore power technologies, including associated intellectual property licenses, from Aura Semiconductor enhancing our power management portfolio. The total purchase consideration is up to $144 million, subject to customary purchase price adjustments, with $7 million paid in cash at close.",ON 10-K FY2025 · Item 1 사업,"ON: Vcore 전력 기술 권리를 인수한 회사 (we/our). ON: 문장 내 다른 역할을 수행하지 않으므로, Vcore 전력 기술 권리를 인수한 회사 (we/our).",
PNR↔POOL,SUPPLIES_TO,"SEC 10-K: Our largest suppliers are Pentair plc, Zodiac Pool Systems, Inc. and Hayward Holdings, Inc., which a",수영장 용품,True,,auto_candidate,pending,True,True,0.95,True,auto_candidate,pending,False,True,False,수영장 용품,"회사의 가장 큰 공급업체는 Pentair plc, Zodiac Pool Systems, Inc. 및 Hayward Holdings, Inc.로, 이들은 2025년 판매된 제품 원가의 각각 20%, 12%, 11%를 차지했습니다. 이들 공급업체가 개별적으로 또는 공동으로 유통 회사를 우회하여 제품을 직접 소매업체나 다른 최종 사용자에게 판매하기로 결정할 경우 회사 사업에 부정적인 영향을 미칠 수 있습니다.",list|truncated,"However, any failure to maintain favorable relationships with our suppliers could have an adverse effect on our business.
Our largest suppliers are Pentair plc, Zodiac Pool Systems, Inc. and Hayward Holdings, Inc., which accounted for 20%, 12% and 11%, respectively, of the costs of products we sold in 2025. A decision by our largest suppliers, acting individually or in concert, to sell their products directly to retailers or other end users, bypassing distribution companies like ours, would have an adverse effect on our business.",POOL 10-K FY2025 · Item 7 MD&A,PNR: 회사의 가장 큰 공급업체 중 하나 (Pentair plc). POOL 미등장.,
PWR↔PWR,SUPPLIES_TO,SEC 10-K: Quanta’s Underground and Infrastructure segment provides comprehensive infrastructure solutions to c,인프라 솔루션,True,,pending,pending,True,True,0.6,True,pending,pending,False,False,False,기타,"Quanta의 지하 및 인프라 부문은 천연가스, 석유 및 기타 제품의 운송, 유통, 저장, 개발 및 가공과 관련된 고객에게 종합적인 인프라 솔루션을 제공합니다. 이 서비스에는 천연가스 시스템에 대한 설계, 엔지니어링, 조달, 신규 건설, 업그레이드 및 유지보수 서비스 등이 포함됩니다.",truncated,"Quanta’s Underground and Infrastructure segment provides comprehensive infrastructure solutions to customers involved in the transportation, distribution, storage, development and processing of natural gas, oil and other products. Services include, but are not limited to design, engineering, procurement, new construction, upgrade and repair and maintenance services for natural gas systems for gas utility customers; pipeline construction protection, integrity testing, rehabilitation and replacement services; and civil solutions.",PWR 10-K FY2025 · Item 1 사업,PWR: 지하 및 인프라 부문을 가진 회사 (Quanta). PWR: 지하 및 인프라 부문을 가진 회사 (Quanta).,
SATS↔AMT,SUPPLIES_TO,"SEC 10-K: For example, during the second half of 2025, Echostar Corporation, parent company to DISH, announced",,False,,pending,pending,True,True,0.0,True,pending,pending,False,True,False,,"예를 들어, 2025년 하반기에 DISH의 모회사인 Echostar Corporation은 상당량의 스펙트럼 라이선스 판매 계약을 발표하고, 이후 5G VoNR 및 광대역 네트워크의 일부 배치를 포기하고 해체하기 시작했습니다. DISH는 회사의 총 연간 자산 수익 및 총 연간 미국 수익의 약 2%와 4%를 차지했습니다.",list|truncated,"For example, during the second half of 2025, Echostar Corporation, parent company to DISH, announced agreements to sell a material amount of spectrum licenses, and subsequently began to abandon and decommission deployment of portions of its 5G VoNR and broadband network. DISH represented approximately 2% and 4% of our total annual property revenue and total annual U.S.",AMT 10-K FY2025 · Item 7 MD&A,SATS 미등장. AMT 미등장.,
SNDK↔ANET,SUPPLIES_TO,"SEC 10-K: Our primary manufacturing partners are Jabil Inc., Sanmina Corporation and Foxconn Hon Hai.",,False,PARTNER_WITH,pending,pending,False,True,0.0,True,pending,pending,False,False,False,,"회사의 주요 제조 파트너는 Jabil Inc., Sanmina Corporation 및 Foxconn Hon Hai입니다. 이 파트너들은 말레이시아, 베트남, 멕시코 및 기타 국가에서 회사의 제품을 국제적으로 제조합니다.",target_absent,"Our primary manufacturing partners are Jabil Inc., Sanmina Corporation and Foxconn Hon Hai. These partners manufacture our products internationally in Malaysia, Vietnam, Mexico and other countries.",ANET 10-K FY2025 · Item 1 사업,SNDK 미등장. ANET 미등장.,근거 문장에 상대 종목 미등장 — 관계 근거로 불충분
SRE↔NUE,SUPPLIES_TO,"SEC 10-K: Oncor also provides distribution services, consisting of retail delivery services to retail electric",,False,SUPPLIES_TO,pending,pending,False,True,0.0,True,noise_self_contradiction,pending,True,False,False,,"Oncor는 소매 전기 공급업체에 소매 배송 서비스를, 전기 협동조합 및 지방 소유 공기업에 도매 배송 서비스를 제공합니다. 2025년 12월 31일 기준으로 Oncor의 유통 사업 고객은 주로 100개 이상의 소매 전기 공급업체로 구성되었습니다.",target_absent|truncated,"Oncor also provides distribution services, consisting of retail delivery services to retail electric providers that sell electricity to end-use customers, as well as wholesale delivery services to electric cooperatives and municipally owned utilities. At December 31, 2025, Oncor’s distribution business customers primarily consisted of over 100 retail electric providers that sell the electricity it distributes to consumers in its certificated service areas.
Oncor’s revenues and results of operations are subject to seasonality, weather conditions and other electricity usage drivers, with revenues being highest in the summer.",SRE 10-K FY2025 · Item 7 MD&A,SRE 미등장. NUE 미등장.,근거 문장에 상대 종목 미등장 — 관계 근거로 불충분
TSM↔AVGO,SUPPLIES_TO,"SEC 10-K: The majority of our front-end wafer manufacturing operations is outsourced to external foundries, in",반도체 파운드리,True,,pending,pending,False,True,0.9,True,pending,pending,False,False,False,반도체·메모리,"AVGO(화자)는 전방 웨이퍼 제조 대부분을 TSMC를 포함한 외부 파운드리에 아웃소싱하며, 조립 및 테스트 작업 대부분에도 TSMC를 포함한 외부 계약 제조업체를 이용합니다.",target_absent|truncated,"The majority of our front-end wafer manufacturing operations is outsourced to external foundries, including Taiwan Semiconductor Manufacturing Company Limited (“TSMC”). We use third-party CMs for a significant majority of our assembly and test operations, including TSMC, Advanced Semiconductor Engineering, Inc., Foxconn Technology Group, Amkor Technology, Inc.",AVGO 10-K FY2025 · Item 1 사업,TSM: AVGO(화자)의 웨이퍼 제조를 아웃소싱하는 외부 파운드리이자 조립 및 테스트 작업을 수행하는 타사 계약 제조업체 중 하나. AVGO: 자체 웨이퍼 제조 및 조립/테스트 작업을 외부 업체에 아웃소싱하는 주체.,근거 문장에 상대 종목 미등장 — 관계 근거로 불충분
TSM↔FTNT,SUPPLIES_TO,SEC 10-K: These contract manufacturers use foundries in Taiwan and Japan operated by either Taiwan Semiconduct,,False,SUPPLIES_TO,pending,pending,False,True,0.0,True,noise_self_contradiction,pending,True,False,False,,"FTNT(화자)의 제품에 포함된 부품은 FTNT 또는 계약 제조업체가 다양한 공급업체로부터 조달하며, 이러한 계약 제조업체들은 TSMC가 운영하는 파운드리 또는 자체 파운드리를 사용합니다.",target_absent|truncated,"These contract manufacturers use foundries in Taiwan and Japan operated by either Taiwan Semiconductor Manufacturing Company Limited (“TSMC”) or by the contract manufacturer itself.
The components included in our products are sourced from various suppliers by us or, more frequently, by our contract manufacturers. Some of the components important to our business, including certain Central Processing Units (“CPUs”) from Intel Corporation (“Intel”) and Advanced Micro Devices, Inc.",FTNT 10-K FY2025 · Item 1 사업,TSM: 계약 제조업체들이 사용하는 대만 및 일본 파운드리 운영사 중 하나. FTNT: 제품 부품을 조달하거나 계약 제조업체를 통해 조달하는 주체.,근거 문장에 상대 종목 미등장 — 관계 근거로 불충분
TSM↔NVDA,SUPPLIES_TO,"SEC 10-K: We utilize foundries, such as Taiwan Semiconductor Manufacturing Company Limited, or TSMC, and Samsu",반도체 파운드리,True,,pending,pending,False,True,1.0,True,pending,pending,False,True,False,반도체·메모리,"NVDA(화자)는 반도체 웨이퍼 생산을 위해 TSMC와 삼성전자 등의 파운드리를 이용하며, SK하이닉스, 마이크론 테크놀로지, 삼성전자로부터 메모리를 구매합니다.",list|target_absent|truncated,"We utilize foundries, such as Taiwan Semiconductor Manufacturing Company Limited, or TSMC, and Samsung Electronics Co., Ltd., or Samsung, to produce our semiconductor wafers. We purchase memory from SK Hynix Inc., Micron Technology, Inc., and Samsung.",NVDA 10-K FY2025 · Item 1 사업,TSM: NVDA(화자)가 반도체 웨이퍼 생산을 위해 이용하는 파운드리 중 하나. NVDA: 반도체 웨이퍼 생산을 위해 파운드리를 이용하는 주체.,근거 문장에 상대 종목 미등장 — 관계 근거로 불충분
V↔SYF,SUPPLIES_TO,SEC 10-K: We also face risks related to cyber-attacks and other security breaches in connection with credit ca,신용카드 결제,False,DEPENDS_ON,pending,pending,False,True,0.3,True,pending,pending,False,False,False,금융·결제·거래소,"SYF(화자)는 신용카드 및 예금 거래와 관련된 사이버 공격 및 기타 보안 침해 위험에 직면하는데, 이러한 거래는 Visa를 포함한 다양한 제3자를 통해 고객의 민감 정보를 전송합니다. 이 제3자들 중 일부는 과거 보안 침해의 표적이 된 적이 있습니다.",target_absent|truncated,"We also face risks related to cyber-attacks and other security breaches in connection with credit card and deposit transactions that typically involve the transmission of sensitive information regarding our customers through various third-parties, including our partners, retailers that are not our partners where our Dual Cards and general purpose co-branded credit cards are used, merchant acquiring banks, payment processors, card networks (e.g., Visa and MasterCard) and our processors (e.g., Fiserv). Some of these parties have in the past been the target of security breaches and cyber-attacks, and because the transactions involve third parties and environments such as the point-of-sale that we neither control nor have the ability to secure, future security breaches or cyber-attacks affecting any of these third parties could impact us through no fault of our own, and in some cases, we may have exposure and suffer losses for breaches or attacks relating to them.",SYF 10-K FY2025 · Item 7 MD&A,V: 제3자 중 카드 네트워크의 예시로 언급됨. SYF: 신용카드 및 예금 거래와 관련하여 사이버 공격 및 보안 침해 위험에 직면하는 주체.,근거 문장에 상대 종목 미등장 — 관계 근거로 불충분
V↔V,SUPPLIES_TO,"SEC 10-K: Built on a cloud-based architecture, our Acceptance Platform solutions such as Cybersource and Autho",클라우드 기반 결제 솔루션,True,,pending,pending,False,True,0.9,True,pending,pending,False,False,False,클라우드·엔터프라이즈SW,"V(화자)의 Acceptance Platform 솔루션은 전자상거래 플랫폼과 새로운 옴니채널 결제 통합을 제공하며, V(화자)의 Post-Purchase 솔루션에는 발행사 및 매입사를 위한 분쟁 해결 도구가 포함됩니다.",target_absent|truncated,"Built on a cloud-based architecture, our Acceptance Platform solutions such as Cybersource and Authorize.net provide new and enhanced omnichannel payment integrations with ecommerce platforms, enabling sellers and acquirers to provide tailored commerce experiences with seamlessly embedded payments tools. Token Management Service, another example, helps simplify network token adoption, offers access and management for seller and acquiring clients, provides a single integration point into major card networks and is used standalone or easily integrated into other payment solutions For more information, see the 
Token Technology
 discussion above.
12
Table 
of Contents
Our Post-Purchase solutions include a network-agnostic solution from Verifi that enables sellers to prevent and resolve disputes on a single platform as well as dispute tools for issuers and acquirers like Visa Resolve Online.",V 10-K FY2025 · Item 1 사업,V: 클라우드 기반 Acceptance Platform 솔루션 및 Post-Purchase 솔루션을 제공하는 주체로 언급됨. V: 발행사 및 매입사를 위한 분쟁 해결 도구인 Visa Resolve Online의 일부로 언급됨.,근거 문장에 상대 종목 미등장 — 관계 근거로 불충분
VLO↔SRE,SUPPLIES_TO,"SEC 10-K: Our customer contracts for our refined products storage business are structured as long-term, U.S. d",,False,SUPPLIES_TO,pending,pending,False,True,0.0,True,noise_self_contradiction,pending,True,False,False,,"SRE(화자)의 정제 제품 저장 사업 고객 계약은 Marathon Petroleum Corporation, Valero Energy Corporation 및 PEMEX를 포함한 거래 상대방과의 장기, 미국 달러 표시, 확정 용량 저장 계약으로 구성됩니다.",target_absent|truncated,"Our customer contracts for our refined products storage business are structured as long-term, U.S. dollar-denominated, firm capacity storage agreements with counterparties including Marathon Petroleum Corporation, Valero Energy Corporation and PEMEX. The contracted rate under these contracts is independent from each terminal’s regulated rate as determined by the CNE.
SI Partners is constructing Louisiana Storage, a 12.5-Bcf salt dome natural gas storage facility to support the PA LNG Phase 1 project.",SRE 10-K FY2025 · Item 7 MD&A,VLO: SRE(화자)의 정제 제품 저장 사업에 대한 장기 계약 상대방 중 하나. SRE: 정제 제품 저장 사업에 대한 고객 계약을 보유한 주체.,근거 문장에 상대 종목 미등장 — 관계 근거로 불충분
WMT↔CAG,SUPPLIES_TO,"SEC 10-K: Our largest customer, Walmart, Inc. and its affiliates, accounted for approximately 29% of consolida",식품 소매,True,,pending,pending,False,True,1.0,True,pending,pending,False,True,False,소매·소비재,"CAG(화자)의 최대 고객인 Walmart, Inc. 및 그 계열사는 2025 회계연도에 통합 순매출의 약 29%를 차지했으며, 2024년과 2023년에는 각각 28%를 차지했습니다.",list|target_absent|truncated,"Our largest customer, Walmart, Inc. and its affiliates, accounted for approximately 29% of consolidated net sales for fiscal 2025 and 28% for fiscal 2024 and 2023.",CAG 10-K FY2025,"WMT: CAG(화자)의 최대 고객. CAG: Walmart, Inc.를 최대 고객으로 명시하는 주체.",근거 문장에 상대 종목 미등장 — 관계 근거로 불충분
WMT↔CL,SUPPLIES_TO,"SEC 10-K: Our sales to Walmart, Inc. and its affiliates represented approximately 11% of our Net sales in 2025",,True,,pending,pending,False,True,1.0,True,pending,pending,False,False,False,,"CL(화자)의 Walmart, Inc. 및 그 계열사에 대한 매출은 2025년에 CL(화자) 순매출의 약 11%를 차지했으며, 다른 어떤 고객도 2025년 순매출의 10% 이상을 차지하지 않았습니다.",target_absent|truncated,"Our sales to Walmart, Inc. and its affiliates represented approximately 11% of our Net sales in 2025. No other customer represented more than 10% of our Net sales in 2025.",CL 10-K FY2025 · Item 7 MD&A,"WMT: CL(화자)의 고객. CL: Walmart, Inc.에 대한 매출 비중을 보고하는 주체.",근거 문장에 상대 종목 미등장 — 관계 근거로 불충분
WMT↔KMB,SUPPLIES_TO,"SEC 10-K: Our largest customer, Walmart Inc., represented approximatel",생활용품,True,,pending,pending,False,True,0.9,True,pending,pending,False,False,False,기타,"KMB(화자)의 최대 고객인 Walmart Inc.는 2025년과 2024년에 계속사업 순매출의 약 16%를 차지했으며, 2023년에는 15%를 차지했습니다.",target_absent|truncated,"Products for professional use are sold through distributors, directly to manufacturing, lodging, office building, food service, and high-volume public facilities, and through e-commerce.
Our largest customer, Walmart Inc., represented approximatel
y 16% i
n 2025 and 2024 and 15% in 2023 of our net sales from continuing operations. Net sales to Walmart Inc.",KMB 10-K FY2025 · Item 1 사업,WMT: KMB(화자)의 최대 고객. KMB: Walmart Inc.를 최대 고객으로 명시하는 주체.,근거 문장에 상대 종목 미등장 — 관계 근거로 불충분
WMT↔PG,SUPPLIES_TO,SEC 10-K: Sales to Walmart Inc. and its affiliates represent approximately 16% of our total sales in 2025 and ,,True,,pending,pending,False,True,1.0,True,pending,pending,False,False,False,,"PG(화자)의 Walmart Inc. 및 그 계열사에 대한 매출은 2025년과 2024년에 총매출의 약 16%를 차지했으며, 2023년에는 15%를 차지했습니다. 다른 어떤 고객도 총매출의 10% 이상을 차지하지 않았습니다.",target_absent|truncated,Sales to Walmart Inc. and its affiliates represent approximately 16% of our total sales in 2025 and 2024 and 15% in 2023. No other customer represents more than 10% of our total sales.,PG 10-K FY2025 · Item 1 사업,WMT: PG(화자)의 고객. PG: Walmart Inc.에 대한 매출 비중을 보고하는 주체.,근거 문장에 상대 종목 미등장 — 관계 근거로 불충분
