symbol_pair,relation_type,basis,draft_domain,type_match,suggested_type,gate_class,review_status,target_in_basis,type_signature_ok,confidence,json_ok,gate_class_v2,review_status_v2,self_contradiction,is_enumeration,symbol_boundary_ok,normalized_tag,summary_ko,summary_flags,full_evidence,source_line,roles_ko,decision_hint,intro_a,intro_b,evidence_paragraph,human_verdict,suggested_verdict,suggest_reason
AAPL↔HPQ,COMPETES_WITH,"SEC 10-K: Our primary competitors are Acer Inc., Apple Inc., ASUSTeK Computer Inc., Dell Inc., Huawei Technolo",개인용 컴퓨터,True,,pending,pending,False,True,1.0,True,pending,pending,False,True,False,개인용 컴퓨터,"이 문단은 HP(HPQ)가 10-K 보고서에서 자사의 개인용 시스템(Personal Systems) 부문의 경쟁 환경을 설명하는 부분입니다. HP는 해당 시장이 가격 경쟁과 신제품 도입으로 특징지어지는 매우 경쟁적인 시장임을 밝히고 있습니다. HP는 이 시장에서 Apple(AAPL)을 주요 경쟁사 중 하나로 명시하고 있으며, 이 외에도 여러 다른 회사들과 경쟁하고 있습니다. 두 회사는 혁신적인 제품과 솔루션으로 개인용 컴퓨터 시장에서 서로 경쟁하는 관계에 있습니다. 문서에는 두 회사 간의 직접적인 거래 관계나 공급망에 대한 서술은 없습니다.",list|target_absent|truncated,"Our primary competitors are Acer Inc., Apple Inc., ASUSTeK Computer Inc., Dell Inc., Huawei Technologies Co., Ltd., Lenovo Group Limited, Logitech International S.A., Microsoft Corporation, Samsung Electronics Co., Ltd., and Toshiba Corporation. In certain geographies, we also experience competition from local companies and from generically-branded or “white box” manufacturers.",HPQ 10-K FY2025 · Item 1 사업,AAPL은 해당 기업의 주요 경쟁사 중 하나로 등장합니다. HPQ는 이 문장을 서술하는 주체('Our')로서 자신의 주요 경쟁사를 설명하고 있습니다.,근거 문장에 상대 종목 미등장 — 관계 근거로 불충분,"AAPL: 애플은 혁신적인 소비자 가전, 소프트웨어 및 온라인 서비스를 설계, 제조, 판매합니다.
아이폰, 아이패드, 맥 등을 통해 전 세계 기술 시장에서 가장 가치 있는 기업 중 하나로 자리매김하고 있습니다.","HPQ: HP는 개인용 컴퓨터, 프린터 및 관련 이미징 제품, 솔루션 및 서비스를 전 세계에 제공합니다.
개인용 컴퓨팅 및 프린팅 시장에서 선도적인 위치를 차지하며 소비자 및 기업 고객 모두에게 혁신적인 제품을 공급합니다.","The markets in which Personal Systems operates are highly competitive and are characterized by price competition and introduction of new products and solutions. Our primary competitors are Acer Inc., Apple Inc., ASUSTeK Computer Inc., Dell Inc., Huawei Technologies Co., Ltd., Lenovo Group Limited, Logitech International S.A., Microsoft Corporation, Samsung Electronics Co., Ltd., and Toshiba Corporation. In certain geographies, we also experience competition from local companies and from generically-branded or “white box” manufacturers. Our competitive advantages include our broad product portfolio, our innovation, and research and development capabilities including security features, our innovative design work, our brand and procurement leverage, our ability to cross-sell our portfolio of offerings, our extensive service and support offerings, the accessibility of our products and the execution of our broad-based distribution strategy from retail and commercial channels to direct sales.",,OK,문단에서 HP가 Apple Inc.을 주요 경쟁사 중 하나로 명시적으로 언급하고 있습니다.
AAPL↔SYF,COMPETES_WITH,"SEC 10-K: In addition, some larger technology focused companies, e.g., Apple and Google, and larger retailers ",,False,COMPETES_WITH,pending,pending,False,True,0.0,True,noise_self_contradiction,pending,True,False,False,,"이 문단은 Synchrony Financial(SYF)이 10-K 보고서에서 자사의 경쟁 환경에 대해 설명하는 부분입니다. SYF는 디지털 및 모바일 결제 분야의 새로운 경쟁자들과 규제 요건의 차이점을 언급하고 있습니다. SYF는 Apple(AAPL)과 같은 대형 기술 중심 회사들이 때로는 SYF의 경쟁자들과 협력하여 금융 상품을 제공한다고 설명합니다. 이는 Apple이 SYF가 활동하는 소비자 금융 상품 시장에 간접적으로 영향을 미치거나 관련될 수 있음을 시사합니다. 문서에는 Apple과 SYF 간의 직접적인 경쟁 관계나 협력, 또는 거래 관계에 대한 서술은 없습니다.",indirect|target_absent|truncated,"In addition, some larger technology focused companies, e.g., Apple and Google, and larger retailers offer financial products sometimes in collaboration with our competitors. Further, current and potential competitors may benefit from changes in the political and regulatory environment that reduce oversight and compliance obligations, as well as make it easier to obtain authorization to provide banking services and undertake significant transactions such as mergers and acquisitions.",SYF 10-K FY2025 · Item 7 MD&A,"AAPL은 금융 상품을 제공하는 대형 기술 기업의 예시로 등장합니다. SYF는 이 문장을 서술하는 주체('our competitors')로서, 경쟁사와 협력하는 기업들을 언급하고 있습니다.",근거 문장에 상대 종목 미등장 — 관계 근거로 불충분,"AAPL: 애플은 혁신적인 소비자 가전, 소프트웨어 및 온라인 서비스를 설계, 제조, 판매합니다.
아이폰, 아이패드, 맥 등을 통해 전 세계 기술 시장에서 가장 가치 있는 기업 중 하나로 자리매김하고 있습니다.","SYF: 미국에서 소비자 금융 서비스를 제공하며, 신용카드, 상업용 신용 상품 및 소비자 할부 대출을 주력으로 합니다.
프라이빗 라벨, 공동 브랜드 신용카드 및 예금 상품을 통해 소비자 금융 시장에서 중요한 역할을 합니다.","Further, some of our competitors, including new and emerging competitors in the digital and mobile payments space, are not subject to the same regulatory requirements or legislative scrutiny to which we are subject. Non-bank providers of pay-over-time solutions, such as Affirm, Afterpay, Klarna and others, extend consumer credit-like offerings but do not face the same restrictions, such as capital requirements and other regulatory requirements, as banks, which also could place us at a competitive disadvantage. In addition, some larger technology focused companies, e.g., Apple and Google, and larger retailers offer financial products sometimes in collaboration with our competitors. Further, current and potential competitors may benefit from changes in the political and regulatory environment that reduce oversight and compliance obligations, as well as make it easier to obtain authorization to provide banking services and undertake significant transactions such as mergers and acquisitions. Customer attrition from any or all of our credit products or any lowering of the pricing of our products by reducing interest rates or fees in order to retain customers could reduce our revenues and, therefore, our earnings.",OK,OK,문단에서 Synchrony Financial이 Apple이 자사 경쟁사와 협력하여 금융 상품을 제공한다고 명시적으로 언급하며 경쟁 관계에 있음을 시사합니다.
ABBV↔COO,COMPETES_WITH,"SEC 10-K: With Paragard, we compete with manufacturers of hormonal IUDs including Bayer and AbbVie, Long Actin",호르몬 IUD,True,,pending,pending,False,True,0.9,True,pending,pending,False,True,False,헬스케어·의료기기·제약,"이 문단은 CooperSurgical(COO)의 10-K 문서에서 여성 건강 관리 및 불임 치료 시장에서의 경쟁 환경을 설명하고 있습니다. CooperSurgical은 자사의 피임 제품인 Paragard와 관련하여 경쟁사들을 나열하고 있습니다. 특히, CooperSurgical은 호르몬 자궁 내 장치(IUDs) 제조사로서 AbbVie(ABBV)와 경쟁한다고 명시하고 있습니다. 이는 두 회사가 여성 건강 분야의 특정 피임 제품 시장에서 경쟁 관계에 있음을 나타냅니다. 문서에는 두 회사 간의 다른 제품군에서의 경쟁이나 협력, 공급망 관계에 대한 서술은 없습니다.",list|target_absent|truncated,"With Paragard, we compete with manufacturers of hormonal IUDs including Bayer and AbbVie, Long Acting Reversible Contraceptives including Organon, and other forms of birth control. A non-hormonal IUD, Miudella, which has been FDA approved and not currently in the market, will compete with Paragard in the future.",COO 10-K FY2025 · Item 1 사업,ABBV는 호르몬 IUD 제조업체로서 Paragard의 경쟁사 중 하나로 언급됩니다. COO는 이 문장을 서술하는 주체('we')로서 Paragard 제품의 경쟁 환경을 설명하고 있습니다.,근거 문장에 상대 종목 미등장 — 관계 근거로 불충분,"ABBV: 애브비는 전 세계적으로 의약품을 발견, 개발, 제조 및 판매하는 글로벌 제약회사입니다.
자가면역 질환, 종양학, 신경과학 등 다양한 치료 분야에서 혁신적인 치료제를 제공합니다.","COO: 콘택트렌즈와 여성 및 가족 건강 관리를 위한 의료 기기 및 솔루션을 개발, 제조, 판매합니다.
쿠퍼비전(CooperVision)을 통해 글로벌 콘택트렌즈 시장을, 쿠퍼서지컬(CooperSurgical)을 통해 여성 건강 분야를 선도합니다.","CooperSurgical focuses on selected segments of the fertility and women's health care market with a diversified portfolio including fertility products and services, medical devices, cryostorage (such as cord blood and cord tissue storage) and contraception. CooperSurgical's strategy includes developing and acquiring new solutions to complement our current offerings. In the fertility market, CooperSurgical competes against Vitrolife Group, Nexpring, and Fairfax Cryobank and Fairfax EggBank. We also compete with fertility clinics offering their own services. Larger companies such as Johnson & Johnson, Baxter International, Medtronic and Hologic have offerings that compete with our medical device products. In the stem cell storage field, we compete primarily with ViaCord, a division of Revvity, in the United States, as well as other smaller companies with limited product offerings globally. With Paragard, we compete with manufacturers of hormonal IUDs including Bayer and AbbVie, Long Acting Reversible Contraceptives including Organon, and other forms of birth control. A non-hormonal IUD, Miudella, which has been FDA approved and not currently in the market, will compete with Paragard in the future. Further, the continued consolidation of medical offices and fertility clinics may impact the competition for our products and services.",,OK,문단에서 CooperSurgical이 Paragard 제품과 관련하여 AbbVie를 포함한 호르몬 IUD 제조업체와 경쟁한다고 명시적으로 언급하고 있습니다.
ABNB↔EXPE,COMPETES_WITH,"SEC 10-K: Businesses such as Airbnb, Vrbo and Booking.com have emerged as the leaders, bringing incremental al",온라인 여행 예약,True,,pending,pending,False,True,0.9,True,pending,pending,False,False,False,여행·숙박·크루즈,"이 문단은 온라인 여행 산업의 경쟁 환경과 '공유 경제'의 영향을 설명하는 부분입니다. Expedia(EXPE)의 10-K 문서에서 온라인 여행사의 성장과 검색 엔진 회사의 진입을 언급하고 있습니다. 문단은 Airbnb(ABNB)와 Vrbo(익스피디아 그룹의 브랜드)가 '공유 경제'의 가속화와 함께 대체 숙박 시설 시장의 선두 주자로 부상하여 새로운 재고를 시장에 공급했다고 설명합니다. 이는 두 회사(또는 익스피디아 그룹의 브랜드)가 온라인 숙박, 특히 대체 숙박 시설 시장에서 주요 경쟁자로서 활동하고 있음을 시사합니다. 문서에는 두 회사 간의 직접적인 거래나 협력 관계에 대한 서술은 없습니다.",target_absent|truncated,"Businesses such as Airbnb, Vrbo and Booking.com have emerged as the leaders, bringing incremental alternative accommodation inventory to the market. Other competitors have arisen, including alternative accommodation property managers, who operate their own booking sites in addition to listing on Airbnb, Vrbo, and Booking.com.",EXPE 10-K FY2025 · Item 7 MD&A,"ABNB는 대체 숙박 시장의 선두 주자 중 하나로 언급되며, 다른 경쟁사들이 자사 사이트에 리스팅하는 대상이기도 합니다. EXPE 미등장.",근거 문장에 상대 종목 미등장 — 관계 근거로 불충분,"ABNB: 에어비앤비는 호스트가 전 세계 게스트에게 숙박과 체험을 제공할 수 있도록 연결하는 온라인 플랫폼을 운영합니다.
개인실, 주택, 휴가용 주택 등을 포함한 다양한 형태의 숙박 및 경험 공유 시장을 선도합니다.","EXPE: 미국 및 전 세계적으로 온라인 여행 서비스를 운영하며 호텔, 항공권, 렌터카 등 다양한 여행 상품을 제공합니다.
Brand Expedia, Hotels.com, Vrbo 등의 브랜드를 통해 소매 및 B2B 여행 솔루션을 제공하는 글로벌 온라인 여행 시장의 선두 주자입니다.","g used to create competing offerings, such as AI powered digital planning and assistance, further increasing competition. In addition to the growth of online travel agencies, we have seen continued interest in the online travel industry from search engine companies such as Google, evidenced by continued product enhancements, and prioritizing its own AdWords and metasearch products such as Google Travel, Google Flights and Hotel Ads, in search results. Competitive entrants such as “metasearch” companies, including Kayak.com (owned by Booking Holdings), trivago (in which Expedia Group owns a majority interest) as well as TripAdvisor, introduced differentiated features, pricing and content compared with the legacy online travel agency companies, as well as various forms of direct or assisted booking tools. Further, airlines and lodging companies are aggressively pursuing direct online distribution of their products and services. In addition, the increasing popularity of the “sharing economy,” accelerated by online penetration, has had a direct impact on the travel and lodging industry. Businesses such as Airbnb, Vrbo and Booking.com have emerged as the leaders, bringing incremental alternative accommodation inventory to the market. Other competitors have arisen, including alternative accommodation property managers, who operate their own booking sites in addition to listing on Airbnb, Vrbo, and Booking.com. Additionally, traditional consumer ecommerce players have expanded their local offerings by adding hotel offers to their websites. Ride sharing app Uber has added transportation and experience offerings to its app via partnerships with other travel providers. Our B2B business has grown significantly but faces competition from other OTAs with B2B offerings, as well as other competitors, such as independent B2B businesses.",,OK,문단에서 Airbnb가 Expedia의 브랜드인 Vrbo와 함께 대안 숙박 시장의 리더로 언급되며 동일 시장 내 경쟁 관계를 명시적으로 보여줍니다.
ABT↔DXCM,COMPETES_WITH,"SEC 10-K: In selling our current CGM systems, we compete directly with the Diabetes Care division of Abbott La",연속혈당측정기 시스템,True,,pending,pending,False,True,1.0,True,pending,pending,False,False,False,헬스케어·의료기기·제약,"이 문단은 DexCom(DXCM)의 10-K 보고서에서 혈당 모니터링 장치 시장의 경쟁 환경을 설명합니다. 이 시장은 신제품 도입과 산업 참여자들의 활동으로 인해 매우 경쟁적이고 빠르게 변화한다고 언급됩니다. DexCom은 자사의 연속 혈당 측정(CGM) 시스템 판매와 관련하여 Abbott Laboratories(ABT)의 당뇨병 관리 사업부와 직접적으로 경쟁한다고 명시하고 있습니다. 이는 두 회사가 당뇨병 관리를 위한 혈당 모니터링 장치 시장에서 주요 경쟁 관계에 있음을 분명히 보여줍니다. 문서에는 두 회사 간의 다른 의료기기 부문에서의 경쟁이나 협력, 공급망 관계에 대한 서술은 없습니다.",m&a|target_absent|truncated,"In selling our current CGM systems, we compete directly with the Diabetes Care division of Abbott Laboratories; Medtronic plc’s Diabetes Group (which implemented a spinoff of its diabetes business into a separate company called MiniMed); Roche Diabetes Care, a division of Roche Diagnostics; privately-held LifeScan, Inc.; Ascensia Diabetes Care; and other smaller market entrants, each of which manufactures and markets products for the single-point finger stick device market. Collectively with us, these companies currently account for the majority of the worldwide sales of self-monitored glucose testing systems.
Several companies are developing or commercializing products for continuous or periodic monitoring of glucose levels in the interstitial fluid under the skin that compete directly with our products.",DXCM 10-K FY2025 · Item 1 사업,"ABT는 해당 기업의 CGM 시스템 판매 경쟁사 중 하나인 Abbott Laboratories의 당뇨병 관리 사업부로 언급됩니다. DXCM은 이 문장을 서술하는 주체('we', 'us', 'our products')로서 자신들의 경쟁사를 설명하고 있습니다.",근거 문장에 상대 종목 미등장 — 관계 근거로 불충분,"ABT: 애보트 래버러토리스는 전 세계적으로 헬스케어 제품을 발견, 개발, 제조 및 판매하는 다국적 기업입니다.
의약품, 진단 제품, 영양 제품, 의료 기기 등 4개 부문에서 광범위한 헬스케어 솔루션을 제공합니다.","DXCM: 당뇨병 환자 및 의료 전문가를 위한 연속 혈당 측정(CGM) 시스템을 설계, 개발 및 상용화합니다.
DexCom G6, Dexcom ONE 등 실시간 혈당 데이터를 제공하는 기기를 통해 글로벌 의료기기 시장을 선도합니다.","The market for glucose monitoring devices is intensely competitive, subject to rapid change and significantly affected by new product introductions and other market activities of industry participants. In selling our current CGM systems, we compete directly with the Diabetes Care division of Abbott Laboratories; Medtronic plc’s Diabetes Group (which implemented a spinoff of its diabetes business into a separate company called MiniMed); Roche Diabetes Care, a division of Roche Diagnostics; privately-held LifeScan, Inc.; Ascensia Diabetes Care; and other smaller market entrants, each of which manufactures and markets products for the single-point finger stick device market. Collectively with us, these companies currently account for the majority of the worldwide sales of self-monitored glucose testing systems.",,OK,문단에서 Dexcom이 CGM 시스템 판매에 있어 Abbott Laboratories의 Diabetes Care 부문과 직접 경쟁한다고 명시적으로 언급하고 있습니다.
ALGN↔IDXX,COMPETES_WITH,SEC 10-K: The Invisalign System competes primarily against traditional wires and brackets and increasingly wit,,False,,pending,pending,False,True,0.0,True,pending,pending,False,False,False,,"이 문단은 Align Technology(ALGN)의 10-K 보고서에서 자사의 인비절라인(Invisalign) 시스템이 직면한 경쟁 환경을 설명합니다. Align Technology는 전통적인 교정 방식뿐만 아니라 새로운 시장 진입자와 기존 경쟁자들의 투명 교정 장치와 경쟁하고 있다고 언급합니다. 그러나 주어진 문단에서 Align Technology가 언급하는 경쟁사 목록에는 IDEXX Laboratories(IDXX)가 포함되어 있지 않습니다. 문서에는 ALGN과 IDXX 간의 직접적인 경쟁, 협력, 또는 거래 관계에 대한 어떠한 서술도 없습니다. 따라서 이 문단만으로는 두 회사 간의 관계를 특정할 수 없습니다.",target_absent|truncated,"The Invisalign System competes primarily against traditional wires and brackets and increasingly with clear aligners manufactured and distributed by new market entrants and existing competitors, including traditional medical device companies, laboratories, startups and, in some cases, doctors and DSOs. Our competitors also include DTC companies that provide clear aligners using a business model requiring little to no in-office care from trained and licensed doctors, and doctors and DSOs who manufacture custom aligners or procure products from third-party white-label providers.",ALGN 10-K FY2025 · Item 7 MD&A,"ALGN은 Invisalign 시스템('The Invisalign System')의 제조업체로 암시되며, 해당 시스템의 경쟁 환경을 설명하고 있습니다. IDXX 미등장.",근거 문장에 상대 종목 미등장 — 관계 근거로 불충분,"ALGN: 얼라인 테크놀로지는 인비절라인 투명 교정 장치와 아이테로 구강 스캐너 및 관련 서비스를 설계, 제조, 판매하는 의료 기기 회사입니다.
교정 및 심미 치과 분야에서 혁신적인 디지털 솔루션을 제공하며 전 세계 시장을 선도합니다.","IDXX: 아이덱스 랩스는 반려동물 수의학, 가축 및 가금류, 유제품 및 수질 테스트 시장을 위한 제품과 서비스를 개발, 제조 및 유통합니다.
동물 진단 및 수질 검사 시장에서 혁신적인 솔루션을 제공하며 글로벌 리더십을 확보하고 있습니다.","The number and types of competitors we face are diverse and growing rapidly. The Invisalign System competes primarily against traditional wires and brackets and increasingly with clear aligners manufactured and distributed by new market entrants and existing competitors, including traditional medical device companies, laboratories, startups and, in some cases, doctors and DSOs. Our competitors also include DTC companies that provide clear aligners using a business model requiring little to no in-office care from trained and licensed doctors, and doctors and DSOs who manufacture custom aligners or procure products from third-party white-label providers. Large consumer product companies may also start supplying orthodontic products. Orthodontists, GPs and DSOs have and may continue to sample competitive and alternative products, take advantage of competitive promotions and sale opportunities, or engage in “bait and switch,” “margin steering” or similar practices that take advantage of the significant brand recognition of Invisalign to offer alternative products.",,DROP,"두 회사는 (치과 의료기기 vs 동물 진단) 다른 산업군에 속하며, 문단에서 IDEXX에 대한 언급이나 관계 서술이 없습니다."
AMAT↔KLAC,COMPETES_WITH,"SEC 10-K: In each of our product markets, we have many competitors, including companies such as Applied Materi",,True,,pending,pending,False,True,1.0,True,pending,pending,False,False,False,,"이 문단은 KLA Corporation(KLAC)의 10-K 보고서에서 반도체 및 전자 제조업체용 공정 제어, 공정 활성화 및 수율 관리 솔루션 시장의 경쟁 환경을 설명하고 있습니다. KLA는 이 시장이 매우 경쟁적이며, 시스템 성능, 사용 편의성, 신뢰성 등이 중요한 경쟁 요소라고 밝히고 있습니다. KLA는 자사의 각 제품 시장에서 Applied Materials(AMAT)를 포함한 여러 경쟁자들과 경쟁하고 있다고 명시합니다. 이는 두 회사가 반도체 산업의 공정 제어 및 수율 관리 솔루션 시장에서 직접적인 경쟁 관계에 있음을 나타냅니다. 문서에는 두 회사 간의 직접적인 거래나 협력 관계에 대한 서술은 없습니다.",target_absent|truncated,"In each of our product markets, we have many competitors, including companies such as Applied Materials, Inc., ASML Holding N.V., Hitachi High-Technologies Corporation, Onto Innovation, Inc. and Lasertec, Inc., some of which may have greater financial, research, engineering, manufacturing and marketing resources than we have. We expect our competitors to continue to improve the design and performance of their current products and to introduce new products with improved pricing and performance characteristics.",KLAC 10-K FY2025 · Item 7 MD&A,"AMAT은 해당 기업의 많은 경쟁사 중 하나로 언급됩니다. KLAC은 이 문장을 서술하는 주체('we', 'our')로서 자신들의 경쟁사를 설명하고 있습니다.",근거 문장에 상대 종목 미등장 — 관계 근거로 불충분,"AMAT: 어플라이드 머티어리얼즈는 반도체, 디스플레이 및 관련 산업에 제조 장비, 서비스 및 소프트웨어를 제공합니다.
반도체 시스템, 글로벌 서비스, 디스플레이 부문에서 핵심 기술을 공급하며 세계적인 시장 지위를 가집니다.","KLAC: 반도체 및 관련 전자 산업을 위한 공정 제어, 수율 관리 솔루션 및 검사/측정 장비를 설계, 제조 및 판매합니다.
전 세계적으로 웨이퍼 검사, 리뷰, 계측 등 집적회로 제조 관련 공정 솔루션을 제공하는 선도 기업입니다.","The worldwide market for technologically advanced process control, process-enabling and yield management solutions used by semiconductor and electronics manufacturers is highly competitive, with important competitive factors including system performance, ease of use, reliability, technical service and support, and overall cost of ownership. However, we believe that, while the competitive factors listed are important, the customers’ overriding requirement is for systems that easily and effectively incorporate automated capabilities into their existing development and manufacturing processes to enhance productivity, improve yields and reduce waste. To remain competitive, we use significant financial resources to offer a broad range of products, to maintain customer service and support centers worldwide, and to invest significantly in product R&D. In each of our product markets, we have many competitors, including companies such as Applied Materials, Inc., ASML Holding N.V., Hitachi High-Technologies Corporation, Onto Innovation, Inc. and Lasertec, Inc., some of which may have greater financial, research, engineering, manufacturing and marketing resources than we have. We expect our competitors to continue to improve the design and performance of their current products and to introduce new products with improved pricing and performance characteristics. We may also face future competition from new market entrants overseas or domestically. Our ability to compete in this area depends upon the continuation of favorable trading relationships between countries in the region and the U.S., and our continuing ability to maintain satisfactory relationships with leading semiconductor companies in the region. We maintain our market position by building long-term relationships with our customers to meet their dynamic needs, as well as anticipating future market demands and enabling our customers to accelerate adoption and production of new technologies, as discussed further in the “Industry” section of this Item 1. Management believes that we are well positioned in the market with our industry-leading portfolio of products and services. However, any loss of competitive position",,OK,"문단에서 KLA가 Applied Materials, Inc.를 자사 제품 시장의 많은 경쟁사 중 하나로 명시적으로 언급하고 있습니다."
AMT↔SBAC,COMPETES_WITH,"SEC 10-K: In the U.S., our primary competitors for our site leasing activities are (1) large independent tower",통신 타워 임대,True,,pending,pending,False,True,1.0,True,pending,pending,False,False,False,통신·네트워크,"이 문단은 SBA Communications Corporation(SBAC)의 10-K 보고서에서 미국 내 통신 사이트 임대 활동에 대한 경쟁 환경을 설명합니다. SBAC는 자사의 주요 경쟁사로 대형 독립 타워 회사들을 언급하고 있으며, 그 중 하나로 American Tower Corporation(AMT)을 명시하고 있습니다. 두 회사는 무선 통신 인프라 시장에서 안테나 공간 임대 활동을 놓고 서로 경쟁하는 관계에 있습니다. SBAC는 AMT와 같은 경쟁사들이 자사보다 더 큰 재정적 자원을 가질 수 있음을 인지하고 있습니다. 문서에는 두 회사 간의 직접적인 거래나 협력 관계에 대한 서술은 없습니다.",target_absent|truncated,"Our sales staff’s compensation is heavily weighted to incentive-based goals and measurements.
Competition
Domestic Site Leasing
 – In the U.S., our primary competitors for our site leasing activities are (1) large independent tower companies including American Tower Corporation and Crown Castle International; (2) a number of regional independent tower owners; (3) wireless service providers that own and operate their own towers and lease, or may in the future decide to lease, antenna space to other providers; (4) owners and operators of alternative facilities such as rooftops, outdoor and indoor distributed antenna system (“DAS”) networks, billboards, utility poles, and electric transmission towers; and (5) owners and operators of alternative wireless technology systems and architectures.
International Site Leasing 
– Internationally, our competition consists of wireless service providers that own and operate their own tower networks, large multinational, national, and regional independent tower companies, and alternative facilities such as rooftop, outdoor and indoor networks, billboards, utility poles, and electric transmission towers. 
We believe that tower location and capacity, quality of service, density within a geographic market, and price historically have been, and will continue to be, the most significant competitive factors affecting the domestic and international site leasing business.
Site Development
 – The site development business is competitive and price sensitive.",SBAC 10-K FY2025 · Item 1 사업,"AMT는 국내 사이트 임대 활동의 주요 경쟁사 중 하나로 언급됩니다. SBAC은 이 문장을 서술하는 주체('Our', 'we')로서 자신들의 경쟁사를 설명하고 있습니다.",근거 문장에 상대 종목 미등장 — 관계 근거로 불충분,"AMT: 아메리칸 타워 코퍼레이션은 약 219,000개의 통신 사이트를 보유한 멀티테넌트 통신 부동산의 독립적인 소유자, 운영자 및 개발자입니다.
전 세계적으로 가장 큰 글로벌 REITs(부동산 투자 신탁) 중 하나로, 무선 통신 인프라 시장을 선도합니다.","SBAC: 북미, 중남미, 남아프리카에서 무선 통신 인프라를 소유 및 운영하며, 통신 사이트 임대 및 개발 서비스를 제공합니다.
무선 서비스 제공업체에 다중 테넌트 통신 사이트의 안테나 공간을 장기 임대하는 선두적인 기업입니다.","– In the U.S., our primary competitors for our site leasing activities are (1) large independent tower companies including American Tower Corporation and Crown Castle International; (2) a number of regional independent tower owners; (3) wireless service providers that own and operate their own towers and lease, or may in the future decide to lease, antenna space to other providers; (4) owners and operators of alternative facilities such as rooftops, outdoor and indoor distributed antenna system (“DAS”) networks, billboards, utility poles, and electric transmission towers; and (5) owners and operators of alternative wireless technology systems and architectures.",,OK,문단에서 SBA Communications가 American Tower Corporation을 자사의 사이트 임대 활동에 대한 주요 경쟁사 중 하나로 명시적으로 언급하고 있습니다.
AMZN↔COST,COMPETES_WITH,"SEC 10-K: Walmart, Target, Kroger, and Amazon are among our significant general merchandise retail competitors",일반 상품 소매,True,,pending,pending,False,True,1.0,True,pending,pending,False,True,False,소매·소비재,"이 문단은 코스트코(Our)의 경쟁 환경을 설명하며, 가격, 상품 품질 및 선택, 편리성 등을 경쟁 요소로 제시합니다. 코스트코는 미국 내 주요 일반 상품 소매 경쟁사 중 하나로 아마존을 명시하고 있습니다. 코스트코는 회원제 창고형 할인매장을 통해 다양한 상품을 판매하며, 아마존은 세계 최대의 온라인 소매업체입니다. 따라서 두 회사는 미국 시장에서 일반 상품 소매 부문에서 서로 경쟁하고 있습니다. 이 경쟁은 광범위한 소매업체들을 포함하며, 온라인 소매업체도 그 범주에 속합니다. 문서에는 두 회사 간의 특정 거래나 협력 관계에 대한 서술이 없습니다. 문서에는 두 회사의 구체적인 경쟁 상품이나 서비스 분야에 대한 상세한 설명은 없습니다.",list|target_absent|truncated,"Walmart, Target, Kroger, and Amazon are among our significant general merchandise retail competitors in the U.S. We also compete with other warehouse clubs, including Walmart’s Sam’s Club and BJ’s Wholesale Club in the U.S.",COST 10-K FY2025 · Item 1 사업,"AMZN은 해당 기업의 주요 일반 상품 소매 경쟁사 중 하나로 등장합니다. COST는 이 문장을 서술하는 주체('our', 'We')로서 자신들의 경쟁사를 설명하고 있습니다.",근거 문장에 상대 종목 미등장 — 관계 근거로 불충분,"AMZN: 아마존은 전자상거래, 클라우드 컴퓨팅(AWS), 디지털 스트리밍, 인공지능 등 다양한 사업을 영위합니다.
세계 최대의 온라인 소매업체이자 클라우드 서비스 제공업체로서 글로벌 시장에서 독보적인 위치를 차지합니다. (일반 지식 기반)","COST: 미국 및 전 세계에서 회원제 창고형 할인매장을 운영하며 다양한 브랜드 및 자체 상표 제품을 판매합니다.
대량 구매를 통한 저렴한 가격으로 회원들에게 식료품, 전자제품, 생활용품 등 광범위한 상품을 제공하는 주요 유통업체입니다.","Our industry is highly competitive, based on factors such as price, merchandise quality and selection, location, convenience, distribution strategy, and customer service. We compete on a worldwide basis with global, national, and regional wholesalers and retailers, including supermarkets, supercenters, online retailers, gasoline stations, hard discounters, department and specialty stores, and operators selling a single category or narrow range of merchandise. Walmart, Target, Kroger, and Amazon are among our significant general merchandise retail competitors in the U.S. We also compete with other warehouse clubs, including Walmart’s Sam’s Club and BJ’s Wholesale Club in the U.S. Many of the metropolitan areas in the U.S. and certain of our Other International locations have multiple competing clubs.",,OK,문단에서 COST가 AMZN을 주요 일반 상품 소매 경쟁사로 명시적으로 언급합니다.
AMZN↔ORCL,COMPETES_WITH,"SEC 10-K: Our enterprise cloud, license and hardware offerings compete directly with certain offerings from so",엔터프라이즈 클라우드,True,,pending,pending,False,True,0.9,True,pending,pending,False,False,False,클라우드·엔터프라이즈SW,"이 문단은 오라클(Our)이 자사의 엔터프라이즈 클라우드, 라이선스 및 하드웨어 제품이 직면한 경쟁 환경을 설명하고 있습니다. 오라클은 아마존을 포함한 세계에서 가장 크고 경쟁력 있는 회사들과 직접적으로 경쟁한다고 명시하고 있습니다. 오라클은 클라우드 기반 소프트웨어 서비스와 클라우드 인프라를 제공하며, 아마존은 세계 최대의 클라우드 서비스 제공업체(AWS)입니다. 따라서 두 회사는 기업 고객을 대상으로 하는 클라우드 컴퓨팅 및 IT 솔루션 시장에서 서로 경쟁 관계에 있습니다. 고객들은 IT 환경의 복잡성 감소와 총 소유 비용 절감을 요구하고 있어, 이 영역에서의 경쟁이 심화되고 있습니다. 문서에는 두 회사 간의 구체적인 파트너십이나 거래 관계에 대한 언급은 없습니다. 또한, 아마존의 어떤 특정 클라우드 서비스가 오라클의 어떤 제품과 직접 경쟁하는지에 대한 상세한 설명이 문서에 없습니다.",target_absent|truncated,"Our enterprise cloud, license and hardware offerings compete directly with certain offerings from some of the largest and most competitive companies in the world, including Adobe Systems Incorporated, Alphabet Inc., Amazon.com, Inc., Cisco Systems, Inc., Intel Corporation, International Business Machines Corporation, Microsoft Corporation, Salesforce, Inc. and SAP SE, as well as other companies like Hewlett-Packard Enterprise and Workday, Inc.",ORCL 10-K FY2025 · Item 7 MD&A,"AMZN은 해당 기업의 엔터프라이즈 클라우드, 라이선스 및 하드웨어 제품의 직접 경쟁사 중 하나로 언급됩니다. ORCL은 이 문장을 서술하는 주체('Our')로서 자신들의 제품 경쟁사를 설명하고 있습니다.",근거 문장에 상대 종목 미등장 — 관계 근거로 불충분,"AMZN: 아마존은 전자상거래, 클라우드 컴퓨팅(AWS), 디지털 스트리밍, 인공지능 등 다양한 사업을 영위합니다.
세계 최대의 온라인 소매업체이자 클라우드 서비스 제공업체로서 글로벌 시장에서 독보적인 위치를 차지합니다. (일반 지식 기반)","ORCL: 전 세계 기업 고객을 대상으로 클라우드 기반 ERP, EPM, SCM, HCM 등 다양한 소프트웨어 서비스(SaaS)와 산업별 솔루션을 제공합니다.
글로벌 엔터프라이즈 소프트웨어 및 클라우드 인프라(IaaS, PaaS) 시장의 주요 선두 기업 중 하나입니다.","Our customers are demanding less complexity and lower total cost in the implementation, sourcing, integration and ongoing maintenance of their IT environments. Our enterprise cloud, license and hardware offerings compete directly with certain offerings from some of the largest and most competitive companies in the world, including Adobe Systems Incorporated, Alphabet Inc., Amazon.com, Inc., Cisco Systems, Inc., Intel Corporation, International Business Machines Corporation, Microsoft Corporation, Salesforce, Inc. and SAP SE, as well as other companies like Hewlett-Packard Enterprise and Workday, Inc. In addition, due to the low barriers to entry in many of our market segments, new technologies and new and growing competitors frequently emerge to challenge our offerings. Our competitors range from companies offering broad IT solutions across many of our lines of business to vendors providing point solutions, or offerings focused on a specific functionality, product area or industry. In addition, as we expand into new market segments, we face increased competition as we compete with existing competitors, as well as firms that may be partners in other areas of our business and other firms with whom we have not previously competed. For example, following our acquisition of Cerner Corporation, we also face competition from large healthcare IT providers such as Allscripts Healthcare Solutions, Inc., Arcadia Solutions, athenahealth, Inc., Epic Systems Corporation and InterSystems Corporation, among others. Moreover, we or our competitors may take certain strategic actions—including acquisitions, partnerships and joint ventures or repositioning of product lines—which invite even greater competition in one or more product offering categories.",,OK,문단에서 ORCL이 AMZN을 엔터프라이즈 클라우드 및 라이선스/하드웨어 제공 분야의 직접적인 경쟁사로 명시합니다.
AMZN↔TTD,COMPETES_WITH,"SEC 10-K: We compete with other demand-side platform providers, some of which are smaller, privately held comp",수요측 플랫폼,True,,pending,pending,False,True,0.8,True,pending,pending,False,False,False,수요측 플랫폼,"이 문단은 트레이드 데스크(Our)가 속한 산업의 경쟁 환경이 매우 치열하고 파편화되어 있음을 설명합니다. 트레이드 데스크는 다른 수요측 플랫폼(DSP) 제공업체들과 경쟁하며, 그중 일부는 아마존과 같은 크고 잘 알려진 회사의 사업부라고 명시되어 있습니다. 트레이드 데스크는 프로그래매틱 광고 시장에서 독립적인 광고 구매 플랫폼을 제공하는 선두 주자입니다. 이는 아마존이 디지털 광고 분야에서 DSP 서비스를 통해 트레이드 데스크와 경쟁하고 있음을 나타냅니다. 경쟁의 주요 요인으로는 플랫폼의 성능, 기능 및 투명성이 언급됩니다. 문서에는 두 회사 간의 특정 파트너십이나 상품 공급 등 거래 관계에 대한 서술이 없습니다. 아마존의 어떤 특정 사업부가 트레이드 데스크와 경쟁하는지에 대한 상세한 정보도 문서에는 없습니다.",target_absent|truncated,"We compete with other demand-side platform providers, some of which are smaller, privately held companies and others are divisions of large, well-established companies such as Google and Amazon. We believe that we compete primarily based on the performance, capabilities and transparency of our platform as well as our focus on the buy side.",TTD 10-K FY2025 · Item 1 사업,"TTD는 자사(We)이며, AMZN은 TTD의 경쟁 상대인 대형 기업 중 하나로 언급됩니다.",근거 문장에 상대 종목 미등장 — 관계 근거로 불충분,"AMZN: 아마존은 전자상거래, 클라우드 컴퓨팅(AWS), 디지털 스트리밍, 인공지능 등 다양한 사업을 영위합니다.
세계 최대의 온라인 소매업체이자 클라우드 서비스 제공업체로서 글로벌 시장에서 독보적인 위치를 차지합니다. (일반 지식 기반)","TTD: 광고 구매자가 데이터 기반 디지털 광고 캠페인을 생성, 관리, 최적화하는 클라우드 기반 플랫폼을 제공합니다.
프로그래매틱 광고 시장에서 독립적인 광고 구매 플랫폼의 선두 주자입니다.","Our industry is highly competitive and fragmented. We compete with other demand-side platform providers, some of which are smaller, privately held companies and others are divisions of large, well-established companies such as Google and Amazon. We believe that we compete primarily based on the performance, capabilities and transparency of our platform as well as our focus on the buy side. We believe we are differentiated from our competitors in the following areas:",,OK,문단에서 TTD가 AMZN을 수요측 플랫폼(광고) 분야의 경쟁사로 명시적으로 언급합니다.
ANET↔AVGO,COMPETES_WITH,"SEC 10-K: For example, Broadcom has acquired VMware, Hewlett Packard Enterprise has acquired Juniper Networks ",,False,COMPETES_WITH,pending,pending,True,True,0.0,True,noise_self_contradiction,pending,True,True,False,,"이 문단은 아리스타 네트웍스(Our)가 활동하는 데이터 센터 및 캠퍼스 네트워킹 시장의 경쟁 환경을 설명하고 있습니다. 이 시장에서는 시스코가 지배적이며, 브로드컴은 경쟁사 및 일부 전략적 제휴 파트너가 취하는 전략적 행동의 예시로 언급됩니다. 구체적으로, 브로드컴은 VMware를 인수하여 클라우드 네트워킹 솔루션을 포함한 포괄적인 제품 라인을 제공하려는 업계 동향의 일부를 보여줍니다. 이러한 인수 및 전략적 투자는 구매 결정에 영향을 미칠 수 있다고 아리스타 네트웍스는 설명합니다. 문서에는 브로드컴이 아리스타 네트웍스의 직접적인 경쟁사라고 명시적으로 서술되어 있지 않습니다. 또한, 두 회사 간의 직접적인 거래나 파트너십 관계에 대한 언급도 문서에는 없습니다. 브로드컴의 VMware 인수가 아리스타 네트웍스에 미치는 직접적인 영향은 문서에 없습니다.",indirect|list|m&a|truncated,"For example, Broadcom has acquired VMware, Hewlett Packard Enterprise has acquired Juniper Networks and Nvidia has made significant investments in several AI Neoclouds. We often see that these types of acquisitions and strategic investments are used to influence buying decisions rather than allowing for the selection of a best-of-breed vendor.
With the emergence of AI networking, new competitive technologies may enter the market to address the requirements of AI clusters.",ANET 10-K FY2025 · Item 1 사업,ANET 미등장. AVGO(Broadcom)는 VMware를 인수한 회사로 언급됩니다.,업계 M&A 나열 — 두 종목 직접 관계 서술인지 확인,"ANET: 아리스타 네트웍스는 클라우드 네트워킹 솔루션과 기가비트 이더넷 스위칭 및 라우팅 플랫폼을 개발, 판매합니다.
인터넷 기업, 서비스 제공업체 등 다양한 산업에 클라우드 기반 네트워크 인프라를 제공하며 글로벌 시장에 진출해 있습니다.","AVGO: 브로드컴은 반도체 및 인프라 소프트웨어 솔루션을 설계, 개발, 판매하는 글로벌 기술 기업입니다.
데이터 센터, 광대역 통신, 엔터프라이즈 스토리지 등 다양한 최종 시장에서 선도적인 위치를 차지합니다. (일반 지식 기반)","The data center and campus networking markets have historically been dominated by Cisco, with competition also coming from other large network equipment and system vendors, including Dell/EMC, Extreme Networks, Hewlett Packard Enterprise, Huawei, Juniper Networks, Nvidia, and white box networking vendors that utilize open-source operating systems. Most of our competitors and some strategic alliance partners have made acquisitions and/or have entered into or extended partnerships or other strategic relationships to offer more comprehensive product lines, including cloud networking solutions. For example, Broadcom has acquired VMware, Hewlett Packard Enterprise has acquired Juniper Networks and Nvidia has made significant investments in several AI Neoclouds. We often see that these types of acquisitions and strategic investments are used to influence buying decisions rather than allowing for the selection of a best-of-breed vendor.",CHANGE:SUPPLIES_TO,HOLD,"문단에서 ANET이 AVGO(Broadcom)를 직접적인 경쟁사로 명시하지 않고, 시장 내 인수 사례를 언급하며 모호한 관계를 서술합니다."
ANET↔HPE,COMPETES_WITH,"SEC 10-K: competition also coming from other large network equipment and system vendors, including Dell/EMC, E",네트워크 장비 및 시스템,True,,pending,pending,False,True,0.7,True,pending,pending,False,False,False,통신·네트워크,"이 문단은 아리스타 네트웍스(Our)가 활동하는 데이터 센터 및 캠퍼스 네트워킹 시장의 경쟁 환경에 대한 것입니다. 휴렛 팩커드 엔터프라이즈(HPE)는 아리스타 네트웍스의 경쟁 대상으로 언급된 '다른 대형 네트워크 장비 및 시스템 벤더' 중 하나입니다. HPE는 또한 자사 경쟁사 및 전략적 제휴 파트너가 종합적인 클라우드 네트워킹 솔루션을 제공하기 위해 인수합병을 단행하는 사례로 소개됩니다. 특히, HPE가 주니퍼 네트웍스를 인수했다고 명시되어 있는데, 이는 구매 결정에 영향을 미치는 전략적 움직임으로 해석될 수 있습니다. 따라서 아리스타 네트웍스와 HPE는 데이터 센터 및 캠퍼스 네트워킹 시장에서 경쟁 관계에 있으며, HPE는 인수를 통해 시장 경쟁력을 강화하고 있습니다. 문서에는 두 회사 간의 구체적인 협력이나 거래 관계에 대한 서술은 없습니다. 문서에는 두 회사가 경쟁하는 특정 상품군에 대한 상세한 설명도 없습니다.",m&a|target_absent|truncated,"We expect competition to intensify in the future as the market for cloud and AI networking expands and existing competitors and new market entrants introduce new products or enhance existing products.
The data center and campus networking markets have historically been dominated by Cisco, with competition also coming from other large network equipment and system vendors, including Dell/EMC, Extreme Networks, Hewlett Packard Enterprise, Huawei, Juniper Networks, Nvidia, and white box networking vendors that utilize open-source operating systems. Most of our competitors and some strategic alliance partners have made acquisitions and/or have entered into or extended partnerships or other strategic relationships to offer more comprehensive product lines, including cloud networking solutions.",ANET 10-K FY2025 · Item 1 사업,"ANET(We)는 미래에 경쟁이 심화될 것으로 예상하며, HPE(Hewlett Packard Enterprise)는 ANET의 경쟁 업체 중 하나로 언급됩니다.",근거 문장에 상대 종목 미등장 — 관계 근거로 불충분,"ANET: 아리스타 네트웍스는 클라우드 네트워킹 솔루션과 기가비트 이더넷 스위칭 및 라우팅 플랫폼을 개발, 판매합니다.
인터넷 기업, 서비스 제공업체 등 다양한 산업에 클라우드 기반 네트워크 인프라를 제공하며 글로벌 시장에 진출해 있습니다.","HPE: 휴렛 팩커드 엔터프라이즈는 서버, 스토리지, 고성능 컴퓨팅 및 미션 크리티컬 시스템 등 데이터 처리 솔루션을 제공합니다.
클라우드, 데이터센터 인프라 및 엣지 투 클라우드(edge-to-cloud) 솔루션 시장에서 기업 고객을 위한 핵심 기술 파트너입니다.","The data center and campus networking markets have historically been dominated by Cisco, with competition also coming from other large network equipment and system vendors, including Dell/EMC, Extreme Networks, Hewlett Packard Enterprise, Huawei, Juniper Networks, Nvidia, and white box networking vendors that utilize open-source operating systems. Most of our competitors and some strategic alliance partners have made acquisitions and/or have entered into or extended partnerships or other strategic relationships to offer more comprehensive product lines, including cloud networking solutions. For example, Broadcom has acquired VMware, Hewlett Packard Enterprise has acquired Juniper Networks and Nvidia has made significant investments in several AI Neoclouds. We often see that these types of acquisitions and strategic investments are used to influence buying decisions rather than allowing for the selection of a best-of-breed vendor.",,OK,문단에서 ANET이 HPE를 데이터 센터 및 캠퍼스 네트워킹 시장의 경쟁사로 명시적으로 언급합니다.
ANET↔NVDA,COMPETES_WITH,"SEC 10-K: competition also coming from other large network equipment and system vendors, including Dell/EMC, E",네트워크 장비,True,,pending,pending,False,True,0.4,True,pending,pending,False,False,False,통신·네트워크,"이 문단은 아리스타 네트웍스(Our)가 활동하는 데이터 센터 및 캠퍼스 네트워킹 시장의 경쟁 환경을 서술하고 있습니다. 엔비디아는 이 시장에서 경쟁하고 있는 '다른 대형 네트워크 장비 및 시스템 벤더' 중 하나로 명시되어 있습니다. 아리스타 네트웍스는 클라우드 네트워킹 솔루션을 제공하는 반면, 엔비디아는 AI 및 데이터 센터 기술 분야의 선두 주자입니다. 문단은 엔비디아가 여러 AI 네오클라우드에 상당한 투자를 했다고 언급하며, 이는 경쟁사 및 전략적 제휴 파트너들이 포괄적인 클라우드 네트워킹 솔루션을 제공하려는 노력의 일환임을 시사합니다. 이러한 투자 및 전략적 움직임은 구매 결정에 영향을 미칠 수 있습니다. 따라서 두 회사는 데이터 센터 및 네트워킹 시장에서 경쟁 관계에 있습니다. 문서에는 두 회사 간의 직접적인 협력 관계나 특정 거래에 대한 서술이 없습니다. 문서에는 엔비디아가 아리스타 네트웍스와 직접적으로 경쟁하는 특정 제품이나 서비스 분야에 대한 상세한 설명도 문서에 없습니다.",target_absent|truncated,"We expect competition to intensify in the future as the market for cloud and AI networking expands and existing competitors and new market entrants introduce new products or enhance existing products.
The data center and campus networking markets have historically been dominated by Cisco, with competition also coming from other large network equipment and system vendors, including Dell/EMC, Extreme Networks, Hewlett Packard Enterprise, Huawei, Juniper Networks, Nvidia, and white box networking vendors that utilize open-source operating systems. Most of our competitors and some strategic alliance partners have made acquisitions and/or have entered into or extended partnerships or other strategic relationships to offer more comprehensive product lines, including cloud networking solutions.",ANET 10-K FY2025 · Item 1 사업,"ANET(We)는 미래에 경쟁이 심화될 것으로 예상하며, NVDA(Nvidia)는 ANET의 경쟁 업체 중 하나로 언급됩니다.",근거 문장에 상대 종목 미등장 — 관계 근거로 불충분,"ANET: 아리스타 네트웍스는 클라우드 네트워킹 솔루션과 기가비트 이더넷 스위칭 및 라우팅 플랫폼을 개발, 판매합니다.
인터넷 기업, 서비스 제공업체 등 다양한 산업에 클라우드 기반 네트워크 인프라를 제공하며 글로벌 시장에 진출해 있습니다.","NVDA: 게이밍 및 전문가 시장을 위한 고급 GPU 설계 및 제조, AI 및 시각 컴퓨팅 기술, 모바일 및 자율 주행 SoC 제품을 개발합니다.
전 세계 그래픽 처리 장치(GPU), 인공지능(AI), 데이터 센터 및 자율 주행 기술 시장의 선두 주자입니다.","The data center and campus networking markets have historically been dominated by Cisco, with competition also coming from other large network equipment and system vendors, including Dell/EMC, Extreme Networks, Hewlett Packard Enterprise, Huawei, Juniper Networks, Nvidia, and white box networking vendors that utilize open-source operating systems. Most of our competitors and some strategic alliance partners have made acquisitions and/or have entered into or extended partnerships or other strategic relationships to offer more comprehensive product lines, including cloud networking solutions. For example, Broadcom has acquired VMware, Hewlett Packard Enterprise has acquired Juniper Networks and Nvidia has made significant investments in several AI Neoclouds. We often see that these types of acquisitions and strategic investments are used to influence buying decisions rather than allowing for the selection of a best-of-breed vendor.",,OK,문단에서 ANET이 NVDA를 데이터 센터 및 캠퍼스 네트워킹 시장의 경쟁사로 명시적으로 언급합니다.
AOS↔PNR,COMPETES_WITH,"SEC 10-K: Our principal water treatment competitors in the U.S. are Culligan, Kinetico, Pentair, Franklin Elec",수처리,True,,auto_candidate,pending,True,True,1.0,True,auto_candidate,pending,False,True,False,에너지·유전·수처리,"이 문단은 A. O. 스미스(Our)가 자사 제품을 판매하는 매우 경쟁적인 시장 환경을 설명합니다. 문단에서 펜테어는 A. O. 스미스의 '미국 내 주요 수처리 경쟁사' 중 하나로 명확히 언급됩니다. A. O. 스미스는 온수기 및 수처리 제품을 제조 및 판매하며, 펜테어는 수영장 장비 및 수처리 제품과 시스템을 포함한 수자원 솔루션을 제공합니다. 따라서 두 회사는 미국 시장에서 수처리 제품 및 솔루션을 놓고 서로 경쟁하고 있습니다. 이 경쟁은 제품 디자인, 신뢰성, 품질, 고급 기술, 에너지 효율성, 유지보수 비용 및 가격을 기반으로 합니다. 문서에는 두 회사 간의 직접적인 공급 또는 협력 관계에 대한 서술이 없습니다. 문서에는 두 회사가 경쟁하는 특정 수처리 제품 분야에 대한 상세한 설명도 문서에 없습니다.",list|truncated,"Our principal water treatment competitors in the U.S. are Culligan, Kinetico, Pentair, Franklin Electric and Ecowater as well as numerous regional assemblers. 
REST OF WORLD 
Sales in our Rest of World segment accounted for approximately 22 percent of our total sales in 2025, a majority of which were in China.",AOS 10-K FY2025 · Item 1 사업,"AOS(Our)는 미국의 주요 수처리 경쟁사를 나열하며, PNR(Pentair)은 그 경쟁사 중 하나로 언급됩니다.",,"AOS: A. O. 스미스 코퍼레이션은 주거용 및 상업용 가스, 히트펌프, 전기 온수기, 보일러, 탱크 및 수처리 제품을 제조하고 판매합니다.
북미, 중국, 유럽, 인도 등 전 세계 시장에서 온수기 및 수처리 분야의 선도적인 공급업체 중 하나입니다.","PNR: 주거용 및 상업용 수영장 장비, 액세서리 및 수처리 제품과 시스템을 포함한 다양한 수자원 솔루션을 전 세계에 제공합니다.
소비자 및 산업용 수자원 관리 및 유체 기술 솔루션 시장에서 활동하는 글로벌 기업입니다.","We sell our products in highly competitive markets. We compete in each of our targeted market segments based on product design, reliability, quality of products and services, advanced technologies, energy efficiency, maintenance costs and price. Our principal water heating and boiler competitors in North America include Rheem, Bradford White, Rinnai, Aerco and Navien. Numerous other manufacturing companies also compete. Our principal water treatment competitors in the U.S. are Culligan, Kinetico, Pentair, Franklin Electric and Ecowater as well as numerous regional assemblers.",,OK,문단에서 AOS가 PNR(Pentair)을 미국 내 주요 수처리 경쟁사로 명시적으로 언급합니다.
APTV↔GRMN,COMPETES_WITH,"SEC 10-K: Garmin believes that its principal competitors for auto OEM products are Alpine Electronics, Aptiv, ",자동차 OEM 제품,True,,auto_candidate,pending,True,True,1.0,True,auto_candidate,pending,False,False,False,자동차·부품·산업재,"이 문단은 가민(Garmin)이 자사의 자동차 OEM(Original Equipment Manufacturer) 제품에 대한 주요 경쟁사들을 나열하며 경쟁 환경을 설명합니다. 가민은 앱티브(Aptiv)를 자동차 OEM 제품의 주요 경쟁사 중 하나로 명시하고 있습니다. 가민은 자동차용 무선 장치를 개발, 제조 및 판매하며, 앱티브는 차량 부품을 설계, 제조 및 판매하고 자동차 시장에 전기, 전자 및 안전 기술 솔루션을 제공합니다. 따라서 두 회사는 자동차 OEM 제품 시장에서 서로 경쟁 관계에 있습니다. 이들은 자율주행 및 커넥티드 카와 같은 미래 모빌리티 기술 분야에서도 잠재적으로 얽힐 수 있습니다. 문서에는 두 회사 간의 구체적인 협력이나 제품 공급 등 거래 관계에 대한 서술은 없습니다. 또한, 두 회사가 경쟁하는 특정 자동차 OEM 제품 분야에 대한 상세한 설명도 문서에 없습니다.",truncated,"Garmin believes that its principal competitors for auto OEM products are Alpine Electronics, Aptiv, Bosch, Continental, Harman (Samsung), LG, Panasonic, and Visteon.
 
 
Research and Development
 
Garmin’s product innovations are driven by its strong emphasis on research and development and the close partnership between Garmin’s engineering and manufacturing teams. Garmin’s products are created by its engineering and development staff.",GRMN 10-K FY2025 · Item 1 사업,APTV(Aptiv)는 GRMN(Garmin)이 자사의 자동차 OEM 제품의 주요 경쟁사 중 하나로 인식하는 회사입니다.,,"APTV: 앱티브는 전 세계적으로 차량 부품을 설계, 제조 및 판매하며, 자동차 및 상용차 시장에 전기, 전자 및 안전 기술 솔루션을 제공합니다.
신호 및 전력 솔루션, 첨단 안전 및 사용자 경험 부문을 통해 자율주행, 커넥티드 카 등 미래 모빌리티 기술 발전에 기여합니다.","GRMN: 가민은 피트니스, 아웃도어, 항공, 해양, 자동차용 무선 장치를 설계, 개발, 제조, 판매합니다.
GPS 및 웨어러블 기술 시장에서 다양한 스포츠 및 아웃도어 활동을 위한 솔루션을 제공하는 선두 기업입니다.","(Brunswick), and Raymarine (Teledyne). Garmin believes that its principal competitors for auto OEM products are Alpine Electronics, Aptiv, Bosch, Continental, Harman (Samsung), LG, Panasonic, and Visteon.",,OK,문단에서 GRMN이 APTV를 자동차 OEM 제품 분야의 주요 경쟁사로 명시적으로 언급합니다.
AVY↔INTC,COMPETES_WITH,"SEC 10-K: Fedrigoni Self-Adhesives; Lintec Corporation; Flexcon Corporation, Inc.; and an array of smaller reg",,False,COMPETES_WITH,pending,pending,True,True,0.0,True,noise_self_contradiction,pending,True,True,False,,"이 문단은 에이버리 데니슨이 자사의 경쟁 환경을 설명하는 부분으로, 다양한 제품군에서 직면하는 경쟁사들을 명시합니다. 문단에 따르면 에이버리 데니슨은 라벨 재료, 그래픽 및 반사 제품, 고성능 테이프, 패스너 제품 분야에서 경쟁사를 열거하고 있습니다. 그러나 인텔은 이 목록에 전혀 언급되어 있지 않습니다. 에이버리 데니슨은 감압성 재료 및 라벨 제품을 제조하고, 인텔은 CPU 등 컴퓨터 제품을 설계 및 판매하는 회사입니다. 문서에는 두 회사 간의 직접적인 경쟁 관계나 공급망 관계에 대한 서술이 없습니다.",list|truncated,"The mechanical fasteners are primarily precision-extruded and injection-molded plastic devices used in various automotive, general industrial and retail applications.
Our larger competitors in label materials include UPM Adhesive Materials, a subsidiary of UPM Corporation; Fedrigoni Self-Adhesives; Lintec Corporation; Flexcon Corporation, Inc.; and an array of smaller regional and local companies. For graphics and reflective products, our largest competitors are 3M Company (“3M”) and the Orafol Group.",AVY 10-K FY2025 · Item 1 사업,"AVY(Our)는 자사의 경쟁사를 언급하고 있으며, INTC 미등장.",,"AVY: 에이버리 데니슨은 감압성 재료 및 제품을 제조하고 판매하며, 라벨 및 그래픽 재료를 포함한 다양한 솔루션을 제공합니다.
북미, 유럽, 아시아 등 전 세계적으로 포장, 라벨, 내구성 제품 시장에서 주요 공급업체로 활동합니다.","INTC: 인텔은 중앙 처리 장치(CPU), 칩셋, 시스템 온 칩 등 다양한 컴퓨터 제품과 기술을 설계, 제조 및 판매합니다.
PC 및 서버용 프로세서 시장을 선도하며 데이터 센터, 인공지능 등 광범위한 컴퓨팅 생태계의 핵심 기반을 제공합니다.","Our larger competitors in label materials include UPM Adhesive Materials, a subsidiary of UPM Corporation; Fedrigoni Self-Adhesives; Lintec Corporation; Flexcon Corporation, Inc.; and an array of smaller regional and local companies. For graphics and reflective products, our largest competitors are 3M Company (“3M”) and the Orafol Group. For performance tapes products, our competitors include 3M; Tesa-SE, a subsidiary of Beiersdorf AG; Nitto Denko Corporation; and numerous regional and specialty suppliers. For fastener products, there is a variety of competitors supplying extruded and injection molded fasteners and fastener attaching equipment. We believe that entry of competitors into the field of pressure-sensitive adhesives and materials is limited by technical knowledge and capital requirements. We believe that our technical expertise, size and scale of operations, broad line of quality products, reliable service, product and process innovation, distribution capabilities and brand strength are the primary advantages in maintaining and further developing our competitive position.",CHANGE:SUPPLIES_TO,DROP,"두 회사는 산업군이 다르고, 문단에서 인텔(INTC)은 전혀 언급되지 않아 관계가 명시되지 않았습니다."
AVY↔MMM,COMPETES_WITH,"SEC 10-K: For graphics and reflective products, our largest competitors are 3M Company (“3M”) and the Orafol G",그래픽·반사 제품,True,,auto_candidate,pending,True,True,1.0,True,auto_candidate,pending,False,False,False,기타,"이 문단은 에이버리 데니슨이 자사의 경쟁 환경을 설명하는 부분으로, 다양한 제품군에서 직면하는 경쟁사들을 명시하고 있습니다. 문단에 따르면, 에이버리 데니슨은 그래픽 및 반사 제품 시장에서 3M Company를 가장 큰 경쟁사 중 하나로 명확히 언급합니다. 또한, 고성능 테이프 제품 시장에서도 3M을 경쟁사 목록에 포함하고 있습니다. 이는 두 회사가 적어도 그래픽 및 반사 제품과 고성능 테이프 제품 분야에서 직접적인 경쟁 관계에 있음을 나타냅니다. 문서에는 두 회사 간의 공급망 관계나 기타 협력 관계에 대한 서술이 없습니다.",truncated,"For graphics and reflective products, our largest competitors are 3M Company (“3M”) and the Orafol Group. For performance tapes products, our competitors include 3M; Tesa-SE, a subsidiary of Beiersdorf AG; Nitto Denko Corporation; and numerous regional and specialty suppliers.",AVY 10-K FY2025 · Item 1 사업,"AVY(Our)는 자사의 그래픽 및 반사 제품, 고성능 테이프 제품 분야의 경쟁사로 MMM(3M Company)을 언급합니다.",,"AVY: 에이버리 데니슨은 감압성 재료 및 제품을 제조하고 판매하며, 라벨 및 그래픽 재료를 포함한 다양한 솔루션을 제공합니다.
북미, 유럽, 아시아 등 전 세계적으로 포장, 라벨, 내구성 제품 시장에서 주요 공급업체로 활동합니다.","MMM: 안전 및 산업용 제품, 운송 및 전자 제품, 헬스케어, 소비재 등 다양한 분야에서 기술 기반 제품을 개발, 제조 및 판매합니다.
산업용 연마재부터 의료기기, 소비재에 이르기까지 폭넓은 포트폴리오를 보유한 다각화된 글로벌 기술 기업입니다.","Our larger competitors in label materials include UPM Adhesive Materials, a subsidiary of UPM Corporation; Fedrigoni Self-Adhesives; Lintec Corporation; Flexcon Corporation, Inc.; and an array of smaller regional and local companies. For graphics and reflective products, our largest competitors are 3M Company (“3M”) and the Orafol Group. For performance tapes products, our competitors include 3M; Tesa-SE, a subsidiary of Beiersdorf AG; Nitto Denko Corporation; and numerous regional and specialty suppliers. For fastener products, there is a variety of competitors supplying extruded and injection molded fasteners and fastener attaching equipment. We believe that entry of competitors into the field of pressure-sensitive adhesives and materials is limited by technical knowledge and capital requirements. We believe that our technical expertise, size and scale of operations, broad line of quality products, reliable service, product and process innovation, distribution capabilities and brand strength are the primary advantages in maintaining and further developing our competitive position.",,OK,"문단에서 에이버리 데니슨(AVY)의 그래픽 및 반사 제품, 퍼포먼스 테이프 제품의 경쟁사로 3M(MMM)을 명시적으로 언급하고 있습니다."
AVY↔PPL,COMPETES_WITH,"SEC 10-K: Our larger competitors in label materials include UPM Adhesive Materials, a subsidiary of UPM Corpor",,False,COMPETES_WITH,pending,pending,False,True,0.0,True,noise_self_contradiction,pending,True,False,False,,"이 문단은 에이버리 데니슨이 자사의 경쟁 환경을 설명하는 부분으로, 다양한 제품군에서 직면하는 경쟁사들을 명시하고 있습니다. 문단에 따르면 에이버리 데니슨은 라벨 재료, 그래픽 및 반사 제품, 고성능 테이프, 패스너 제품 분야에서 경쟁사를 열거하고 있습니다. 그러나 PPL Corporation은 이 목록에 전혀 언급되어 있지 않습니다. 에이버리 데니슨은 감압성 재료 및 라벨 제품을 제조하는 반면, PPL Corporation은 전기 및 천연가스 유통 서비스를 제공하는 유틸리티 회사입니다. 문서에는 두 회사 간의 직접적인 경쟁 관계나 공급망 관계에 대한 서술이 없습니다.",target_absent|truncated,"The mechanical fasteners are primarily precision-extruded and injection-molded plastic devices used in various automotive, general industrial and retail applications.
Our larger competitors in label materials include UPM Adhesive Materials, a subsidiary of UPM Corporation; Fedrigoni Self-Adhesives; Lintec Corporation; Flexcon Corporation, Inc.; and an array of smaller regional and local companies. For graphics and reflective products, our largest competitors are 3M Company (“3M”) and the Orafol Group.",AVY 10-K FY2025 · Item 1 사업,"AVY(Our)는 자사의 경쟁사를 언급하고 있으며, PPL 미등장.",근거 문장에 상대 종목 미등장 — 관계 근거로 불충분,"AVY: 에이버리 데니슨은 감압성 재료 및 제품을 제조하고 판매하며, 라벨 및 그래픽 재료를 포함한 다양한 솔루션을 제공합니다.
북미, 유럽, 아시아 등 전 세계적으로 포장, 라벨, 내구성 제품 시장에서 주요 공급업체로 활동합니다.","PPL: 미국과 영국에서 전기 및 천연가스 유통 서비스를 제공하는 유틸리티 지주회사입니다.
켄터키, 펜실베이니아, 버지니아 지역을 포함한 미국 및 영국 일부 지역의 규제 전력 및 가스 시장에서 운영됩니다.","Our larger competitors in label materials include UPM Adhesive Materials, a subsidiary of UPM Corporation; Fedrigoni Self-Adhesives; Lintec Corporation; Flexcon Corporation, Inc.; and an array of smaller regional and local companies. For graphics and reflective products, our largest competitors are 3M Company (“3M”) and the Orafol Group. For performance tapes products, our competitors include 3M; Tesa-SE, a subsidiary of Beiersdorf AG; Nitto Denko Corporation; and numerous regional and specialty suppliers. For fastener products, there is a variety of competitors supplying extruded and injection molded fasteners and fastener attaching equipment. We believe that entry of competitors into the field of pressure-sensitive adhesives and materials is limited by technical knowledge and capital requirements. We believe that our technical expertise, size and scale of operations, broad line of quality products, reliable service, product and process innovation, distribution capabilities and brand strength are the primary advantages in maintaining and further developing our competitive position.",HOLD,DROP,"두 회사는 산업군이 다르고, 문단에서 PPL은 전혀 언급되지 않아 관계가 명시되지 않았습니다."
AXP↔MA,COMPETES_WITH,"SEC 10-K: We compete worldwide with payments networks such as Visa, American Express, JCB, China UnionPay and ",결제 네트워크,True,,pending,pending,False,True,1.0,True,pending,pending,False,True,False,금융·결제·거래소,"이 문단은 마스터카드가 전 세계 결제 네트워크 시장에서 마주하는 경쟁 환경을 설명합니다. 문단에 따르면, 마스터카드는 아메리칸 익스프레스를 비자, JCB 등과 함께 전 세계적으로 경쟁하는 결제 네트워크 중 하나로 명시합니다. 금융 기관들은 마스터카드 브랜드와 아메리칸 익스프레스 등 경쟁사 브랜드의 결제 상품을 모두 발행할 수 있으며, 마스터카드는 이러한 비즈니스를 놓고 아메리칸 익스프레스와 경쟁합니다. 또한 마스터카드의 일부 고객사는 아메리칸 익스프레스 브랜드의 결제 카드를 발행한다고 언급되어, 시장 내에서의 직접적인 경쟁 구도를 보여줍니다. 문서에는 두 회사 간의 공급망 관계나 다른 사업 협력 관계에 대한 서술이 없습니다.",list|target_absent|truncated,"We compete in all categories of payments (including paper-based payments and all forms of electronic payments) as well as in all categories in which we provide services and solutions:
•
General Purpose Payments Networks.
 We compete worldwide with payments networks such as Visa, American Express, JCB, China UnionPay and Discover, among others. These competitors tend to offer a range of card-based payment products.",MA 10-K FY2025 · Item 1 사업,AXP(American Express)는 자사(We)가 전 세계적으로 경쟁하는 결제 네트워크 중 하나로 언급됩니다. MA 미등장.,근거 문장에 상대 종목 미등장 — 관계 근거로 불충분,"AXP: 신용 및 선불카드 결제 상품과 여행 관련 서비스를 전 세계적으로 제공합니다.
개인 및 기업 고객을 위한 결제, 금융, 가맹점 네트워크 서비스 시장에서 선두적인 위치를 차지합니다.","MA: 거래 승인, 청산, 결제 등 전 세계적으로 결제 거래 처리 및 기타 결제 관련 제품과 서비스를 제공합니다.
신용카드, 직불카드 등 다양한 결제 솔루션을 통해 글로벌 디지털 결제 인프라를 구축하는 기술 기업입니다.","We compete worldwide with payments networks such as Visa, American Express, JCB, China UnionPay and Discover, among others. These competitors tend to offer a range of card-based payment products. Some competitors have more market share than we do in certain jurisdictions. Some also have different business models that may provide an advantage in pricing, technology, regulatory compliance burdens or otherwise. Globally, financial institutions may issue both Mastercard-branded and competitor payment products, and we compete for business on the basis of individual portfolios or programs. In addition, a number of our customers issue American Express-, China UnionPay- and/or Discover-branded payment cards in a manner consistent with a four-party system. We continue to face intense competitive pressure on",,OK,문단에서 마스터카드(MA)가 아메리칸 익스프레스(AXP)를 결제 네트워크 경쟁사로 명시적으로 언급하고 있습니다.
AXP↔SYF,COMPETES_WITH,"SEC 10-K: Our primary competitors for partners include major financial institutions, such as American Express,",금융 서비스,True,,auto_candidate,pending,True,True,1.0,True,auto_candidate,pending,False,False,False,금융·결제·거래소,"이 문단은 싱크로니 파이낸셜이 파트너(프라이빗 라벨 및 공동 브랜드 신용카드 프로그램을 위한)를 유치하고 유지하는 데 있어 마주하는 경쟁 환경을 설명합니다. 문단에 따르면, 싱크로니 파이낸셜은 파트너 확보 경쟁에서 아메리칸 익스프레스를 주요 금융 기관 경쟁사 중 하나로 간주합니다. 이는 두 회사가 주요 금융 기관들과 함께 파트너십을 확보하기 위한 치열한 경쟁을 벌이고 있음을 나타냅니다. 싱크로니 파이낸셜은 금융 조건, 기술 역량, 마케팅 전문성 등을 기반으로 파트너를 놓고 경쟁한다고 서술합니다. 문서에는 두 회사 간의 공급망 관계나 협력 관계에 대한 서술이 없습니다.",truncated,"Our primary competitors for partners include major financial institutions, such as American Express, Bread Financial, Capital One/Discover, JPMorgan Chase, Citibank, TD Bank and Wells Fargo, as well as, financial technology companies, point-of-sale lending focused companies, and potential partners’ own in-house financing capabilities. Some of our competitors are substantially larger than we are, which may give those competitors advantages, including a more diversified product and customer base, the ability to reach out to more customers and potential customers, operational efficiencies, more versatile technology platforms, broad-based local distribution capabilities and lower-cost funding.",SYF 10-K FY2025 · Item 7 MD&A,"AXP는 SYF의 주요 경쟁사 중 하나로 등장합니다. SYF는 ""Our primary competitors"" 문맥상 화자로 등장합니다.",,"AXP: 신용 및 선불카드 결제 상품과 여행 관련 서비스를 전 세계적으로 제공합니다.
개인 및 기업 고객을 위한 결제, 금융, 가맹점 네트워크 서비스 시장에서 선두적인 위치를 차지합니다.","SYF: 미국에서 소비자 금융 서비스를 제공하며, 신용카드, 상업용 신용 상품 및 소비자 할부 대출을 주력으로 합니다.
프라이빗 라벨, 공동 브랜드 신용카드 및 예금 상품을 통해 소비자 금융 시장에서 중요한 역할을 합니다.","The success of our business depends on our ability to retain existing partners and attract new partners. The competition for partners is intense and highly competitive across our product set. Our primary competitors for partners include major financial institutions, such as American Express, Bread Financial, Capital One/Discover, JPMorgan Chase, Citibank, TD Bank and Wells Fargo, as well as, financial technology companies, point-of-sale lending focused companies, and potential partners’ own in-house financing capabilities. Some of our competitors are substantially larger than we are, which may give those competitors advantages, including a more diversified product and customer base, the ability to reach out to more customers and potential customers, operational efficiencies, more versatile technology platforms, broad-based local distribution capabilities and lower-cost funding. In addition, some of our competitors have been acquired, and others may in the future be acquired, by private-equity led consortia, which may expand the level of resources available to these competitors. We compete for partners on the basis of a number of factors, including financial and other terms, technological capabilities, underwriting capabilities, marketing expertise, service levels, product and service offerings (including incentive and loyalty programs), integration capabilities, brand and reputation. In addition, some of our competitors have a business model that allows for their partners to manage underwriting (e.g., new account approval), customer service and collections, and other core banking responsibilities that we retain but some partners may prefer to handle. As a result of competition, we may be unable to acquire new partners, lose existing relationships to competing companies or find it more costly to maintain our existing relationships.",,OK,문단에서 싱크로니 파이낸셜(SYF)이 파트너 경쟁사로 아메리칸 익스프레스(AXP)를 명시적으로 언급하고 있습니다.
AZO↔GPC,COMPETES_WITH,"SEC 10-K: Key competitors in North America include AutoZone, Inc., O'Reilly Auto Parts, Inc., Advance Auto Par",자동차 부품 유통,True,,auto_candidate,pending,True,True,1.0,True,auto_candidate,pending,False,True,False,자동차·부품·산업재,"이 문단은 제뉴인 파츠 컴퍼니가 자사의 자동차 부문 시장에서의 경쟁 환경을 설명하는 부분입니다. 문단에 따르면, 제뉴인 파츠 컴퍼니는 북미 자동차 부문 시장에서 오토존을 핵심 경쟁사 중 하나로 명시합니다. 이는 두 회사가 자동차 교체 부품 및 액세서리 유통 시장에서 직접적인 경쟁 관계에 있음을 명확히 보여줍니다. 제뉴인 파츠 컴퍼니는 전문 부품 체인점, 자동차 제조업체, 대형 소매업체 등 다양한 경쟁자와 경쟁한다고 밝힙니다. 문서에는 두 회사 간의 공급망 관계나 협력 관계에 대한 서술이 없습니다.",list|truncated,"Key competitors in North America include AutoZone, Inc., O'Reilly Auto Parts, Inc., Advance Auto Parts, Inc., and LKQ Corporation, among others. Internationally, competitors include LKQ Corporation, which has a strong presence in Europe, and Bapcor in Australasia, among many others.",GPC 10-K FY2025 · Item 1 사업,"AZO는 북미 지역의 주요 경쟁사 중 하나로 등장합니다. GPC는 ""Key competitors"" 문맥상 화자로 등장합니다.",,"AZO: 자동차 교체 부품 및 액세서리를 소매 및 유통하며, 신품 및 재생 부품을 포함한 다양한 제품을 제공합니다.
북미 자동차 애프터마켓 부품 시장의 주요 공급업체로, 다양한 차량 유지보수 제품을 취급합니다.","GPC: 자동차 교체 부품 및 산업용 부품과 자재를 유통하며, 자동차 부품 그룹과 산업 부품 그룹으로 사업을 운영합니다.
하이브리드/전기차, 트럭, SUV 등 다양한 차량용 부품 및 산업 유지보수 부품을 공급하는 글로벌 자동차 애프터마켓 및 산업 유통 시장의 주요 기업입니다.","In our Automotive segments, competition comes from specialty parts chains, automobile manufacturers (including those selling parts for their own and other manufacturers’ vehicles), automobile dealers, warehouse clubs, mass merchandisers and online retailers. Key competitors in North America include AutoZone, Inc., O'Reilly Auto Parts, Inc., Advance Auto Parts, Inc., and LKQ Corporation, among others. Internationally, competitors include LKQ Corporation, which has a strong presence in Europe, and Bapcor in Australasia, among many others. In industrial distribution, our main competitor is Applied Industrial Technologies, Inc., but we also compete against Fastenal Company, and W.W. Grainger, Inc, among many other smaller, regional competitors.",,OK,문단에서 제뉴인 파츠 컴퍼니(GPC)가 북미 자동차 부문 주요 경쟁사로 오토존(AZO)을 명시적으로 언급하고 있습니다.
BAX↔COO,COMPETES_WITH,"SEC 10-K: Larger companies such as Johnson & Johnson, Baxter International, Medtronic and Hologic have offerin",,False,,pending,pending,True,True,0.0,True,pending,pending,False,True,False,,"이 문단은 쿠퍼 컴퍼니스의 자회사인 쿠퍼서지컬이 비옥도 및 여성 건강 관리 시장 내 의료 기기 제품 분야에서 경쟁 환경을 설명하는 부분입니다. 문단에 따르면, 쿠퍼서지컬은 의료 기기 제품 분야에서 벡스터 인터내셔널과 경쟁 관계에 있습니다. 벡스터 인터내셔널은 존슨앤존슨, 메드트로닉 등과 함께 쿠퍼서지컬의 의료 기기 제품과 경쟁하는 제품을 제공하는 대형 회사로 언급됩니다. 이로써 두 회사는 특정 의료 기기 시장에서 경쟁하는 관계에 있음을 알 수 있습니다. 문서에는 두 회사 간의 공급망 관계나 협력 관계에 대한 서술이 없습니다.",list|truncated,"Larger companies such as Johnson & Johnson, Baxter International, Medtronic and Hologic have offerings that compete with our medical device products. In the stem cell storage field, we compete primarily with ViaCord, a division of Revvity, in the United States, as well as other smaller companies with limited product offerings globally.",COO 10-K FY2025 · Item 1 사업,"BAX는 화자의 의료기기 제품과 경쟁하는 대기업 중 하나로 등장합니다. COO는 ""our medical device products"" 및 ""we compete"" 문맥상 화자로 등장합니다.",,"BAX: 신장 투석, 정맥 치료, 수술용 생물학적 제제 등 광범위한 헬스케어 제품과 서비스를 개발 및 공급합니다.
병원 및 환자 치료 분야에서 필수 의료 기기 및 솔루션을 제공하는 글로벌 헬스케어 기업입니다.","COO: 콘택트렌즈와 여성 및 가족 건강 관리를 위한 의료 기기 및 솔루션을 개발, 제조, 판매합니다.
쿠퍼비전(CooperVision)을 통해 글로벌 콘택트렌즈 시장을, 쿠퍼서지컬(CooperSurgical)을 통해 여성 건강 분야를 선도합니다.","CooperSurgical focuses on selected segments of the fertility and women's health care market with a diversified portfolio including fertility products and services, medical devices, cryostorage (such as cord blood and cord tissue storage) and contraception. CooperSurgical's strategy includes developing and acquiring new solutions to complement our current offerings. In the fertility market, CooperSurgical competes against Vitrolife Group, Nexpring, and Fairfax Cryobank and Fairfax EggBank. We also compete with fertility clinics offering their own services. Larger companies such as Johnson & Johnson, Baxter International, Medtronic and Hologic have offerings that compete with our medical device products. In the stem cell storage field, we compete primarily with ViaCord, a division of Revvity, in the United States, as well as other smaller companies with limited product offerings globally. With Paragard, we compete with manufacturers of hormonal IUDs including Bayer and AbbVie, Long Acting Reversible Contraceptives including Organon, and other forms of birth control. A non-hormonal IUD, Miudella, which has been FDA approved and not currently in the market, will compete with Paragard in the future. Further, the continued consolidation of medical offices and fertility clinics may impact the competition for our products and services.",,OK,문단에서 쿠퍼 컴퍼니스(COO)의 의료 기기 제품과 경쟁하는 회사로 벡스터 인터내셔널(BAX)을 명시적으로 언급하고 있습니다.
BKNG↔EXPE,COMPETES_WITH,"SEC 10-K: Competitive entrants such as “metasearch” companies, including Kayak.com (owned by Booking Holdings)",메타 검색,True,,pending,pending,False,True,0.8,True,pending,pending,False,False,False,미디어·스트리밍·검색,"이 문단은 온라인 여행 시장의 광범위하고 치열한 경쟁 환경을 설명합니다. 문단에 따르면, 부킹 홀딩스와 익스피디아 그룹은 온라인 여행 시장에서 치열하게 경쟁하는 주요 업체들입니다. 부킹 홀딩스는 Kayak.com을 소유하고 있으며, 익스피디아 그룹은 trivago의 대주주 지분을 소유하고 있는데, 이들은 모두 메타서치 경쟁업체로 언급됩니다. 또한, Booking.com(부킹 홀딩스 브랜드)과 Vrbo는 대체 숙박 시장의 리더로 부상했다고 명시되어, 두 회사가 온라인 여행 시장의 여러 분야에서 직접적으로 경쟁하고 있음을 보여줍니다. 문서에는 Vrbo가 익스피디아 그룹의 소유라는 직접적인 서술은 없으나, 카약닷컴과 트리바고의 소유 관계를 명시하며 간접적인 경쟁 관계를 설명합니다. 문서에는 두 회사 간의 구체적인 사업 협력이나 공급망 관계에 대한 서술이 없습니다.",indirect|m&a|target_absent,"Competitive entrants such as “metasearch” companies, including Kayak.com (owned by Booking Holdings), trivago (in which Expedia Group owns a majority interest) as well as TripAdvisor, introduced differentiated features, pricing and content compared with the legacy online travel agency companies, as well as various forms of direct or assisted booking tools. Further, airlines and lodging companies are aggressively pursuing direct online distribution of their products and services.",EXPE 10-K FY2025 · Item 7 MD&A,BKNG는 Kayak.com의 소유주로 등장합니다. EXPE는 trivago의 대다수 지분을 소유한 기업으로 등장합니다.,근거 문장에 상대 종목 미등장 — 관계 근거로 불충분,"BKNG: Booking.com, Priceline, Agoda 등을 통해 전 세계 여행 및 숙박, 렌터카 등의 온라인 예약 서비스를 제공합니다.
글로벌 온라인 여행 예약(OTA) 시장에서 선두 주자로서 폭넓은 서비스 포트폴리오를 보유하고 있습니다.","EXPE: 미국 및 전 세계적으로 온라인 여행 서비스를 운영하며 호텔, 항공권, 렌터카 등 다양한 여행 상품을 제공합니다.
Brand Expedia, Hotels.com, Vrbo 등의 브랜드를 통해 소매 및 B2B 여행 솔루션을 제공하는 글로벌 온라인 여행 시장의 선두 주자입니다.","The market opportunity for online travel is broad and highly competitive. Online penetration of travel expenditures is higher in the U.S. and Western European markets with online penetration rates in some emerging markets, such as Latin America and Eastern European regions, lagging behind those regions. Emerging markets continue to present an attractive growth opportunity for our business, while also attracting many competitors to online travel. Technological developments in generative AI tools are increasingly being used to create competing offerings, such as AI powered digital planning and assistance, further increasing competition. In addition to the growth of online travel agencies, we have seen continued interest in the online travel industry from search engine companies such as Google, evidenced by continued product enhancements, and prioritizing its own AdWords and metasearch products such as Google Travel, Google Flights and Hotel Ads, in search results. Competitive entrants such as “metasearch” companies, including Kayak.com (owned by Booking Holdings), trivago (in which Expedia Group owns a majority interest) as well as TripAdvisor, introduced differentiated features, pricing and content compared with the legacy online travel agency companies, as well as various forms of direct or assisted booking tools. Further, airlines and lodging companies are aggressively pursuing direct online distribution of their products and services. In addition, the increasing popularity of the “sharing economy,” accelerated by online penetration, has had a direct impact on the travel and lodging industry. Businesses such as Airbnb, Vrbo and Booking.com have emerged as the leaders, bringing incremental alternative accommodation inventory to the market. Other competitors have arisen, including alternative accommodation property managers, who operate their own booking sites in addition to listing on Airbnb, Vrbo, and Booking.com. Additionally, traditional consumer ecommerce players have expanded their local offerings by adding hotel offers to their websites. Ride sharing app Uber has added transportation and experience offerings to its app via partnerships with other travel pr",,OK,문단에서 부킹 홀딩스(BKNG) 소유의 Kayak.com과 익스피디아 그룹(EXPE)이 지분 대부분을 소유한 trivago가 온라인 여행 시장의 경쟁 주체로 명시적으로 언급되어 두 회사 간 경쟁 관계를 서술합니다.
BKNG↔GOOGL,COMPETES_WITH,"SEC 10-K: For example, Google links travel search to its dominant search engine and has integrated travel prod",여행 검색,True,,auto_candidate,pending,True,True,0.9,True,auto_candidate,pending,False,False,False,여행·숙박·크루즈,"이 문단은 온라인 여행 및 레스토랑 예약 서비스 시장의 경쟁 환경을 설명하며, 특히 기술 기업들의 진입과 Gen AI의 영향을 중점적으로 다루고 있습니다. Booking.com(BKNG)은 Google(GOOGL)과 경쟁 관계에 있습니다. Google은 지배적인 검색 엔진에 여행 검색을 연결하고, Google 지도 및 Gemini Gen AI에 여행 상품을 통합하여 온라인 여행 예약 시장에 참여합니다. 이는 소비자들이 Booking.com과 같은 전용 온라인 여행 플랫폼 대신 Google 플랫폼 내에서 직접 예약을 진행하여 Booking.com의 트래픽, 예약 및 고객 관계를 감소시킬 수 있습니다. 또한, Google과 같은 대규모 기술 플랫폼은 Gen AI 기반 어시스턴트 및 에이전트를 개발하여 Booking.com과 같은 온라인 여행사(OTC)에 대한 경쟁 압력을 증가시키고 있습니다. 문서에는 두 회사 간의 협력 또는 공급망 관련 서술은 없습니다.",truncated,"For example, Google links travel search to its dominant search engine and has integrated travel products into Google Maps and its Gemini generative AI (""Gen AI"") offering. Other large technology platforms and AI-native competitors are developing Gen AI-powered assistants and agents that can search, compare, recommend, and facilitate travel and dining reservations directly within their search engines, operating systems, messaging platforms, or ""super-apps."" These offerings may reduce consumers choosing to visit dedicated online travel platforms, reducing direct traffic, bookings, and customer relationships.",BKNG 10-K FY2025 · Item 7 MD&A,"BKNG는 Google의 서비스로 인해 트래픽, 예약 및 고객 관계가 감소할 수 있는 ""dedicated online travel platforms""의 일원으로 암시적으로 등장합니다. GOOGL은 여행 검색을 자사 검색 엔진 및 AI 서비스에 통합하고 있는 기업으로 등장합니다.",,"BKNG: Booking.com, Priceline, Agoda 등을 통해 전 세계 여행 및 숙박, 렌터카 등의 온라인 예약 서비스를 제공합니다.
글로벌 온라인 여행 예약(OTA) 시장에서 선두 주자로서 폭넓은 서비스 포트폴리오를 보유하고 있습니다.","GOOGL: Google의 모회사로, 온라인 광고, 클라우드 컴퓨팅, 가전제품 및 인공지능을 포함한 다양한 기술 분야에서 사업을 운영합니다.
세계에서 가장 큰 기술 기업 중 하나로, 혁신적인 제품과 서비스를 통해 글로벌 기술 및 인터넷 서비스 시장을 선도합니다.","We operate in highly competitive and rapidly evolving global markets for travel and restaurant reservation services. Barriers to entry are low, and we compete with online travel companies (""OTCs""), travel service providers offering direct booking (such as airlines, hotels, and rental car companies), traditional travel agencies and operators, companies offering travel-related software, payments, or technology solutions, financial services and credit card companies, and global technology companies with significantly greater scale, data, and financial resources. For example, Google links travel search to its dominant search engine and has integrated travel products into Google Maps and its Gemini generative AI (""Gen AI"") offering. Other large technology platforms and AI-native competitors are developing Gen AI-powered assistants and agents that can search, compare, recommend, and facilitate travel and dining reservations directly within their search engines, operating systems, messaging platforms, or ""super-apps."" These offerings may reduce consumers choosing to visit dedicated online travel platforms, reducing direct traffic, bookings, and customer relationships. Gen AI also lowers barriers to entry and enables competitors to potentially replicate or improve core functionality, personalize recommendations and pricing, and acquire customers more efficiently through non-travel consumer interactions. AI agents may further evolve into full-service booking platforms, increasing competitive pressure and disintermediating OTCs. If our Gen AI investments are not successful or we are unable to successfully adapt to such changes, our ability to compete, and our business and results of operations, could be adversely affected.",,OK,문단에서 Google이 여행 검색 및 예약 서비스를 통합하여 온라인 여행사(BKNG)와 경쟁 관계에 있음을 명시적으로 서술함.
BKR↔CAT,COMPETES_WITH,"SEC 10-K: An additional set of competitors, including Aggreko plc, Generac Holdings Inc., Discovery Energy, LL",,False,,pending,pending,False,True,0.0,True,pending,pending,False,True,False,,"이 문단은 왕복 엔진과 터빈 시장의 경쟁 환경을 설명하고 있으며, 특히 Caterpillar(CAT)가 직면하는 다양한 경쟁사들을 명시하고 있습니다. Baker Hughes Co.(BKR)는 Caterpillar(CAT)와 경쟁 관계에 있는 기업으로 언급됩니다. 문단에 따르면 Baker Hughes Co.는 Caterpillar의 경쟁사 중 하나이며, 주로 엔진 및 기타 부품을 국내외 공급업체로부터 조달하여 제품을 패키징하고 유통하는 패키징 업체입니다. 이는 Caterpillar가 제공하는 엔진 및 관련 시장에서 간접적으로 경쟁하는 형태를 시사합니다. 문서에는 두 회사 간의 직접적인 공급 또는 서비스 제공 관계에 대한 서술은 없습니다.",indirect|list|target_absent|truncated,"An additional set of competitors, including Aggreko plc, Generac Holdings Inc., Discovery Energy, LLC (Rehlko, formerly Kohler Energy), Baker Hughes Co., and others, are primarily packagers who source engines and/or other components from domestic and international suppliers and market products regionally and internationally through a variety of distribution channels. In rail-related businesses, our global competitors include Wabtec Corp, Greenbrier Companies, Inc., Voestalpine AG, Vossloh AG, Alstom SA, and Siemens Mobility A/S.",CAT 10-K FY2025 · Item 1 사업,BKR은 엔진 및 기타 부품을 조달하여 제품을 포장하는 경쟁사 중 하나로 등장합니다. CAT 미등장.,근거 문장에 상대 종목 미등장 — 관계 근거로 불충분,"BKR: 전 세계 에너지 및 산업 가치 사슬 전반에 걸쳐 기술과 서비스를 제공합니다.
유전 서비스, 장비, 터보 기계 및 디지털 솔루션 분야에서 혁신적인 기술을 공급하는 선도적인 에너지 기술 기업입니다.","CAT: 건설 및 광업 장비, 디젤 및 천연가스 엔진, 산업용 가스 터빈을 제조 및 판매합니다.
중장비 및 엔진 분야의 세계적인 선두 기업으로, 광업, 건설, 에너지 산업에 핵심 장비를 공급합니다.","The competitive environment for reciprocating engines in marine, oil and gas, industrial and electric power generation systems along with turbines in oil and gas and electric power generation consists of a few larger global competitors that compete in a variety of markets that Caterpillar serves, and a substantial number of smaller companies that compete in a limited-size product range, geographic region and/or application. Principal global competitors include Cummins Inc., Deutz AG, Rolls-Royce Power Systems AG and Siemens Energy AG. Other competitors, such as Volvo Penta AB, FPT Industrial SpA (Iveco Group), INNIO Group, GE Vernova Inc., Kawasaki Heavy Industries Ltd., Everllence SE (formerly MAN Energy Solutions SE), Weichai Power Co., Ltd., and other emerging market competitors compete in certain markets in which Caterpillar competes. An additional set of competitors, including Aggreko plc, Generac Holdings Inc., Discovery Energy, LLC (Rehlko, formerly Kohler Energy), Baker Hughes Co., and others, are primarily packagers who source engines and/or other components from domestic and international suppliers and market products regionally and internationally through a variety of distribution channels. In rail-related businesses, our global competitors include Wabtec Corp, Greenbrier Companies, Inc., Voestalpine AG, Vossloh AG, Alstom SA, and Siemens Mobility A/S. We also compete with other companies on a more limited range of products, services and/or geographic regions.",,OK,문단에서 Baker Hughes Co.(BKR)를 Caterpillar(CAT)의 '추가적인 경쟁자(additional set of competitors)' 중 하나로 명시적으로 언급함.
BKR↔HAL,COMPETES_WITH,"SEC 10-K: OFSE competitors include SLB, Halliburton, NOV, Weatherford, and TechnipFMC.",유전 서비스·장비,True,,auto_candidate,pending,True,True,1.0,True,auto_candidate,pending,False,True,False,자동차·부품·산업재,"이 문단은 유전 서비스 및 장비(OFSE) 시장의 경쟁 환경을 설명하고 있으며, 이 시장에서 활동하는 주요 경쟁사들을 명시하고 있습니다. Baker Hughes Co.(BKR)와 Halliburton(HAL)은 유전 서비스 및 장비(OFSE) 시장에서 경쟁 관계에 있습니다. 문단에 따르면 Halliburton은 Baker Hughes Co.의 OFSE 사업 부문의 주요 경쟁사 중 하나로 직접 언급되어 있습니다. 이는 두 회사가 유사한 제품과 서비스를 제공하며 고객 유치를 위해 경쟁함을 시사합니다. 문서에는 두 회사 간의 공급망, 협력 또는 기타 거래 관계에 대한 서술은 없습니다.",list,"OFSE competitors include SLB, Halliburton, NOV, Weatherford, and TechnipFMC.
Industrial & Energy Technology
The IET segment combines a broad array of domain expertise, technologies, software, and services for energy and industrial customers across a broad array of applications including on- and offshore, LNG, pipeline and gas storage, distributed gas, refining, petrochemical, hydrogen, geothermal, CCUS, and power inclusive of integration with renewable energy sources. It also provides cutting edge technology for consumers of energy and organizations who are reliant on infrastructure integrity across a broad variety of verticals including pulp & paper, food & beverage, industrial heating, automotive, marine and aerospace.
The IET segment consists of five product lines.
•    
Gas Technology Equipment
 delivers highly efficient mechanical and electric-drive compression and power generation technology for projects across the natural gas value chain.",BKR 10-K FY2025 · Item 1 사업,BKR은 OFSE 경쟁사 목록을 제시하는 화자(또는 화자의 사업 부문)로 암시적으로 등장합니다. HAL은 OFSE 경쟁사 중 하나로 등장합니다.,,"BKR: 전 세계 에너지 및 산업 가치 사슬 전반에 걸쳐 기술과 서비스를 제공합니다.
유전 서비스, 장비, 터보 기계 및 디지털 솔루션 분야에서 혁신적인 기술을 공급하는 선도적인 에너지 기술 기업입니다.","HAL: 할리버튼은 전 세계 에너지 산업에 생산 증대, 시멘트화, 시추 및 평가 서비스 등 다양한 제품과 서비스를 제공합니다.
유전 서비스 시장에서 시추 및 생산 관련 기술과 솔루션을 제공하는 세계 최대 기업 중 하나입니다.","OFSE products and services are sold in highly competitive markets. While OFSE may have contracts that include multiple well projects and that may extend over a multi-year period, its services and products are generally provided on a well-by-well basis. Most contracts cover pricing of the products and services, along with various limitations on liability, but do not necessarily establish an obligation to use OFSE products and services. OFSE competitors include SLB, Halliburton, NOV, Weatherford, and TechnipFMC.",,OK,문단에서 Halliburton(HAL)을 OFSE(BKR의 사업 부문)의 경쟁자로 명시적으로 언급함.
BKR↔SLB,COMPETES_WITH,"SEC 10-K: OFSE competitors include SLB, Halliburton, NOV, Weatherford, and TechnipFMC.",유전 서비스·장비,True,,auto_candidate,pending,True,True,1.0,True,auto_candidate,pending,False,True,True,자동차·부품·산업재,"이 문단은 유전 서비스 및 장비(OFSE) 시장의 경쟁 환경을 설명하고 있으며, 이 시장에서 활동하는 주요 경쟁사들을 명시하고 있습니다. Baker Hughes Co.(BKR)와 SLB는 유전 서비스 및 장비(OFSE) 시장에서 경쟁 관계에 있습니다. 문단에 따르면 SLB는 Baker Hughes Co.의 OFSE 사업 부문의 주요 경쟁사 중 하나로 직접 언급되어 있습니다. 이는 두 회사가 유사한 유전 서비스 및 장비 제품을 제공하며 시장 점유율을 놓고 경쟁하고 있음을 나타냅니다. 문서에는 두 회사 간의 공급망, 협력 또는 기타 거래 관계에 대한 서술은 없습니다.",list,"OFSE competitors include SLB, Halliburton, NOV, Weatherford, and TechnipFMC.
Industrial & Energy Technology
The IET segment combines a broad array of domain expertise, technologies, software, and services for energy and industrial customers across a broad array of applications including on- and offshore, LNG, pipeline and gas storage, distributed gas, refining, petrochemical, hydrogen, geothermal, CCUS, and power inclusive of integration with renewable energy sources. It also provides cutting edge technology for consumers of energy and organizations who are reliant on infrastructure integrity across a broad variety of verticals including pulp & paper, food & beverage, industrial heating, automotive, marine and aerospace.
The IET segment consists of five product lines.
•    
Gas Technology Equipment
 delivers highly efficient mechanical and electric-drive compression and power generation technology for projects across the natural gas value chain.",BKR 10-K FY2025 · Item 1 사업,BKR은 OFSE 경쟁사 목록을 제시하는 화자(또는 화자의 사업 부문)로 암시적으로 등장합니다. SLB는 OFSE 경쟁사 중 하나로 등장합니다.,,"BKR: 전 세계 에너지 및 산업 가치 사슬 전반에 걸쳐 기술과 서비스를 제공합니다.
유전 서비스, 장비, 터보 기계 및 디지털 솔루션 분야에서 혁신적인 기술을 공급하는 선도적인 에너지 기술 기업입니다.","SLB: 전 세계 에너지 산업에 기술, 제품 및 서비스를 제공하며, 유전 개발 및 생산 솔루션을 주력으로 합니다.
디지털 통합, 저류층 성능, 시추 및 생산 시스템 등 다양한 부문에서 에너지 분야의 기술 혁신을 선도합니다.","OFSE products and services are sold in highly competitive markets. While OFSE may have contracts that include multiple well projects and that may extend over a multi-year period, its services and products are generally provided on a well-by-well basis. Most contracts cover pricing of the products and services, along with various limitations on liability, but do not necessarily establish an obligation to use OFSE products and services. OFSE competitors include SLB, Halliburton, NOV, Weatherford, and TechnipFMC.",,OK,문단에서 SLB를 OFSE(BKR의 사업 부문)의 경쟁자로 명시적으로 언급함.
BLK↔MSCI,COMPETES_WITH,"SEC 10-K: Certain of our clients are also significant shareholders, competitors or distributors of our content",,True,,pending,pending,False,True,0.2,True,pending,pending,False,False,False,,"이 문단은 회사(MSCI)가 고객, 주주, 콘텐츠 유통업체 및 경쟁사를 포함한 다양한 이해관계자와의 복잡한 관계에서 발생할 수 있는 잠재적 이해 상충에 대해 설명하고 있습니다. BlackRock(BLK)은 MSCI의 '가장 큰 고객 중 하나'이자 동시에 '경쟁사 또는 콘텐츠 유통업체'일 수 있다고 명시되어 있습니다. 이는 BlackRock이 MSCI의 지수 및 분석 도구 등을 사용하는 고객인 동시에, MSCI의 비즈니스 영역에서 직접적으로 경쟁하거나 MSCI의 콘텐츠를 유통하는 역할을 수행할 수 있음을 의미합니다. 이러한 다면적인 관계는 경쟁 압력을 야기하고, BlackRock이 MSCI와의 관계를 종료하거나 매출을 감소시키며, MSCI의 전략적 결정에 영향을 미칠 수 있다고 언급됩니다. 문서에는 두 회사 간의 구체적인 제품 또는 서비스 교환에 대한 상세한 서술은 없습니다.",target_absent|truncated,"Certain of our clients are also significant shareholders, competitors or distributors of our content, including some of our largest clients, such as BlackRock. This dynamic may introduce competitive pressures that could cause these clients to terminate all or a portion of the relationship and result in a loss of business or reduced revenue or influence our strategic decisions, such as whether to prioritize the client relationship over the development or enhancement of products that directly compete with those clients’ offerings.",MSCI 10-K FY2025 · Item 7 MD&A,"BLK는 MSCI의 주요 고객 중 하나이자 중요한 주주, 경쟁자 또는 콘텐츠 유통업체로 등장합니다. MSCI는 ""our clients"" 및 ""our content"" 문맥상 화자로 등장합니다.",근거 문장에 상대 종목 미등장 — 관계 근거로 불충분,"BLK: 기관, 중개 및 개인 투자자를 대상으로 투자 관리, 위험 관리 및 자문 서비스를 제공합니다.
세계 최대의 자산운용사 중 하나로, 다양한 투자 포트폴리오와 솔루션을 통해 글로벌 금융 시장에 영향력을 행사합니다.","MSCI: 전 세계 고객에게 투자 의사결정 지원 도구를 제공하며, 지수(Index), 분석(Analytics), ESG 및 기후 솔루션 등을 공급합니다.
상장지수펀드(ETF), 뮤추얼 펀드 등 다양한 금융 상품의 기초 지수를 제공하는 선도적인 글로벌 투자 정보 제공 기업입니다.","We have complex relationships with various parties, including clients, shareholders, distributors of our content and competitors, which may present potential conflicts of interest that could adversely affect our business. Certain of our clients are also significant shareholders, competitors or distributors of our content, including some of our largest clients, such as BlackRock. This dynamic may introduce competitive pressures that could cause these clients to terminate all or a portion of the relationship and result in a loss of business or reduced revenue or influence our strategic decisions, such as whether to prioritize the client relationship over the development or enhancement of products that directly compete with those clients’ offerings.",,OK,문단에서 BlackRock(BLK)을 MSCI의 '가장 큰 고객(largest clients)' 중 하나로 명시적으로 언급함.
CAH↔COR,COMPETES_WITH,"SEC 10-K: In the Pharma segment, we compete with wholesale distributors with national reach, including McKesso",제약 도매 유통,True,,pending,pending,False,True,0.5,True,pending,pending,False,False,False,헬스케어·의료기기·제약,"이 문단은 회사(Cardinal Health)의 제약(Pharma) 부문이 직면하고 있는 경쟁 환경을 설명하며, 다양한 유형의 경쟁사들을 나열하고 있습니다. Cardinal Health(CAH)와 Cencora, Inc.(COR)는 제약 부문에서 경쟁 관계에 있습니다. 문단에 따르면 Cencora, Inc.는 Cardinal Health가 경쟁하는 전국적인 규모의 도매 유통업체 중 하나로 직접 언급되어 있습니다. 이는 두 회사가 제약 제품 유통 및 관련 서비스 분야에서 유사한 시장을 대상으로 경쟁하고 있음을 시사합니다. 문서에는 두 회사 간의 공급, 구매 또는 협력과 같은 다른 유형의 관계에 대한 서술은 없습니다.",target_absent|truncated,"We compete on many levels, including price, service offerings, support services, customer service, breadth of product lines, and product quality and efficacy.
In the Pharma segment, we compete with wholesale distributors with national reach, including McKesson Corporation and Cencora, Inc., regional wholesale distributors, self-warehousing chains, specialty distributors, third-party logistics companies, and companies that provide specialty pharmaceutical services and managed services to specialty physicians, among others. In addition, the Pharma segment has experienced competition from a number of organizations offering generic pharmaceuticals, including telemarketers.",CAH 10-K FY2025 · Item 7 MD&A,"CAH는 제약 부문에서 McKesson Corporation 및 Cencora, Inc. 등과 경쟁하는 화자로 등장합니다. COR은 CAH의 제약 부문 경쟁사 중 하나인 전국 규모의 도매 유통업체로 등장합니다.",근거 문장에 상대 종목 미등장 — 관계 근거로 불충분,"CAH: 병원, 약국 등에 제약 및 의료 제품 유통과 맞춤형 헬스케어 솔루션을 제공합니다.
의료 서비스 공급자에게 필수적인 의약품 및 의료용품을 공급하는 통합 헬스케어 서비스 기업입니다.","COR: 미국 및 해외에서 의약품, OTC 제품, 의료 용품 등을 조달하고 유통합니다.
병원, 약국, 클리닉 등 다양한 의료기관에 의약품 공급망 서비스를 제공하는 기업입니다.","In the Pharma segment, we compete with wholesale distributors with national reach, including McKesson Corporation and Cencora, Inc., regional wholesale distributors, self-warehousing chains, specialty distributors, third-party logistics companies, and companies that provide specialty pharmaceutical services and managed services to specialty physicians, among others. In addition, the Pharma segment has experienced competition from a number of organizations offering generic pharmaceuticals, including telemarketers. We also compete with manufacturers that distribute their products directly to customers.",,OK,"문단에서 Cencora, Inc.(COR)를 CAH의 Pharma 부문의 경쟁자로 명시적으로 언급함."
CAH↔MCK,COMPETES_WITH,"SEC 10-K: Certain competitors also offer combinations of distribution, GPO, and provider services capabilities",의료 유통,True,,pending,pending,False,True,0.9,True,pending,pending,False,False,False,헬스케어·의료기기·제약,"이 문단은 회사(McKesson)의 종양학 및 다중 전문(Oncology & Multispecialty) 부문이 직면하는 경쟁 환경을 설명하며, 이 부문에서 활동하는 다양한 경쟁사들을 명시하고 있습니다. Cardinal Health(CAH)와 McKesson(MCK)은 종양학 및 다중 전문 부문에서 경쟁 관계에 있습니다. 문단에 따르면 Cardinal Health는 McKesson의 이 부문에서 '유통, GPO 및 공급자 서비스 기능의 조합을 제공하는 특정 경쟁사' 중 하나로 직접 언급되어 있습니다. 이는 두 회사가 제약 유통 및 관련 전문 서비스 시장에서 유사한 역량을 가지고 경쟁하고 있음을 시사합니다. 문서에는 두 회사 간의 공급, 구매 또는 협력과 같은 다른 유형의 관계에 대한 서술은 없습니다.",target_absent|truncated,"Certain competitors also offer combinations of distribution, GPO, and provider services capabilities, including Cencora, Inc. and Cardinal Health, Inc. In addition, our clinical research offerings compete with contract research organizations, site management organizations, academic medical centers, and health systems that support clinical trials.
Our Prescription Technology Solutions business experiences substantial competition from variety of organizations, including other biopharma services providers, software and technology service firms, consulting firms, shared services vendors, and internet-based companies offering healthcare-focused technology solutions.",MCK 10-K FY2026 · Item 1 사업,CAH는 특정 경쟁사 중 하나로 언급됩니다. MCK 미등장.,근거 문장에 상대 종목 미등장 — 관계 근거로 불충분,"CAH: 병원, 약국 등에 제약 및 의료 제품 유통과 맞춤형 헬스케어 솔루션을 제공합니다.
의료 서비스 공급자에게 필수적인 의약품 및 의료용품을 공급하는 통합 헬스케어 서비스 기업입니다.","MCK: 미국 및 전 세계적으로 제약 유통, 의료-외과 솔루션, 처방 기술 솔루션 등 다양한 헬스케어 서비스를 제공합니다.
브랜드 의약품, 제네릭 의약품, 전문 의약품 등을 병원, 약국 등에 유통하는 선도적인 글로벌 헬스케어 서비스 기업입니다.","In our Oncology & Multispecialty segment, we compete with other specialty distributors; GPOs; specialty pharmacies; oncology networks and platforms; ophthalmology and retina management services providers; and healthcare information technology and data and analytics companies. Certain competitors also offer combinations of distribution, GPO, and provider services capabilities, including Cencora, Inc. and Cardinal Health, Inc. In addition, our clinical research offerings compete with contract research organizations, site management organizations, academic medical centers, and health systems that support clinical trials.",,OK,"문단에서 Cardinal Health, Inc.(CAH)를 MCK의 Oncology & Multispecialty 부문의 경쟁자로 명시적으로 언급함."
CARR↔JCI,COMPETES_WITH,"SEC 10-K: Larger competitors include Honeywell International, Inc.; Siemens Smart Infrastructure, an operating",,False,COMPETES_WITH,pending,pending,True,True,0.1,True,noise_self_contradiction,pending,True,True,False,,"이 문단은 회사(Johnson Controls)가 경쟁 입찰 방식으로 수행하는 계약과 관련된 경쟁 환경을 설명하며, 특히 HVAC 장비, 보안, 화재 감지 및 제어 시장의 주요 경쟁사들을 나열하고 있습니다. Carrier Global Corporation(CARR)과 Johnson Controls(JCI)는 HVAC 장비, 보안, 화재 감지, 화재 진압 및 제어 시장에서 경쟁 관계에 있습니다. 문단에 따르면 Carrier Global Corporation은 Johnson Controls의 주요 대규모 경쟁사 중 하나로 직접 명시되어 있습니다. 이는 두 회사가 주거용 및 비주거용 시장에서 유사한 제품과 솔루션을 제공하며 계약 수주를 위해 경쟁하고 있음을 의미합니다. 문서에는 두 회사 간의 공급망 또는 협력 관계에 대한 서술은 없습니다.",list|truncated,"Larger competitors include Honeywell International, Inc.; Siemens Smart Infrastructure, an operating group of Siemens AG; Schneider Electric SA; Carrier Global Corporation; Trane Technologies plc; Vertiv Holdings Co., API Group and Daikin Industries, Ltd. In addition, the Company competes in a highly fragmented building services market.",JCI 10-K FY2025 · Item 1 사업,CARR는 주요 경쟁사 중 하나로 언급됩니다. JCI 미등장.,,"CARR: 냉난방 공조(HVAC), 냉동, 화재 및 보안, 빌딩 자동화 기술 및 솔루션을 전 세계적으로 제공합니다.
주거 및 상업용 건물에 필요한 실내 환경 제어 및 안전 시스템 분야의 글로벌 선두 기업입니다.","JCI: 존슨 컨트롤즈는 난방, 환기, 공조(HVAC), 빌딩 관리 시스템, 보안 및 소방 시스템 등 빌딩 제품 및 솔루션을 엔지니어링, 제조, 설치합니다.
스마트 빌딩 및 에너지 효율 솔루션 시장의 글로벌 리더로서, 전 세계 상업용 및 주거용 건물에 서비스를 제공합니다.","The Company conducts its operations through a significant number of individual contracts that are either negotiated or awarded on a competitive basis. Key factors in the award of contracts include system and service performance, quality, price, design, reputation, technology, application engineering capability, availability of financing and construction or project management expertise. Competitors for HVAC equipment, security, fire detection, fire suppression and controls in the residential and non-residential marketplace include many local, regional, national and international providers. Larger competitors include Honeywell International, Inc.; Siemens Smart Infrastructure, an operating group of Siemens AG; Schneider Electric SA; Carrier Global Corporation; Trane Technologies plc; Vertiv Holdings Co., API Group and Daikin Industries, Ltd. In addition, the Company competes in a highly fragmented building services market. The Company also faces competition from a diverse range of established companies, start-ups and other emerging entrants to the buildings industry in the areas of digital services, software as a service and the Internet of Things. The loss of any individual contract or customer would not have a material adverse effect on the Company.",OK,OK,문단에서 Carrier Global Corporation(CARR)을 JCI의 HVAC 등 사업 분야의 '더 큰 경쟁자(Larger competitors)' 중 하나로 명시적으로 언급함.
CAT↔CMI,COMPETES_WITH,"SEC 10-K: Principal global competitors include Cummins Inc., Deutz AG, Rolls-Royce Power Systems AG and Siemen",,True,,auto_candidate,pending,True,True,1.0,True,auto_candidate,pending,False,True,False,,"이 문단은 Caterpillar가 해양, 석유 및 가스, 산업 및 전력 생산 시스템용 왕복 엔진과 터빈 시장에서 직면하는 경쟁 환경을 설명하기 위해 작성되었습니다. 문단에 따르면 Cummins Inc.는 Caterpillar의 주요 글로벌 경쟁사 중 하나입니다. 두 회사 모두 디젤 및 천연가스 엔진을 제조하며, 건설, 광업, 에너지 산업 등 유사한 시장에서 동력 솔루션을 제공하는 글로벌 선두 기업입니다. Caterpillar는 자사가 서비스하는 다양한 시장에서 Cummins와 경쟁하고 있습니다. 이 문서는 두 회사 간의 구체적인 거래 관계나 협력 관계에 대해서는 언급하지 않습니다. 문서에는 두 회사 간의 공급망 협력 또는 고객-공급업체 관계에 대한 서술이 없습니다.",list|truncated,"Principal global competitors include Cummins Inc., Deutz AG, Rolls-Royce Power Systems AG and Siemens Energy AG. Other competitors, such as Volvo Penta AB, FPT Industrial SpA (Iveco Group), INNIO Group, GE Vernova Inc., Kawasaki Heavy Industries Ltd., Everllence SE (formerly MAN Energy Solutions SE), Weichai Power Co., Ltd., and other emerging market competitors compete in certain markets in which Caterpillar competes.",CAT 10-K FY2025 · Item 1 사업,CAT는 본문에서 'Caterpillar가 경쟁하는 특정 시장'의 주체로 등장합니다. CMI는 주요 글로벌 경쟁사 중 하나로 언급됩니다.,,"CAT: 건설 및 광업 장비, 디젤 및 천연가스 엔진, 산업용 가스 터빈을 제조 및 판매합니다.
중장비 및 엔진 분야의 세계적인 선두 기업으로, 광업, 건설, 에너지 산업에 핵심 장비를 공급합니다.","CMI: 디젤 및 천연가스 엔진, 전기 및 하이브리드 파워트레인과 관련 부품을 설계, 제조, 유통 및 서비스합니다.
상용차, 건설, 광업, 해양 등 다양한 산업 분야에서 동력 솔루션을 제공하는 글로벌 선두 기업입니다.","The competitive environment for reciprocating engines in marine, oil and gas, industrial and electric power generation systems along with turbines in oil and gas and electric power generation consists of a few larger global competitors that compete in a variety of markets that Caterpillar serves, and a substantial number of smaller companies that compete in a limited-size product range, geographic region and/or application. Principal global competitors include Cummins Inc., Deutz AG, Rolls-Royce Power Systems AG and Siemens Energy AG. Other competitors, such as Volvo Penta AB, FPT Industrial SpA (Iveco Group), INNIO Group, GE Vernova Inc., Kawasaki Heavy Industries Ltd., Everllence SE (formerly MAN Energy Solutions SE), Weichai Power Co., Ltd., and other emerging market competitors compete in certain markets in which Caterpillar competes. An additional set of competitors, including Aggreko plc, Generac Holdings Inc., Discovery Energy, LLC (Rehlko, formerly Kohler Energy), Baker Hughes Co., and others, are primarily packagers who source engines and/or other components from domestic and international suppliers and market products regionally and internationally through a variety of distribution channels. In rail-related businesses, our global competitors include Wabtec Corp, Greenbrier Companies, Inc., Voestalpine AG, Vossloh AG, Alstom SA, and Siemens Mobility A/S. We also compete with other companies on a more limited range of products, services and/or geographic regions.",,OK,문단은 CMI를 CAT의 엔진 및 터빈 분야 주요 글로벌 경쟁자로 명시적으로 언급합니다.
CAT↔GEV,COMPETES_WITH,"SEC 10-K: Other competitors, such as Volvo Penta AB, FPT Industrial SpA (Iveco Group), INNIO Group, GE Vernova",,True,,auto_candidate,pending,True,True,1.0,True,auto_candidate,pending,False,True,False,,"이 문단은 Caterpillar가 해양, 석유 및 가스, 산업 및 전력 생산 시스템용 왕복 엔진과 터빈 시장에서 마주하는 경쟁 환경을 설명합니다. 문단에 따르면 GE Vernova Inc.는 Caterpillar가 경쟁하는 특정 시장에서 경쟁하는 ""다른 경쟁사"" 중 하나입니다. Caterpillar는 산업용 가스 터빈을 제조하며, GE Vernova는 전력 생산 및 그리드 솔루션을 제공하므로, 전력 생산 및 에너지 관련 시장에서 두 회사가 경쟁할 가능성이 있음을 시사합니다. 이 문서는 Caterpillar와 GE Vernova가 어떤 구체적인 제품이나 서비스에서 직접적으로 경쟁하는지 자세히 명시하지는 않습니다. 문서에는 두 회사 간의 공급망 협력, 고객-공급업체 관계 또는 합작 투자에 대한 서술이 없습니다.",list|truncated,"Other competitors, such as Volvo Penta AB, FPT Industrial SpA (Iveco Group), INNIO Group, GE Vernova Inc., Kawasaki Heavy Industries Ltd., Everllence SE (formerly MAN Energy Solutions SE), Weichai Power Co., Ltd., and other emerging market competitors compete in certain markets in which Caterpillar competes. An additional set of competitors, including Aggreko plc, Generac Holdings Inc., Discovery Energy, LLC (Rehlko, formerly Kohler Energy), Baker Hughes Co., and others, are primarily packagers who source engines and/or other components from domestic and international suppliers and market products regionally and internationally through a variety of distribution channels.",CAT 10-K FY2025 · Item 1 사업,CAT는 'Caterpillar가 경쟁하는 특정 시장'의 주체로 등장합니다. GEV는 Caterpillar가 경쟁하는 특정 시장의 다른 경쟁사 중 하나로 언급됩니다.,,"CAT: 건설 및 광업 장비, 디젤 및 천연가스 엔진, 산업용 가스 터빈을 제조 및 판매합니다.
중장비 및 엔진 분야의 세계적인 선두 기업으로, 광업, 건설, 에너지 산업에 핵심 장비를 공급합니다.","GEV: 전력을 생산하고, 풍력 터빈 블레이드를 제조하며, 그리드 솔루션, 전력 변환, 태양광 및 저장 솔루션을 제공합니다.
수력, 가스, 원자력 등 다양한 방식으로 전력을 생산하고 재생 에너지 및 전력화 솔루션을 제공하는 에너지 전환 및 전력 시장의 주요 기업입니다.","The competitive environment for reciprocating engines in marine, oil and gas, industrial and electric power generation systems along with turbines in oil and gas and electric power generation consists of a few larger global competitors that compete in a variety of markets that Caterpillar serves, and a substantial number of smaller companies that compete in a limited-size product range, geographic region and/or application. Principal global competitors include Cummins Inc., Deutz AG, Rolls-Royce Power Systems AG and Siemens Energy AG. Other competitors, such as Volvo Penta AB, FPT Industrial SpA (Iveco Group), INNIO Group, GE Vernova Inc., Kawasaki Heavy Industries Ltd., Everllence SE (formerly MAN Energy Solutions SE), Weichai Power Co., Ltd., and other emerging market competitors compete in certain markets in which Caterpillar competes. An additional set of competitors, including Aggreko plc, Generac Holdings Inc., Discovery Energy, LLC (Rehlko, formerly Kohler Energy), Baker Hughes Co., and others, are primarily packagers who source engines and/or other components from domestic and international suppliers and market products regionally and internationally through a variety of distribution channels. In rail-related businesses, our global competitors include Wabtec Corp, Greenbrier Companies, Inc., Voestalpine AG, Vossloh AG, Alstom SA, and Siemens Mobility A/S. We also compete with other companies on a more limited range of products, services and/or geographic regions.",,OK,문단은 GEV를 CAT가 경쟁하는 특정 시장의 경쟁자로 명시적으로 언급합니다.
CAT↔GNRC,COMPETES_WITH,"SEC 10-K: An additional set of competitors, including Aggreko plc, Generac Holdings Inc., Discovery Energy, LL",,True,,auto_candidate,pending,True,True,1.0,True,auto_candidate,pending,False,True,False,,"이 문단은 Caterpillar가 해양, 석유 및 가스, 산업 및 전력 생산 시스템용 왕복 엔진과 터빈 시장에서 마주하는 경쟁 환경을 설명합니다. 문단에 따르면 Generac Holdings Inc.는 Caterpillar의 ""추가적인 경쟁사"" 그룹에 속합니다. Generac은 주로 국내외 공급업체로부터 엔진 및/또는 기타 구성 요소를 조달하여 제품을 시장에 판매하는 ""패키저""로 설명됩니다. 이는 Generac이 Caterpillar의 최종 제품과 경쟁할 수 있지만, 동시에 Caterpillar가 생산하는 것과 유사한 엔진을 다른 공급업체로부터 조달할 수도 있음을 시사합니다. Generac의 프로필은 전력 생산 장비를 제조한다고 명시하며, 이는 Caterpillar의 엔진 및 터빈 사업과 겹치는 시장에서 간접적으로 경쟁함을 나타냅니다. 문서에는 Caterpillar가 Generac에 엔진을 공급하는지 여부나 직접적인 고객-공급업체 관계에 대한 서술은 없습니다.",indirect|list|truncated,"An additional set of competitors, including Aggreko plc, Generac Holdings Inc., Discovery Energy, LLC (Rehlko, formerly Kohler Energy), Baker Hughes Co., and others, are primarily packagers who source engines and/or other components from domestic and international suppliers and market products regionally and internationally through a variety of distribution channels. In rail-related businesses, our global competitors include Wabtec Corp, Greenbrier Companies, Inc., Voestalpine AG, Vossloh AG, Alstom SA, and Siemens Mobility A/S.",CAT 10-K FY2025 · Item 1 사업,CAT 미등장. GNRC는 엔진 및/또는 기타 부품을 조달하여 제품을 시장에 판매하는 추가적인 경쟁사 중 하나로 언급됩니다.,,"CAT: 건설 및 광업 장비, 디젤 및 천연가스 엔진, 산업용 가스 터빈을 제조 및 판매합니다.
중장비 및 엔진 분야의 세계적인 선두 기업으로, 광업, 건설, 에너지 산업에 핵심 장비를 공급합니다.","GNRC: 전 세계적으로 주거용, 경상업용 및 산업용 전력 생산 장비, 에너지 저장 시스템 및 기타 전력 제품을 설계, 제조, 판매합니다.
자동 비상 발전기 및 Mobile Link와 같은 원격 모니터링 솔루션을 제공하며, 분산형 전력 및 에너지 저장 시스템 시장의 주요 공급업체입니다.","The competitive environment for reciprocating engines in marine, oil and gas, industrial and electric power generation systems along with turbines in oil and gas and electric power generation consists of a few larger global competitors that compete in a variety of markets that Caterpillar serves, and a substantial number of smaller companies that compete in a limited-size product range, geographic region and/or application. Principal global competitors include Cummins Inc., Deutz AG, Rolls-Royce Power Systems AG and Siemens Energy AG. Other competitors, such as Volvo Penta AB, FPT Industrial SpA (Iveco Group), INNIO Group, GE Vernova Inc., Kawasaki Heavy Industries Ltd., Everllence SE (formerly MAN Energy Solutions SE), Weichai Power Co., Ltd., and other emerging market competitors compete in certain markets in which Caterpillar competes. An additional set of competitors, including Aggreko plc, Generac Holdings Inc., Discovery Energy, LLC (Rehlko, formerly Kohler Energy), Baker Hughes Co., and others, are primarily packagers who source engines and/or other components from domestic and international suppliers and market products regionally and internationally through a variety of distribution channels. In rail-related businesses, our global competitors include Wabtec Corp, Greenbrier Companies, Inc., Voestalpine AG, Vossloh AG, Alstom SA, and Siemens Mobility A/S. We also compete with other companies on a more limited range of products, services and/or geographic regions.",,OK,문단은 GNRC를 CAT가 서비스하는 전력 생산 시장에서 엔진 및 부품을 조달하여 제품을 판매하는 경쟁자로 명시적으로 언급합니다.
CAT↔WAB,COMPETES_WITH,"SEC 10-K: Our primary competition for locomotives is Progress Rail, owned by a subsidiary of Caterpillar.",기관차,True,,pending,pending,False,True,1.0,True,pending,pending,False,False,False,기관차,"이 문단은 Wabtec Corp.의 경쟁 환경을 설명하며, 제품 라인 및 지역별로 다양한 경쟁사를 언급합니다. 문단에 따르면 Wabtec은 기관차 시장에서 Caterpillar의 자회사가 소유한 Progress Rail을 주요 경쟁자로 명시합니다. 이는 Caterpillar의 자회사가 기관차 분야에서 Wabtec과 직접적으로 경쟁하고 있음을 의미합니다. Caterpillar는 중장비 및 엔진 분야의 선두 기업이며, Wabtec은 철도 산업을 위한 기술 기반 장비 및 시스템을 제공하여 두 회사가 철도 관련 시장에서 겹치는 경쟁 영역을 가지고 있음을 보여줍니다. 문서에는 Wabtec이 Caterpillar 또는 그 자회사로부터 부품을 공급받거나, 두 회사 간의 다른 형태의 협력 관계에 대한 서술이 없습니다.",target_absent,"Our primary competition for locomotives is Progress Rail, owned by a subsidiary of Caterpillar. Our primary competition for freight and passenger transit service and repair is mostly from the railroads’ and passenger transit authorities’ in-house operations and Knorr.",WAB 10-K FY2025 · Item 1 사업,CAT는 경쟁사인 Progress Rail의 자회사 소유주로 언급됩니다. WAB 미등장.,근거 문장에 상대 종목 미등장 — 관계 근거로 불충분,"CAT: 건설 및 광업 장비, 디젤 및 천연가스 엔진, 산업용 가스 터빈을 제조 및 판매합니다.
중장비 및 엔진 분야의 세계적인 선두 기업으로, 광업, 건설, 에너지 산업에 핵심 장비를 공급합니다.","WAB: 화물 및 여객 철도 산업을 위한 기술 기반 장비, 시스템 및 서비스를 전 세계적으로 제공합니다.
철도 산업용 부품, 전자 장치 및 솔루션 분야의 선도적인 글로벌 공급업체입니다.","Our principal competitors vary across product lines and geographies. Within North America, New York Air Brake Company, a subsidiary of the German air brake producer Knorr-Bremse AG (“Knorr”) and Amsted Rail Company, Inc., a subsidiary of Amsted Industries Corporation, are our principal overall OEM competitors. Our primary competition for locomotives is Progress Rail, owned by a subsidiary of Caterpillar. Our primary competition for freight and passenger transit service and repair is mostly from the railroads’ and passenger transit authorities’ in-house operations and Knorr. We believe our key strengths, strategic partnerships and operational excellence, coupled with an experienced management team, enable us to compete effectively in this marketplace. Outside of North America, Knorr is our main competitor, although not in every product line or geography. In addition, our competitors often include smaller, local suppliers in most international markets. Depending on the product line and geography, we can also compete with our customers, such as CRRC Corporation Limited, a China-based manufacturer of rolling stock.",,OK,문단은 CAT의 자회사인 Progress Rail이 WAB의 기관차 사업 부문의 주요 경쟁자임을 명시적으로 언급합니다.
CBOE↔CME,COMPETES_WITH,"SEC 10-K: Our competitors include, among other entities, exchanges such as Intercontinental Exchange, Inc. (IC",금융 거래소,True,,pending,pending,False,True,0.9,True,pending,pending,False,True,False,금융·결제·거래소,"이 문단은 CME Group이 전 세계적으로 확장되는 금융 서비스 거래, 청산 및 결제 시장에서 직면하는 경쟁 환경을 설명하기 위해 작성되었습니다. 문단에 따르면 Cboe Global Markets (Cboe)는 CME Group의 주요 경쟁사 중 하나입니다. 두 회사 모두 옵션 및 선물 계약 거래를 위한 시장을 운영하며, 다양한 파생상품 및 증권 거래 플랫폼을 제공하는 글로벌 거래소 운영 기업입니다. 따라서 Cboe는 CME Group과 전반적인 금융 파생상품 거래 시장에서 직접적으로 경쟁 관계에 있습니다. 문서에는 두 회사 간의 협력 관계, 고객-공급업체 관계 또는 합작 투자에 대한 서술이 없습니다.",list|target_absent|truncated,"Our competitors include, among other entities, exchanges such as Intercontinental Exchange, Inc. (ICE), Cboe Global Markets (Cboe), Euronext N.V., the Hong Kong Exchanges and Clearing Limited (HKEX), and Deutsche Börse AG. We also face competition from new entrants into the marketplace, including newly launched FMX Futures Exchange, as well as digital asset platforms and emerging prediction markets.",CME 10-K FY2025 · Item 1A 위험,CBOE는 당사의 경쟁사 중 하나인 거래소로 언급됩니다. CME 미등장.,근거 문장에 상대 종목 미등장 — 관계 근거로 불충분,"CBOE: 전 세계적으로 옵션, 주식, 선물 및 외환 거래를 위한 계약 시장을 운영합니다.
다양한 파생상품 및 증권 거래를 위한 플랫폼을 제공하는 글로벌 거래소 운영 기업입니다.","CME: 전 세계적으로 선물 및 옵션 계약 거래를 위한 시장을 운영하며, 청산 및 리스크 관리 서비스를 제공합니다.
금리, 주식 지수, 외환, 상품 등 다양한 파생상품 거래의 글로벌 중심지 역할을 합니다.","We compete in a large and expanding financial services trading, clearing and settlement marketplace globally. Our competitors include, among other entities, exchanges such as Intercontinental Exchange, Inc. (ICE), Cboe Global Markets (Cboe), Euronext N.V., the Hong Kong Exchanges and Clearing Limited (HKEX), and Deutsche Börse AG. We also face competition from new entrants into the marketplace, including newly launched FMX Futures Exchange, as well as digital asset platforms and emerging prediction markets. Competition also includes alternative means of developing exposures through alternative instruments (depending on market factors) such as cash, OTC, ETFs, options, warrants, contracts for differences, structured products and other offerings and incorporates large customer and channel internalization of trade flows and data. New emerging competitors have targeted different segments of our industry, with multiple execution models and products, and emerging technologies will continue to offer additional alternative products in the future. Competition in our industry continues to be dynamic, and recent developments and alliances may result in a growing number of well-capitalized trading service providers that compete with all or a portion of our business.",,OK,문단은 CME의 경쟁자 목록에 CBOE를 명시적으로 포함합니다.
CCL↔NCLH,COMPETES_WITH,"SEC 10-K: Based on 2025 Cruise Industry News statistics, as of December 31, 2025, we, along with our principal",크루즈 산업,True,,pending,pending,True,True,0.3,True,pending,pending,False,False,False,여행·숙박·크루즈,"이 문단은 Carnival Corporation이 전 세계 휴가 시장, 특히 크루즈 산업 내에서 직면하는 경쟁 환경을 설명하기 위해 작성되었습니다. 문단에 따르면 Norwegian Cruise Line Holdings, Ltd.는 Carnival Corporation의 주요 크루즈 경쟁사 중 하나입니다. 두 회사 모두 다양한 크루즈 브랜드를 통해 전 세계적인 레저 여행 서비스를 제공하는 글로벌 크루즈 회사입니다. Carnival과 Norwegian Cruise Line Holdings는 함께 Royal Caribbean Group 및 MSC Cruises와 더불어 전 세계 크루즈 산업 총 수용 능력의 약 80%를 차지하는 주요 경쟁 구도를 형성하고 있습니다. 문서에는 두 회사 간의 협력, 공급망 관계 또는 합작 투자에 대한 서술이 없습니다.",truncated,"Based on 2025 Cruise Industry News statistics, as of December 31, 2025, we, along with our principal cruise competitors Royal Caribbean Group, Norwegian Cruise Line Holdings, Ltd. and MSC Cruises, represented approximately 80% of the cruise industry capacity. 
C.",CCL 10-K FY2025 · Item 1 사업,"CCL은 '우리(we)'로 지칭되며, 주요 크루즈 경쟁사들과 함께 산업 수용 능력의 상당 부분을 차지하는 주체로 등장합니다. NCLH는 CCL의 주요 크루즈 경쟁사 중 하나로 언급됩니다.",,"CCL: 다양한 크루즈 브랜드를 통해 전 세계 약 700개 항구를 방문하는 레저 여행 서비스를 제공합니다.
세계 최대의 크루즈 여행 기업으로, 여러 유명 브랜드를 운영하며 글로벌 크루즈 시장을 선도합니다.","NCLH: 노르웨이지안 크루즈 라인, 오세아니아 크루즈 등 다양한 브랜드를 통해 크루즈 여행 상품을 운영합니다.
북미, 유럽, 아시아-태평양 등 전 세계적으로 다양한 목적지의 크루즈 서비스를 제공하는 선도적인 글로벌 크루즈 회사입니다.","The global cruise industry is a relatively small part of the global vacation market. We compete with land-based vacation alternatives throughout the world, such as hotels, resorts (including all-inclusive resorts), theme parks, organized tours, casinos, vacation ownership properties, and other internet-based alternative lodging sites. Based on 2025 Cruise Industry News statistics, as of December 31, 2025, we, along with our principal cruise competitors Royal Caribbean Group, Norwegian Cruise Line Holdings, Ltd. and MSC Cruises, represented approximately 80% of the cruise industry capacity.",,OK,문단은 NCLH를 CCL의 주요 크루즈 경쟁자 중 하나로 명시적으로 언급합니다.
CCL↔RCL,COMPETES_WITH,"SEC 10-K: Based on 2025 Cruise Industry News statistics, as of December 31, 2025, we, along with our principal",크루즈 산업,True,,pending,pending,False,True,0.4,True,pending,pending,False,False,False,여행·숙박·크루즈,"이 문단은 Carnival Corporation이 전 세계 휴가 시장, 특히 크루즈 산업 내에서 직면하는 경쟁 환경을 설명하기 위해 작성되었습니다. 문단에 따르면 Royal Caribbean Group은 Carnival Corporation의 주요 크루즈 경쟁사 중 하나입니다. 두 회사 모두 다양한 브랜드를 통해 전 세계 크루즈 여행 서비스를 제공하는 주요 글로벌 크루즈 회사입니다. Carnival과 Royal Caribbean Group은 Norwegian Cruise Line Holdings 및 MSC Cruises와 함께 전 세계 크루즈 산업 총 수용 능력의 약 80%를 차지하며 치열하게 경쟁하고 있습니다. 문서에는 두 회사 간의 협력, 공급망 관계 또는 합작 투자에 대한 서술이 없습니다.",target_absent|truncated,"Based on 2025 Cruise Industry News statistics, as of December 31, 2025, we, along with our principal cruise competitors Royal Caribbean Group, Norwegian Cruise Line Holdings, Ltd. and MSC Cruises, represented approximately 80% of the cruise industry capacity. 
C.",CCL 10-K FY2025 · Item 1 사업,"CCL은 '우리(we)'로 지칭되며, 주요 크루즈 경쟁사들과 함께 산업 수용 능력의 상당 부분을 차지하는 주체로 등장합니다. RCL은 CCL의 주요 크루즈 경쟁사 중 하나로 언급됩니다.",근거 문장에 상대 종목 미등장 — 관계 근거로 불충분,"CCL: 다양한 크루즈 브랜드를 통해 전 세계 약 700개 항구를 방문하는 레저 여행 서비스를 제공합니다.
세계 최대의 크루즈 여행 기업으로, 여러 유명 브랜드를 운영하며 글로벌 크루즈 시장을 선도합니다.","RCL: 'Royal Caribbean International', 'Celebrity Cruises' 등 여러 브랜드를 통해 전 세계 약 1,000개 기항지를 운항하는 크루즈 서비스를 제공합니다.
전 세계 크루즈 산업에서 61척의 선박을 운영하는 주요 글로벌 크루즈 회사 중 하나입니다.","The global cruise industry is a relatively small part of the global vacation market. We compete with land-based vacation alternatives throughout the world, such as hotels, resorts (including all-inclusive resorts), theme parks, organized tours, casinos, vacation ownership properties, and other internet-based alternative lodging sites. Based on 2025 Cruise Industry News statistics, as of December 31, 2025, we, along with our principal cruise competitors Royal Caribbean Group, Norwegian Cruise Line Holdings, Ltd. and MSC Cruises, represented approximately 80% of the cruise industry capacity.",,OK,문단은 RCL을 CCL의 주요 크루즈 경쟁자 중 하나로 명시적으로 언급합니다.
CDNS↔CTVA,COMPETES_WITH,"SEC 10-K: U.S.-based competitors include Keysight Technologies, Inc., Schrödinger, Inc., and CEVA, Inc., while",,False,COMPETES_WITH,pending,pending,False,True,0.0,True,noise_self_contradiction,pending,True,True,False,,"이 문단은 Cadence Design Systems가 전자 설계 자동화(EDA) 산업에서 직면하는 경쟁 환경을 설명합니다. Cadence Design Systems는 집적회로 설계 및 검증을 위한 소프트웨어와 하드웨어 등을 제공합니다. 그러나 주어진 문단에서 Corteva, Inc.는 경쟁사 목록은 물론, 다른 어떤 형태로도 전혀 언급되지 않습니다. Corteva, Inc.는 농업 사업을 영위하며 종자와 작물 보호 제품을 개발하고 공급하는 회사입니다. 따라서 문서에는 Cadence Design Systems와 Corteva, Inc. 간의 경쟁 관계, 공급망 관계, 고객-공급업체 관계 또는 기타 협력 관계에 대한 어떠한 서술도 없습니다. 이들 회사는 주어진 정보에 따르면 서로 다른 산업 분야에 속해 있습니다.",list|m&a|target_absent|truncated,"U.S.-based competitors include Keysight Technologies, Inc., Schrödinger, Inc., and CEVA, Inc., while international competitors include Altium Limited (acquired by Renesas Electronics Corporation) and Zuken, Inc. (Japan) and emerging players in China such as Huada Empyrean, Xpeedic Technology, X-EPIC, Primarius Technologies, Univista, and Giga Design Automation. Additionally, some competitors have pursued acquisitions, partnerships, or strategic alliances, potentially enhancing their competitive positioning.
In the engineering services business, competitive dynamics differ from those in the product business.",CDNS 10-K FY2025 · Item 7 MD&A,CDNS 미등장. CTVA 미등장.,근거 문장에 상대 종목 미등장 — 관계 근거로 불충분,"CDNS: 집적회로(IC) 설계 및 검증을 위한 소프트웨어, 하드웨어, 서비스 및 재사용 가능한 설계 블록을 제공합니다.
전자 설계 자동화(EDA) 산업의 선두 주자로서, 반도체 및 시스템 설계 기술 혁신을 지원합니다.","CTVA: 농업 사업을 영위하며 종자 및 작물 보호 제품을 개발하고 공급합니다.
씨앗 부문에서 최적의 수확량을 위한 유전자원 및 형질을 제공하며, 작물 보호 부문에서는 제초제, 살충제, 살균제를 판매합니다.","Our competitors range from large, established providers to smaller, specialized firms, emerging companies, and internal design teams within major technology corporations. Key competitors include Synopsys, Inc., Ansys, Inc. (acquired by Synopsys), Siemens EDA, and a variety of other tool providers, electronics device manufacturers with in-house EDA capabilities, technical and computational software companies, electronics design and consulting firms, and IP companies. U.S.-based competitors include Keysight Technologies, Inc., Schrödinger, Inc., and CEVA, Inc., while international competitors include Altium Limited (acquired by Renesas Electronics Corporation) and Zuken, Inc. (Japan) and emerging players in China such as Huada Empyrean, Xpeedic Technology, X-EPIC, Primarius Technologies, Univista, and Giga Design Automation. Additionally, some competitors have pursued acquisitions, partnerships, or strategic alliances, potentially enhancing their competitive positioning.",CHANGE:SUPPLIES_TO,DROP,"두 회사는 완전히 다른 산업군에 속하며, 문단은 CDNS의 경쟁사에 대해 설명하지만 CTVA를 언급하지 않습니다."
CDNS↔KEYS,COMPETES_WITH,"SEC 10-K: U.S.-based competitors include Keysight Technologies, Inc., Schrödinger, Inc., and CEVA, Inc., while",,True,,auto_candidate,pending,True,True,1.0,True,auto_candidate,pending,False,True,False,,"이 문단은 Cadence(CDNS)가 자사의 경쟁 환경을 설명하기 위해 작성한 대목으로, Cadence가 직면한 다양한 경쟁사들을 나열하고 있다. Cadence는 Keysight Technologies, Inc.(KEYS)를 자사의 미국 기반 경쟁사 중 하나로 명시하고 있다. 두 회사 모두 전자 설계 자동화(EDA) 소프트웨어 및 솔루션을 제공하는 기업이다. Cadence는 IC 설계 및 검증 솔루션을, Keysight는 EDA 소프트웨어 및 테스트 솔루션을 다양한 산업에 공급한다. 따라서 이들은 EDA 시장에서 유사한 제품 및 서비스를 제공하며 경쟁 관계에 있다. 문서에는 두 회사 간의 직접적인 거래나 협력 관계에 대한 서술은 없다.",list|truncated,"U.S.-based competitors include Keysight Technologies, Inc., Schrödinger, Inc., and CEVA, Inc., while international competitors include Altium Limited (acquired by Renesas Electronics Corporation) and Zuken, Inc. (Japan) and emerging players in China such as Huada Empyrean, Xpeedic Technology, X-EPIC, Primarius Technologies, Univista, and Giga Design Automation. Additionally, some competitors have pursued acquisitions, partnerships, or strategic alliances, potentially enhancing their competitive positioning.
In the engineering services business, competitive dynamics differ from those in the product business.",CDNS 10-K FY2025 · Item 7 MD&A,CDNS는 해당 문장에서 경쟁사들을 나열하는 주체로 암시됩니다. KEYS는 CDNS의 미국 기반 경쟁사 중 하나로 등장합니다.,,"CDNS: 집적회로(IC) 설계 및 검증을 위한 소프트웨어, 하드웨어, 서비스 및 재사용 가능한 설계 블록을 제공합니다.
전자 설계 자동화(EDA) 산업의 선두 주자로서, 반도체 및 시스템 설계 기술 혁신을 지원합니다.","KEYS: 전자 설계 자동화(EDA) 소프트웨어, 무선 주파수 및 마이크로웨이브 테스트 솔루션, 네트워크 테스트 플랫폼을 제공합니다.
상업용 통신, 네트워킹, 항공우주, 국방 등 다양한 산업에 전자 설계 및 테스트 솔루션을 공급하는 글로벌 기업입니다.","Our competitors range from large, established providers to smaller, specialized firms, emerging companies, and internal design teams within major technology corporations. Key competitors include Synopsys, Inc., Ansys, Inc. (acquired by Synopsys), Siemens EDA, and a variety of other tool providers, electronics device manufacturers with in-house EDA capabilities, technical and computational software companies, electronics design and consulting firms, and IP companies. U.S.-based competitors include Keysight Technologies, Inc., Schrödinger, Inc., and CEVA, Inc., while international competitors include Altium Limited (acquired by Renesas Electronics Corporation) and Zuken, Inc. (Japan) and emerging players in China such as Huada Empyrean, Xpeedic Technology, X-EPIC, Primarius Technologies, Univista, and Giga Design Automation. Additionally, some competitors have pursued acquisitions, partnerships, or strategic alliances, potentially enhancing their competitive positioning.",,OK,"문단에서 CDNS의 경쟁사에 Keysight Technologies, Inc.가 명시적으로 언급되어 있습니다."
CDNS↔SNPS,COMPETES_WITH,"SEC 10-K: Key competitors include Synopsys, Inc., Ansys, Inc. (acquired by Synopsys), Siemens EDA, and a varie",전자 설계 자동화 (EDA),True,,auto_candidate,pending,True,True,1.0,True,auto_candidate,pending,False,True,False,전자 설계 자동화 (EDA),"이 문단은 Cadence(CDNS)가 자사의 사업 환경, 특히 경쟁자들을 설명하기 위해 작성한 대목이다. Cadence는 Synopsys, Inc.(SNPS)를 자사의 핵심 경쟁사 중 하나로 명확히 언급하고 있다. 두 회사 모두 전자 설계 자동화(EDA) 산업의 선두 주자로서, 집적회로(IC) 설계 및 검증을 위한 소프트웨어와 솔루션을 제공한다. Synopsys는 특히 디지털 설계 및 검증 시장과 IP 솔루션 분야를 선도하며, Cadence와 유사한 제품 및 서비스를 통해 시장에서 직접적으로 경쟁한다. 문단은 Synopsys가 Ansys를 인수한 사실을 언급하지만, 두 회사 간의 직접적인 거래나 협력 관계에 대한 서술은 없다.",list|m&a|truncated,"Key competitors include Synopsys, Inc., Ansys, Inc. (acquired by Synopsys), Siemens EDA, and a variety of other tool providers, electronics device manufacturers with in-house EDA capabilities, technical and computational software companies, electronics design and consulting firms, and IP companies. U.S.-based competitors include Keysight Technologies, Inc., Schrödinger, Inc., and CEVA, Inc., while international competitors include Altium Limited (acquired by Renesas Electronics Corporation) and Zuken, Inc.",CDNS 10-K FY2025 · Item 7 MD&A,"CDNS는 해당 문장에서 경쟁사들을 나열하는 주체로 암시됩니다. SNPS는 CDNS의 주요 경쟁사 중 하나로 등장하며 Ansys, Inc.를 인수한 회사로 언급됩니다.",업계 M&A 나열 — 두 종목 직접 관계 서술인지 확인,"CDNS: 집적회로(IC) 설계 및 검증을 위한 소프트웨어, 하드웨어, 서비스 및 재사용 가능한 설계 블록을 제공합니다.
전자 설계 자동화(EDA) 산업의 선두 주자로서, 반도체 및 시스템 설계 기술 혁신을 지원합니다.","SNPS: 집적회로 설계 및 테스트에 사용되는 전자 설계 자동화(EDA) 소프트웨어 제품을 제공합니다.
퓨전 디자인 플랫폼과 검증 컨티넘 플랫폼을 통해 디지털 설계 및 검증 시장을 선도하며 IP 솔루션도 공급합니다.","Our competitors range from large, established providers to smaller, specialized firms, emerging companies, and internal design teams within major technology corporations. Key competitors include Synopsys, Inc., Ansys, Inc. (acquired by Synopsys), Siemens EDA, and a variety of other tool providers, electronics device manufacturers with in-house EDA capabilities, technical and computational software companies, electronics design and consulting firms, and IP companies. U.S.-based competitors include Keysight Technologies, Inc., Schrödinger, Inc., and CEVA, Inc., while international competitors include Altium Limited (acquired by Renesas Electronics Corporation) and Zuken, Inc. (Japan) and emerging players in China such as Huada Empyrean, Xpeedic Technology, X-EPIC, Primarius Technologies, Univista, and Giga Design Automation. Additionally, some competitors have pursued acquisitions, partnerships, or strategic alliances, potentially enhancing their competitive positioning.",,OK,"문단에서 CDNS의 주요 경쟁사에 Synopsys, Inc.가 명시적으로 언급되어 있습니다."
CHTR↔T,COMPETES_WITH,"SEC 10-K: Our mobile service faces competition from national mobile network operators (“MNOs”) including AT&T,",모바일 서비스,True,,auto_candidate,pending,True,True,1.0,True,auto_candidate,pending,False,False,True,기타,"이 문단은 Charter(CHTR)가 자사의 모바일 서비스가 직면한 경쟁 환경을 설명하기 위해 작성한 대목이다. Charter는 자사의 모바일 서비스가 AT&T(T)와 같은 전국 이동통신망 사업자(MNO)들과 경쟁한다고 밝히고 있다. Charter는 광대역, 인터넷, 음성 및 모바일 서비스를 제공하며, AT&T는 전 세계적으로 무선 및 유선 통신 서비스를 주력으로 한다. 두 회사는 모바일 서비스 시장에서 5G 서비스 확장 및 컨버지드 연결 서비스 제공을 통해 직접적으로 경쟁하는 관계이다. 문서에는 두 회사 간의 직접적인 거래나 협력 관계에 대한 서술은 없다.",truncated,"Further acquisition of additional spectrum by our competitors as a result of secondary sales or auction of additional spectrum would intensify these competitive pressures.
Mobile Competition
Our mobile service faces competition from national mobile network operators (“MNOs”) including AT&T, Verizon and T-Mobile, as well as a variety of regional operators and mobile virtual network operators. Most carriers offer unlimited data packages to customers and combine free or highly discounted devices based on rate plans selected.",CHTR 10-K FY2025 · Item 1 사업,CHTR은 'Our mobile service'의 'Our'를 통해 이동통신 서비스를 제공하는 회사로 암시됩니다. T는 CHTR의 이동통신 서비스 경쟁사 중 하나인 AT&T의 심볼로 등장합니다.,,"CHTR: 미국 주거 및 상업 고객에게 광대역 연결, 비디오, 인터넷, 음성 및 모바일 서비스를 제공합니다.
미국 내 주요 케이블 및 광대역 통신 사업자로, 다양한 통합 통신 솔루션을 제공합니다.","T: 전 세계적으로 통신, 미디어 및 기술 서비스를 제공하며, 무선 및 유선 통신 서비스를 주력으로 합니다.
기업 및 일반 소비자를 대상으로 광범위한 통신 및 데이터 솔루션을 제공하는 글로벌 선두 기업입니다.","Our mobile service faces competition from national mobile network operators (“MNOs”) including AT&T, Verizon and T-Mobile, as well as a variety of regional operators and mobile virtual network operators. Most carriers offer unlimited data packages to customers and combine free or highly discounted devices based on rate plans selected. The MNOs also offer wireless Internet services delivered over networks that they continue to enhance to deliver faster speeds. AT&T, Verizon and T-Mobile continue to expand 5G mobile services, and consolidations in the telecom industry continue to increase competition as they seek to offer converged connectivity services similar to ours. We also compete for retail activations with other resellers that buy bulk wholesale service from wireless service providers for resale.",,OK,문단에서 CHTR의 모바일 서비스 경쟁사에 AT&T (T)가 명시적으로 언급되어 있습니다.
CHTR↔TMUS,COMPETES_WITH,"SEC 10-K: In addition, our wireless communications services competitors include numerous smaller and regional ",무선 통신 서비스,True,,pending,pending,False,True,0.8,True,pending,pending,False,False,False,통신·네트워크,"이 문단은 T-Mobile(TMUS)가 자사의 경쟁 환경을 설명하기 위해 작성한 대목으로, 특히 무선 통신 서비스 및 광대역 서비스 경쟁자들을 명시한다. T-Mobile은 자사의 무선 통신 서비스 경쟁사 중 하나로 Charter Communications, Inc.(CHTR)를 명시하고 있다. T-Mobile은 미국 내 주요 이동통신사로서 무선 통신 서비스를 제공하며, Charter는 광대역, 인터넷 및 모바일 서비스를 제공하는 주요 통신 사업자이다. 두 회사는 무계약, 후불 및 선불 서비스 요금제를 포함한 무선 통신 서비스 시장에서 직접적으로 경쟁하는 관계이다. 문서에는 두 회사 간의 직접적인 거래나 협력 관계에 대한 서술은 없다.",target_absent|truncated,"In addition, our wireless communications services competitors include numerous smaller and regional providers, including Charter Communications, Inc., Comcast Corporation, EchoStar Corporation (“EchoStar”), Cox Communications, Inc., and Altice USA, Inc., many of which offer no-contract, postpaid and prepaid service plans. Competitors also include providers who offer similar communication services, such as voice, messaging and data services, using alternative technologies.",TMUS 10-K FY2025 · Item 7 MD&A,CHTR은 'wireless communications services competitors' 중 하나로 등장합니다. TMUS 미등장.,근거 문장에 상대 종목 미등장 — 관계 근거로 불충분,"CHTR: 미국 주거 및 상업 고객에게 광대역 연결, 비디오, 인터넷, 음성 및 모바일 서비스를 제공합니다.
미국 내 주요 케이블 및 광대역 통신 사업자로, 다양한 통합 통신 솔루션을 제공합니다.","TMUS: 미국, 푸에르토리코, 미국령 버진 아일랜드에서 모바일 통신 서비스를 제공합니다.
'T-Mobile' 및 'Metro by T-Mobile' 브랜드를 통해 후불, 선불 시장에서 광범위한 무선 통신 솔루션을 제공하는 주요 이동통신사입니다.","The telecommunications industry remains competitive. We are the second largest provider of wireless communications services in the U.S. as measured by our total postpaid and prepaid customers. Our wireless communications services competitors include other carriers, such as AT&T Inc. (“AT&T”) and Verizon Communications, Inc. (“Verizon”). In addition, our wireless communications services competitors include numerous smaller and regional providers, including Charter Communications, Inc., Comcast Corporation, EchoStar Corporation (“EchoStar”), Cox Communications, Inc., and Altice USA, Inc., many of which offer no-contract, postpaid and prepaid service plans. Competitors also include providers who offer similar communication services, such as voice, messaging and data services, using alternative technologies. In addition to our wireless communications services, our broadband services compete against other broadband providers, including Cable, DSL and other Fiber broadband providers, other fixed wireless solutions, including AT&T and Verizon’s fixed wireless products, and satellite internet providers. Competitive factors within the telecommunications industry include promotions, pricing, market saturation, service and product offerings, customer experience, network investment and quality, development and deployment of technologies and changes in the regulatory environment that may affect market entry, pricing practices and network investment. Some of our competitors have shown a willingness to use discounted pricing or offer bundled services as a potential source of differentiation.",,OK,"문단에서 TMUS의 무선 통신 서비스 경쟁사에 Charter Communications, Inc. (CHTR)가 명시적으로 언급되어 있습니다."
CI↔GEHC,COMPETES_WITH,"SEC 10-K: However, we continue to monitor developments in the China market, including increased competition fr",,True,,pending,pending,False,True,0.3,True,pending,pending,False,False,False,,"이 문단은 GE HealthCare(GEHC)가 중국 시장에서의 사업 환경과 도전을 설명하기 위해 작성한 대목이다. 문단은 GE HealthCare가 중국 시장에서 현지 기업들과의 경쟁 심화에 직면하고 있다고 언급한다. 그러나 Cigna(CI)는 미국에서 의료, 약국, 보험 서비스를 제공하는 기업이며, GE HealthCare는 전 세계적으로 의료 진단 및 치료 기술을 제공하는 기업이다. 문단은 Cigna가 GE HealthCare의 중국 현지 경쟁사 중 하나라고 직접적으로 명시하지 않았으며, 두 회사의 프로필을 보더라도 제품 및 서비스 영역이 다르다. 따라서 이 문단에 따르면 두 회사 간의 직접적인 경쟁 관계는 서술되어 있지 않다. 문서에는 두 회사 간의 어떠한 거래나 협력 관계에 대한 서술도 없다.",target_absent|truncated,"However, we continue to monitor developments in the China market, including increased competition from local companies and the prevalence of Volume Based Procurement policies, both of which have impacted our orders and revenues and may continue to do so.
Russia and Ukraine Conflict
We had $214 million and $162 million of assets in, or directly related to, Russia and Ukraine as of December 31, 2025 and December 31, 2024, respectively, none of which are subject to sanctions that impact the carrying value of the assets. We generated revenues of $353 million and $363 million from customers in these two countries for the years ended December 31, 2025 and 2024, respectively.",GEHC 10-K FY2025 · Item 1A 위험,CI는 해당 문장에서 중국 시장의 경쟁 상황을 모니터링하고 러시아와 우크라이나에 자산 및 매출을 보고하는 'we' 또는 'our'로 암시됩니다. GEHC 미등장.,근거 문장에 상대 종목 미등장 — 관계 근거로 불충분,"CI: 미국에서 의료, 약국, 행동 건강, 치과 보험 및 관련 제품과 서비스를 제공합니다.
에버노스(Evernorth)와 시그나 헬스케어(Cigna Healthcare)를 통해 통합 건강 서비스 및 보험 솔루션을 제공하는 주요 기업입니다.","GEHC: 전 세계적으로 환자 진단, 치료 및 모니터링에 사용되는 제품, 서비스 및 디지털 솔루션을 개발, 제조, 판매합니다.
영상 진단, 초음파, 환자 치료 솔루션 및 제약 진단 분야에서 혁신적인 기술을 제공하는 글로벌 헬스케어 기술 시장의 선두 기업입니다.","We believe the focus of government policy in China is on expanding access to healthcare. In addition, our investments to address clinical needs, localization, and commercial infrastructure should benefit our business in China in the long term. However, we continue to monitor developments in the China market, including increased competition from local companies and the prevalence of Volume Based Procurement policies, both of which have impacted our orders and revenues and may continue to do so.",,DROP,"두 회사는 각각 의료 보험과 의료 기기/기술 솔루션으로 다른 산업군에 속하며, 문단은 GEHC의 중국 시장 내 경쟁을 서술할 뿐 CI와의 관계를 명시하지 않습니다."
CMCSA↔TMUS,COMPETES_WITH,"SEC 10-K: In addition, our wireless communications services competitors include numerous smaller and regional ",무선 통신 서비스,True,,pending,pending,False,True,0.2,True,pending,pending,False,False,False,통신·네트워크,"이 문단은 T-Mobile(TMUS)가 자사의 경쟁 환경을 설명하기 위해 작성한 대목으로, 자사의 무선 통신 서비스 및 광대역 서비스 경쟁자들을 명시한다. T-Mobile은 자사의 무선 통신 서비스 경쟁사 중 하나로 Comcast Corporation(CMCSA)를 명시하고 있다. T-Mobile은 미국 내 주요 이동통신사로서 무선 통신 서비스를 제공하며, Comcast는 광대역, 비디오, 음성 통신 서비스를 제공하는 주요 케이블 통신 사업자이다. 두 회사는 무계약, 후불 및 선불 서비스 요금제를 포함한 무선 통신 서비스 시장에서 직접적으로 경쟁하는 관계이다. 문서에는 두 회사 간의 직접적인 거래나 협력 관계에 대한 서술은 없다.",target_absent|truncated,"In addition, our wireless communications services competitors include numerous smaller and regional providers, including Charter Communications, Inc., Comcast Corporation, EchoStar Corporation (“EchoStar”), Cox Communications, Inc., and Altice USA, Inc., many of which offer no-contract, postpaid and prepaid service plans. Competitors also include providers who offer similar communication services, such as voice, messaging and data services, using alternative technologies.",TMUS 10-K FY2025 · Item 7 MD&A,CMCSA는 'wireless communications services competitors' 중 하나인 Comcast Corporation의 심볼로 등장합니다. TMUS 미등장.,근거 문장에 상대 종목 미등장 — 관계 근거로 불충분,"CMCSA: 광대역, 비디오, 음성 통신 서비스 및 NBCUniversal, Sky를 통한 미디어, 스튜디오, 테마파크 사업을 운영합니다.
미국 내 주요 케이블 통신 사업자이자 글로벌 미디어 및 엔터테인먼트 산업의 강자입니다.","TMUS: 미국, 푸에르토리코, 미국령 버진 아일랜드에서 모바일 통신 서비스를 제공합니다.
'T-Mobile' 및 'Metro by T-Mobile' 브랜드를 통해 후불, 선불 시장에서 광범위한 무선 통신 솔루션을 제공하는 주요 이동통신사입니다.","The telecommunications industry remains competitive. We are the second largest provider of wireless communications services in the U.S. as measured by our total postpaid and prepaid customers. Our wireless communications services competitors include other carriers, such as AT&T Inc. (“AT&T”) and Verizon Communications, Inc. (“Verizon”). In addition, our wireless communications services competitors include numerous smaller and regional providers, including Charter Communications, Inc., Comcast Corporation, EchoStar Corporation (“EchoStar”), Cox Communications, Inc., and Altice USA, Inc., many of which offer no-contract, postpaid and prepaid service plans. Competitors also include providers who offer similar communication services, such as voice, messaging and data services, using alternative technologies. In addition to our wireless communications services, our broadband services compete against other broadband providers, including Cable, DSL and other Fiber broadband providers, other fixed wireless solutions, including AT&T and Verizon’s fixed wireless products, and satellite internet providers. Competitive factors within the telecommunications industry include promotions, pricing, market saturation, service and product offerings, customer experience, network investment and quality, development and deployment of technologies and changes in the regulatory environment that may affect market entry, pricing practices and network investment. Some of our competitors have shown a willingness to use discounted pricing or offer bundled services as a potential source of differentiation.",,OK,문단에서 TMUS의 무선 통신 서비스 경쟁사에 Comcast Corporation (CMCSA)이 명시적으로 언급되어 있습니다.
CME↔ICE,COMPETES_WITH,"SEC 10-K: Our competitors include, among other entities, exchanges such as Intercontinental Exchange, Inc. (IC",금융 거래소,True,,auto_candidate,pending,True,True,1.0,True,auto_candidate,pending,False,True,False,금융·결제·거래소,"이 문단은 CME Group(CME)가 자사의 경쟁 환경을 설명하기 위해 작성한 대목으로, CME가 경쟁하는 금융 서비스 거래, 청산 및 결제 시장의 경쟁사들을 명시한다. CME Group은 인터콘티넨탈 익스체인지(Intercontinental Exchange, Inc., ICE)를 자사의 경쟁사 중 하나로 명확히 언급하고 있다. CME Group은 선물 및 옵션 계약 거래 시장을 운영하며 청산 서비스를 제공하고, ICE는 상품, 금융, 채권 및 주식 시장을 위한 거래소와 청산소를 운영한다. 두 회사는 글로벌 금융 서비스 거래, 청산 및 결제 시장에서 직접적으로 경쟁하며, 유사한 플랫폼과 서비스를 제공한다. 문서에는 두 회사 간의 직접적인 거래나 협력 관계에 대한 서술은 없다.",list|truncated,"Our competitors include, among other entities, exchanges such as Intercontinental Exchange, Inc. (ICE), Cboe Global Markets (Cboe), Euronext N.V., the Hong Kong Exchanges and Clearing Limited (HKEX), and Deutsche Börse AG. We also face competition from new entrants into the marketplace, including newly launched FMX Futures Exchange, as well as digital asset platforms and emerging prediction markets.",CME 10-K FY2025 · Item 1A 위험,"CME는 'Our competitors'의 'Our'를 통해 경쟁 환경을 설명하는 주체로 암시됩니다. ICE는 CME의 경쟁사 중 하나인 Intercontinental Exchange, Inc.의 심볼로 등장합니다.",,"CME: 전 세계적으로 선물 및 옵션 계약 거래를 위한 시장을 운영하며, 청산 및 리스크 관리 서비스를 제공합니다.
금리, 주식 지수, 외환, 상품 등 다양한 파생상품 거래의 글로벌 중심지 역할을 합니다.","ICE: 인터콘티넨탈 익스체인지는 상품, 금융, 채권 및 주식 시장을 위한 거래소, 청산소 및 상장 플랫폼을 운영합니다.
글로벌 거래 시장 및 데이터 서비스 분야의 선도 기업으로, 다양한 금융 상품의 거래 및 청산 인프라를 제공합니다.","We compete in a large and expanding financial services trading, clearing and settlement marketplace globally. Our competitors include, among other entities, exchanges such as Intercontinental Exchange, Inc. (ICE), Cboe Global Markets (Cboe), Euronext N.V., the Hong Kong Exchanges and Clearing Limited (HKEX), and Deutsche Börse AG. We also face competition from new entrants into the marketplace, including newly launched FMX Futures Exchange, as well as digital asset platforms and emerging prediction markets. Competition also includes alternative means of developing exposures through alternative instruments (depending on market factors) such as cash, OTC, ETFs, options, warrants, contracts for differences, structured products and other offerings and incorporates large customer and channel internalization of trade flows and data. New emerging competitors have targeted different segments of our industry, with multiple execution models and products, and emerging technologies will continue to offer additional alternative products in the future. Competition in our industry continues to be dynamic, and recent developments and alliances may result in a growing number of well-capitalized trading service providers that compete with all or a portion of our business.",,OK,"문단에서 CME의 경쟁 거래소 중 하나로 Intercontinental Exchange, Inc. (ICE)가 명시적으로 언급되어 있습니다."
CME↔MSCI,COMPETES_WITH,SEC 10-K: Among our Index competitors are S&P Dow Jones Indices LLC (a joint venture of S&P Global Inc. and CM,인덱스 서비스,True,,pending,pending,False,True,0.95,True,pending,pending,False,False,False,금융·결제·거래소,"이 문단은 MSCI가 자사의 지수(Index) 사업 부문의 경쟁 환경을 설명하기 위해 작성한 대목이다. MSCI는 자사의 지수 경쟁사 중 하나로 S&P Dow Jones Indices LLC를 언급하고 있으며, 이 회사가 S&P Global Inc.와 CME Group Inc.(CME)의 합작 투자 회사임을 밝히고 있다. 따라서 CME Group은 합작 투자 회사를 통해 지수 시장에서 MSCI와 간접적으로 경쟁하는 관계이다. CME Group 자체는 선물 및 옵션 계약 거래 시장을 운영하지만, 합작 투자 회사를 통해 지수 사업에 참여함으로써 MSCI와 경쟁하는 사업 영역을 가지게 된다. 문서에는 두 회사 간의 직접적인 거래나 협력 관계에 대한 서술은 없다.",indirect|target_absent|truncated,"Among our Index competitors are S&P Dow Jones Indices LLC (a joint venture of S&P Global Inc. and CME Group Inc.); FTSE Russell, a subsidiary of the London Stock Exchange Group plc; Nasdaq Inc; Bloomberg Finance L.P. (“Bloomberg”); and Solactive AG.
Competition also exists from industry participants, including asset managers and investment banks, that create their own indexes, often in cooperation with index providers who provide some form of calculation agent service.",MSCI 10-K FY2025 · Item 1 사업,CME는 인덱스 경쟁사를 언급하는 'our'의 주체이자 S&P Dow Jones Indices LLC의 합작 투자 회사인 CME Group Inc.의 심볼로 등장합니다. MSCI 미등장.,근거 문장에 상대 종목 미등장 — 관계 근거로 불충분,"CME: 전 세계적으로 선물 및 옵션 계약 거래를 위한 시장을 운영하며, 청산 및 리스크 관리 서비스를 제공합니다.
금리, 주식 지수, 외환, 상품 등 다양한 파생상품 거래의 글로벌 중심지 역할을 합니다.","MSCI: 전 세계 고객에게 투자 의사결정 지원 도구를 제공하며, 지수(Index), 분석(Analytics), ESG 및 기후 솔루션 등을 공급합니다.
상장지수펀드(ETF), 뮤추얼 펀드 등 다양한 금융 상품의 기초 지수를 제공하는 선도적인 글로벌 투자 정보 제공 기업입니다.","Many industry participants compete with us by offering one or more indexes in similar categories. Such indexes vary widely in scope, including by geographic region, business sector and weighting methodology, and may be used by clients in a variety of ways in many different markets around the world. Among our Index competitors are S&P Dow Jones Indices LLC (a joint venture of S&P Global Inc. and CME Group Inc.); FTSE Russell, a subsidiary of the London Stock Exchange Group plc; Nasdaq Inc; Bloomberg Finance L.P. (“Bloomberg”); and Solactive AG.",,OK,문단에서 MSCI의 인덱스 경쟁사 중 하나로 CME Group Inc. (CME)가 참여하는 합작 투자사인 S&P Dow Jones Indices LLC가 명시적으로 언급되어 있습니다.
COO↔HOLX,COMPETES_WITH,"SEC 10-K: Larger companies such as Johnson & Johnson, Baxter International, Medtronic and Hologic have offerin",,False,COMPETES_WITH,pending,pending,True,True,0.05,True,noise_self_contradiction,pending,True,True,False,,"이 문단은 쿠퍼(COO)가 자사의 쿠퍼서지컬(CooperSurgical) 부문이 제공하는 의료 기기 제품의 경쟁 환경을 설명하기 위해 작성되었습니다. 쿠퍼서지컬은 불임 및 여성 건강 관리 시장에서 의료 기기를 제공합니다. 홀로직(HOLX)은 여성 건강을 위한 진단 제품, 의료 영상 시스템 및 수술 제품을 개발, 제조, 공급하는 회사입니다. 문단에 따르면, 홀로직은 쿠퍼서지컬의 의료 기기 제품과 경쟁하는 제품을 제공하는 대기업 중 하나입니다. 이는 두 회사가 여성 건강 관련 의료 기기 시장에서 경쟁 관계에 있음을 명시합니다. 문서에는 두 회사 간의 파트너십, 공급망 관계, 또는 인수합병 관련 서술이 없습니다.",list|truncated,"Larger companies such as Johnson & Johnson, Baxter International, Medtronic and Hologic have offerings that compete with our medical device products. In the stem cell storage field, we compete primarily with ViaCord, a division of Revvity, in the United States, as well as other smaller companies with limited product offerings globally.",COO 10-K FY2025 · Item 1 사업,COO는 'our medical device products'의 'our'를 통해 의료 기기 제품을 제공하는 회사로 암시됩니다. HOLX는 COO의 의료 기기 제품과 경쟁하는 제품을 제공하는 대기업인 Hologic의 심볼로 등장합니다.,,"COO: 콘택트렌즈와 여성 및 가족 건강 관리를 위한 의료 기기 및 솔루션을 개발, 제조, 판매합니다.
쿠퍼비전(CooperVision)을 통해 글로벌 콘택트렌즈 시장을, 쿠퍼서지컬(CooperSurgical)을 통해 여성 건강 분야를 선도합니다.","HOLX: 홀로직은 여성 건강을 위한 진단 제품, 의료 영상 시스템 및 수술 제품을 개발, 제조 및 공급합니다.
유방 건강, 산부인과 수술, 진단 솔루션 분야에서 조기 발견 및 치료를 위한 혁신적인 기술을 제공합니다.","CooperSurgical focuses on selected segments of the fertility and women's health care market with a diversified portfolio including fertility products and services, medical devices, cryostorage (such as cord blood and cord tissue storage) and contraception. CooperSurgical's strategy includes developing and acquiring new solutions to complement our current offerings. In the fertility market, CooperSurgical competes against Vitrolife Group, Nexpring, and Fairfax Cryobank and Fairfax EggBank. We also compete with fertility clinics offering their own services. Larger companies such as Johnson & Johnson, Baxter International, Medtronic and Hologic have offerings that compete with our medical device products. In the stem cell storage field, we compete primarily with ViaCord, a division of Revvity, in the United States, as well as other smaller companies with limited product offerings globally. With Paragard, we compete with manufacturers of hormonal IUDs including Bayer and AbbVie, Long Acting Reversible Contraceptives including Organon, and other forms of birth control. A non-hormonal IUD, Miudella, which has been FDA approved and not currently in the market, will compete with Paragard in the future. Further, the continued consolidation of medical offices and fertility clinics may impact the competition for our products and services.",DROP,OK,문단에서 홀로직(Hologic)이 쿠퍼서지컬(CooperSurgical)의 의료 기기 제품과 경쟁한다고 명시적으로 서술하고 있다.
COO↔JNJ,COMPETES_WITH,"SEC 10-K: Larger companies such as Johnson & Johnson, Baxter International, Medtronic and Hologic have offerin",,True,,auto_candidate,pending,True,True,0.9,True,auto_candidate,pending,False,True,False,,"이 문단은 쿠퍼(COO)가 자사의 쿠퍼서지컬(CooperSurgical) 부문이 제공하는 의료 기기 제품의 경쟁 환경을 설명하기 위해 작성되었습니다. 쿠퍼서지컬은 불임 및 여성 건강 관리 시장에서 의료 기기 제품을 제공합니다. 존슨앤드존슨(JNJ)은 혁신 의약품과 의료기기 및 솔루션을 개발, 제조, 판매하는 글로벌 기업입니다. 문단은 존슨앤드존슨과 같은 대기업들이 쿠퍼서지컬의 의료 기기 제품과 경쟁하는 제품을 제공한다고 명시하고 있습니다. 따라서 두 회사는 의료 기기 시장에서 경쟁 관계에 있습니다. 문서에는 두 회사 간의 특정 경쟁 제품, 파트너십, 공급망 관계, 또는 인수합병 관련 서술이 없습니다.",list|truncated,"Larger companies such as Johnson & Johnson, Baxter International, Medtronic and Hologic have offerings that compete with our medical device products. In the stem cell storage field, we compete primarily with ViaCord, a division of Revvity, in the United States, as well as other smaller companies with limited product offerings globally.",COO 10-K FY2025 · Item 1 사업,COO는 'our medical device products'의 'our'를 통해 의료 기기 제품을 제공하는 회사로 암시됩니다. JNJ는 COO의 의료 기기 제품과 경쟁하는 제품을 제공하는 대기업인 Johnson & Johnson의 심볼로 등장합니다.,,"COO: 콘택트렌즈와 여성 및 가족 건강 관리를 위한 의료 기기 및 솔루션을 개발, 제조, 판매합니다.
쿠퍼비전(CooperVision)을 통해 글로벌 콘택트렌즈 시장을, 쿠퍼서지컬(CooperSurgical)을 통해 여성 건강 분야를 선도합니다.","JNJ: 존슨앤드존슨은 혁신 의약품과 의료기기 및 솔루션 분야에서 제품을 연구, 개발, 제조, 판매합니다.
글로벌 제약 및 의료기기 시장에서 암, 면역학 등 복잡한 질병 치료와 첨단 수술 솔루션을 제공하는 선도 기업입니다.","CooperSurgical focuses on selected segments of the fertility and women's health care market with a diversified portfolio including fertility products and services, medical devices, cryostorage (such as cord blood and cord tissue storage) and contraception. CooperSurgical's strategy includes developing and acquiring new solutions to complement our current offerings. In the fertility market, CooperSurgical competes against Vitrolife Group, Nexpring, and Fairfax Cryobank and Fairfax EggBank. We also compete with fertility clinics offering their own services. Larger companies such as Johnson & Johnson, Baxter International, Medtronic and Hologic have offerings that compete with our medical device products. In the stem cell storage field, we compete primarily with ViaCord, a division of Revvity, in the United States, as well as other smaller companies with limited product offerings globally. With Paragard, we compete with manufacturers of hormonal IUDs including Bayer and AbbVie, Long Acting Reversible Contraceptives including Organon, and other forms of birth control. A non-hormonal IUD, Miudella, which has been FDA approved and not currently in the market, will compete with Paragard in the future. Further, the continued consolidation of medical offices and fertility clinics may impact the competition for our products and services.",,OK,문단에서 존슨앤드존슨(Johnson & Johnson)이 쿠퍼서지컬(CooperSurgical)의 의료 기기 제품과 경쟁한다고 명시적으로 서술하고 있다.
COO↔MDT,COMPETES_WITH,"SEC 10-K: Larger companies such as Johnson & Johnson, Baxter International, Medtronic and Hologic have offerin",,False,,pending,pending,True,True,0.0,True,pending,pending,False,True,False,,"이 문단은 쿠퍼(COO)가 자사의 쿠퍼서지컬(CooperSurgical) 부문이 제공하는 의료 기기 제품의 경쟁 환경을 설명하기 위해 작성되었습니다. 쿠퍼서지컬은 불임 및 여성 건강 관리 시장에서 의료 기기를 개발하고 판매합니다. 메드트로닉(MDT)은 이식형 의료기기 등 다양한 의료 치료 기술 및 의료기기를 개발, 제조, 판매하는 글로벌 선도 기업입니다. 문단에 따르면, 메드트로닉은 쿠퍼서지컬의 의료 기기 제품과 경쟁하는 제품을 제공하는 대기업 중 하나로 언급됩니다. 이는 두 회사가 의료 기기 시장에서 경쟁하는 관계에 있음을 나타냅니다. 문서에는 두 회사 간의 구체적인 경쟁 제품 분야나 파트너십, 공급망 관계, 또는 인수합병 관련 서술이 없습니다.",list|truncated,"Larger companies such as Johnson & Johnson, Baxter International, Medtronic and Hologic have offerings that compete with our medical device products. In the stem cell storage field, we compete primarily with ViaCord, a division of Revvity, in the United States, as well as other smaller companies with limited product offerings globally.",COO 10-K FY2025 · Item 1 사업,COO: '우리'로 지칭된 회사 (의료기기 및 줄기세포 저장 사업자). MDT: '우리'의 의료기기 제품과 경쟁하는 대기업 중 하나.,,"COO: 콘택트렌즈와 여성 및 가족 건강 관리를 위한 의료 기기 및 솔루션을 개발, 제조, 판매합니다.
쿠퍼비전(CooperVision)을 통해 글로벌 콘택트렌즈 시장을, 쿠퍼서지컬(CooperSurgical)을 통해 여성 건강 분야를 선도합니다.","MDT: 이식형 심장 박동기, 제세동기, 심장 판막 등 장치 기반의 의료 치료 기술 및 의료기기를 개발, 제조 및 판매합니다.
심혈관, 신경과학, 당뇨병, 의료-외과 분야에서 혁신적인 의료기기 및 솔루션을 제공하는 글로벌 선도 기업입니다.","CooperSurgical focuses on selected segments of the fertility and women's health care market with a diversified portfolio including fertility products and services, medical devices, cryostorage (such as cord blood and cord tissue storage) and contraception. CooperSurgical's strategy includes developing and acquiring new solutions to complement our current offerings. In the fertility market, CooperSurgical competes against Vitrolife Group, Nexpring, and Fairfax Cryobank and Fairfax EggBank. We also compete with fertility clinics offering their own services. Larger companies such as Johnson & Johnson, Baxter International, Medtronic and Hologic have offerings that compete with our medical device products. In the stem cell storage field, we compete primarily with ViaCord, a division of Revvity, in the United States, as well as other smaller companies with limited product offerings globally. With Paragard, we compete with manufacturers of hormonal IUDs including Bayer and AbbVie, Long Acting Reversible Contraceptives including Organon, and other forms of birth control. A non-hormonal IUD, Miudella, which has been FDA approved and not currently in the market, will compete with Paragard in the future. Further, the continued consolidation of medical offices and fertility clinics may impact the competition for our products and services.",,OK,문단에서 메드트로닉(Medtronic)이 쿠퍼서지컬(CooperSurgical)의 의료 기기 제품과 경쟁한다고 명시적으로 서술하고 있다.
COO↔RVTY,COMPETES_WITH,"SEC 10-K: In the stem cell storage field, we compete primarily with ViaCord, a division of Revvity, in the Uni",줄기세포 보관,True,,auto_candidate,pending,True,True,1.0,True,auto_candidate,pending,False,True,False,줄기세포 보관,"이 문단은 쿠퍼(COO)가 자사의 쿠퍼서지컬(CooperSurgical) 부문의 의료 기기 및 극저온 보관 서비스의 경쟁 환경을 설명하기 위해 작성되었습니다. 쿠퍼서지컬은 제대혈 및 제대 조직 보관과 같은 극저온 보관 서비스를 제공합니다. 레브비티(RVTY)는 진단, 생명 과학 및 응용 서비스 시장에 제품과 솔루션을 제공하는 기업입니다. 문단은 쿠퍼서지컬이 줄기세포 보관 분야에서 미국 내에서 주로 레브비티의 한 사업부인 ViaCord와 경쟁한다고 명시하고 있습니다. 이는 레브비티가 ViaCord를 통해 쿠퍼의 극저온 보관 서비스와 간접적인 경쟁 관계에 있음을 보여줍니다. 문서에는 두 회사 간의 다른 제품 분야에서의 경쟁 관계나 파트너십, 공급망 관련 서술이 없습니다.",indirect|list|truncated,"In the stem cell storage field, we compete primarily with ViaCord, a division of Revvity, in the United States, as well as other smaller companies with limited product offerings globally. With Paragard, we compete with manufacturers of hormonal IUDs including Bayer and AbbVie, Long Acting Reversible Contraceptives including Organon, and other forms of birth control.",COO 10-K FY2025 · Item 1 사업,COO: '우리'로 지칭된 회사 (줄기세포 저장 및 파라가드 피임 제품 사업자). RVTY: 비아코드의 모회사로서 '우리'와 경쟁하는 회사 중 하나.,,"COO: 콘택트렌즈와 여성 및 가족 건강 관리를 위한 의료 기기 및 솔루션을 개발, 제조, 판매합니다.
쿠퍼비전(CooperVision)을 통해 글로벌 콘택트렌즈 시장을, 쿠퍼서지컬(CooperSurgical)을 통해 여성 건강 분야를 선도합니다.","RVTY: 전 세계 진단, 생명 과학 및 응용 서비스 시장에 제품, 서비스 및 솔루션을 제공합니다.
발견 및 분석 솔루션과 진단 부문을 통해 연구 및 임상 진단 분야의 기술 혁신을 이끌고 있습니다.","CooperSurgical focuses on selected segments of the fertility and women's health care market with a diversified portfolio including fertility products and services, medical devices, cryostorage (such as cord blood and cord tissue storage) and contraception. CooperSurgical's strategy includes developing and acquiring new solutions to complement our current offerings. In the fertility market, CooperSurgical competes against Vitrolife Group, Nexpring, and Fairfax Cryobank and Fairfax EggBank. We also compete with fertility clinics offering their own services. Larger companies such as Johnson & Johnson, Baxter International, Medtronic and Hologic have offerings that compete with our medical device products. In the stem cell storage field, we compete primarily with ViaCord, a division of Revvity, in the United States, as well as other smaller companies with limited product offerings globally. With Paragard, we compete with manufacturers of hormonal IUDs including Bayer and AbbVie, Long Acting Reversible Contraceptives including Organon, and other forms of birth control. A non-hormonal IUD, Miudella, which has been FDA approved and not currently in the market, will compete with Paragard in the future. Further, the continued consolidation of medical offices and fertility clinics may impact the competition for our products and services.",,OK,문단에서 리비티(Revvity)의 한 사업부인 비아코드(ViaCord)가 쿠퍼서지컬(CooperSurgical)과 줄기세포 저장 분야에서 주로 경쟁한다고 명시적으로 서술하고 있다.
COR↔MCK,COMPETES_WITH,"SEC 10-K: Certain competitors also offer combinations of distribution, GPO, and provider services capabilities",유통,True,,pending,pending,False,True,0.85,True,pending,pending,False,False,False,기타,"이 문단은 Cencora(COR)가 자사의 종양학 및 다중 전문 분야 부문과 임상 연구 서비스의 경쟁 환경을 설명하기 위해 작성되었습니다. COR은 의약품, OTC 제품, 의료 용품을 조달하고 유통하며 공급망 서비스를 제공합니다. 맥케슨(MCK)은 제약 유통 및 의료-외과 솔루션을 포함한 다양한 헬스케어 서비스를 제공하는 글로벌 기업입니다. 하지만 제공된 문단에는 맥케슨(MCK)에 대한 어떠한 언급도 없습니다. 문단은 COR이 Cencora, Inc. 및 Cardinal Health, Inc.를 포함한 다른 전문 유통업체들과 경쟁한다고 설명할 뿐입니다. 따라서 문서에는 COR과 MCK 간의 관계에 대한 어떠한 서술도 없습니다.",target_absent|truncated,"Certain competitors also offer combinations of distribution, GPO, and provider services capabilities, including Cencora, Inc. and Cardinal Health, Inc. In addition, our clinical research offerings compete with contract research organizations, site management organizations, academic medical centers, and health systems that support clinical trials.
Our Prescription Technology Solutions business experiences substantial competition from variety of organizations, including other biopharma services providers, software and technology service firms, consulting firms, shared services vendors, and internet-based companies offering healthcare-focused technology solutions.",MCK 10-K FY2026 · Item 1 사업,COR: 문장에 언급된 특정 경쟁사 중 하나. MCK: MCK 미등장.,근거 문장에 상대 종목 미등장 — 관계 근거로 불충분,"COR: 미국 및 해외에서 의약품, OTC 제품, 의료 용품 등을 조달하고 유통합니다.
병원, 약국, 클리닉 등 다양한 의료기관에 의약품 공급망 서비스를 제공하는 기업입니다.","MCK: 미국 및 전 세계적으로 제약 유통, 의료-외과 솔루션, 처방 기술 솔루션 등 다양한 헬스케어 서비스를 제공합니다.
브랜드 의약품, 제네릭 의약품, 전문 의약품 등을 병원, 약국 등에 유통하는 선도적인 글로벌 헬스케어 서비스 기업입니다.","In our Oncology & Multispecialty segment, we compete with other specialty distributors; GPOs; specialty pharmacies; oncology networks and platforms; ophthalmology and retina management services providers; and healthcare information technology and data and analytics companies. Certain competitors also offer combinations of distribution, GPO, and provider services capabilities, including Cencora, Inc. and Cardinal Health, Inc. In addition, our clinical research offerings compete with contract research organizations, site management organizations, academic medical centers, and health systems that support clinical trials.",,OK,"문단에서 맥케슨(McKesson)이 센코라(Cencora)를 자사의 유통, GPO, 공급자 서비스 분야 경쟁사 중 하나로 명시적으로 서술하고 있다."
COST↔TGT,COMPETES_WITH,"SEC 10-K: Walmart, Target, Kroger, and Amazon are among our significant general merchandise retail competitors",종합 상품 소매,True,,auto_candidate,pending,True,True,1.0,True,auto_candidate,pending,False,True,False,소매·소비재,"이 문단은 코스트코(COST)가 자사가 운영하는 소매 산업의 경쟁 환경을 설명하기 위해 작성되었습니다. 코스트코는 회원제 창고형 할인매장을 통해 광범위한 상품을 판매합니다. 타겟(TGT)은 미국 내에서 식품, 의류, 가전제품 등 다양한 일반 상품을 판매하는 대형 소매업체입니다. 문단에 따르면, 타겟은 코스트코의 중요한 일반 상품 소매 경쟁사 중 하나로 미국 시장에서 직접적인 경쟁 관계에 있습니다. 두 회사는 가격, 상품 품질, 선택, 위치, 편의성 등을 기반으로 경쟁합니다. 문서에는 두 회사 간의 특정 제품 공급, 파트너십, 또는 기타 거래 관계에 대한 서술이 없습니다.",list|truncated,"Walmart, Target, Kroger, and Amazon are among our significant general merchandise retail competitors in the U.S. We also compete with other warehouse clubs, including Walmart’s Sam’s Club and BJ’s Wholesale Club in the U.S.",COST 10-K FY2025 · Item 1 사업,COST: 문장에서 '우리'로 지칭된 회사 (주요 일반 상품 소매 및 창고형 클럽 운영자). TGT: '우리'의 주요 일반 상품 소매 경쟁사 중 하나.,,"COST: 미국 및 전 세계에서 회원제 창고형 할인매장을 운영하며 다양한 브랜드 및 자체 상표 제품을 판매합니다.
대량 구매를 통한 저렴한 가격으로 회원들에게 식료품, 전자제품, 생활용품 등 광범위한 상품을 제공하는 주요 유통업체입니다.","TGT: 미국에서 식품, 의류, 가전제품, 생활용품 등 다양한 일반 상품을 판매하는 대형 소매업체입니다.
전국적인 매장 네트워크와 디지털 채널을 통해 광범위한 소비자층에게 상품을 제공하는 선두적인 유통 기업입니다.","Our industry is highly competitive, based on factors such as price, merchandise quality and selection, location, convenience, distribution strategy, and customer service. We compete on a worldwide basis with global, national, and regional wholesalers and retailers, including supermarkets, supercenters, online retailers, gasoline stations, hard discounters, department and specialty stores, and operators selling a single category or narrow range of merchandise. Walmart, Target, Kroger, and Amazon are among our significant general merchandise retail competitors in the U.S. We also compete with other warehouse clubs, including Walmart’s Sam’s Club and BJ’s Wholesale Club in the U.S. Many of the metropolitan areas in the U.S. and certain of our Other International locations have multiple competing clubs.",,OK,문단에서 타겟(Target)이 코스트코(Costco)의 주요 일반 상품 소매 경쟁사 중 하나라고 명시적으로 서술하고 있다.
COST↔WMT,COMPETES_WITH,"SEC 10-K: Walmart, Target, Kroger, and Amazon are among our significant general merchandise retail competitors",종합 소매,True,,auto_candidate,pending,True,True,1.0,True,auto_candidate,pending,False,True,False,소매·소비재,"이 문단은 코스트코(COST)가 자사가 운영하는 소매 산업의 경쟁 환경을 설명하기 위해 작성되었습니다. 코스트코는 회원제 창고형 할인매장을 운영하며 다양한 상품을 판매합니다. 월마트(WMT)는 하이퍼마켓, 할인점, 식료품점을 운영하는 전 세계 최대 소매업체입니다. 문단은 월마트가 코스트코의 중요한 일반 상품 소매 경쟁사 중 하나라고 명시하며, 두 회사가 미국 시장에서 직접적인 경쟁 관계에 있음을 나타냅니다. 또한, 코스트코는 월마트의 샘스 클럽(Sam’s Club)과 같은 다른 창고형 클럽과도 경쟁한다고 언급되어, 특정 사업 모델에서도 경쟁이 이루어지고 있습니다. 문서에는 두 회사 간의 파트너십, 공급망 관계, 또는 인수합병 관련 서술이 없습니다.",list|truncated,"Walmart, Target, Kroger, and Amazon are among our significant general merchandise retail competitors in the U.S. We also compete with other warehouse clubs, including Walmart’s Sam’s Club and BJ’s Wholesale Club in the U.S.",COST 10-K FY2025 · Item 1 사업,"COST: 문장에서 '우리'로 지칭된 회사 (주요 일반 상품 소매 및 창고형 클럽 운영자). WMT: '우리'의 주요 일반 상품 소매 경쟁사 중 하나이며, WMT의 자회사인 샘스 클럽도 '우리'의 경쟁사 중 하나입니다.",,"COST: 미국 및 전 세계에서 회원제 창고형 할인매장을 운영하며 다양한 브랜드 및 자체 상표 제품을 판매합니다.
대량 구매를 통한 저렴한 가격으로 회원들에게 식료품, 전자제품, 생활용품 등 광범위한 상품을 제공하는 주요 유통업체입니다.","WMT: 하이퍼마켓, 할인점, 식료품점을 운영하며 다양한 상품을 저렴한 가격으로 판매합니다.
전 세계적으로 가장 큰 소매업체이자 전자상거래 시장에서도 강력한 입지를 가진 리더입니다. (일반 지식 기반)","Our industry is highly competitive, based on factors such as price, merchandise quality and selection, location, convenience, distribution strategy, and customer service. We compete on a worldwide basis with global, national, and regional wholesalers and retailers, including supermarkets, supercenters, online retailers, gasoline stations, hard discounters, department and specialty stores, and operators selling a single category or narrow range of merchandise. Walmart, Target, Kroger, and Amazon are among our significant general merchandise retail competitors in the U.S. We also compete with other warehouse clubs, including Walmart’s Sam’s Club and BJ’s Wholesale Club in the U.S. Many of the metropolitan areas in the U.S. and certain of our Other International locations have multiple competing clubs.",,OK,"문단에서 월마트(Walmart)가 코스트코(Costco)의 주요 일반 상품 소매 경쟁사이며, 월마트의 샘스클럽(Sam’s Club)이 창고형 할인매장에서 경쟁한다고 명시적으로 서술하고 있다."
CRM↔ORCL,COMPETES_WITH,"SEC 10-K: Our enterprise cloud, license and hardware offerings compete directly with certain offerings from so",기업 클라우드,True,,pending,pending,False,True,0.6,True,pending,pending,False,False,False,클라우드·엔터프라이즈SW,"이 문단은 오라클(ORCL)이 자사의 엔터프라이즈 클라우드, 라이선스 및 하드웨어 제품의 경쟁 환경을 설명하기 위해 작성되었습니다. 오라클은 전 세계 기업 고객에게 다양한 클라우드 기반 소프트웨어 서비스와 인프라를 제공합니다. 세일즈포스(CRM)는 기업과 고객을 연결하는 고객 관계 관리(CRM) 기술을 제공하는 클라우드 기반 소프트웨어 기업입니다. 문단은 오라클의 엔터프라이즈 클라우드, 라이선스 및 하드웨어 제품이 세일즈포스 인크(Salesforce, Inc.)를 포함한 세계 최대의 경쟁사들과 직접적으로 경쟁한다고 명시하고 있습니다. 이는 두 회사가 엔터프라이즈 소프트웨어 및 클라우드 서비스 시장에서 경쟁 관계에 있음을 나타냅니다. 문서에는 두 회사 간의 파트너십, 공동 투자, 또는 인수합병 관련 서술이 없습니다.",target_absent|truncated,"Our enterprise cloud, license and hardware offerings compete directly with certain offerings from some of the largest and most competitive companies in the world, including Adobe Systems Incorporated, Alphabet Inc., Amazon.com, Inc., Cisco Systems, Inc., Intel Corporation, International Business Machines Corporation, Microsoft Corporation, Salesforce, Inc. and SAP SE, as well as other companies like Hewlett-Packard Enterprise and Workday, Inc.",ORCL 10-K FY2025 · Item 7 MD&A,"CRM: '우리'의 엔터프라이즈 클라우드, 라이선스 및 하드웨어 제품과 직접적으로 경쟁하는 회사 중 하나. ORCL: ORCL 미등장.",근거 문장에 상대 종목 미등장 — 관계 근거로 불충분,"CRM: 기업과 고객을 연결하는 고객 관계 관리(CRM) 기술을 전 세계적으로 제공하는 클라우드 기반 소프트웨어 기업입니다.
영업, 서비스, 마케팅, 커머스 등 전반적인 고객 경험 관리를 위한 통합 플랫폼 'Customer 360'을 주력으로 합니다.","ORCL: 전 세계 기업 고객을 대상으로 클라우드 기반 ERP, EPM, SCM, HCM 등 다양한 소프트웨어 서비스(SaaS)와 산업별 솔루션을 제공합니다.
글로벌 엔터프라이즈 소프트웨어 및 클라우드 인프라(IaaS, PaaS) 시장의 주요 선두 기업 중 하나입니다.","Our customers are demanding less complexity and lower total cost in the implementation, sourcing, integration and ongoing maintenance of their IT environments. Our enterprise cloud, license and hardware offerings compete directly with certain offerings from some of the largest and most competitive companies in the world, including Adobe Systems Incorporated, Alphabet Inc., Amazon.com, Inc., Cisco Systems, Inc., Intel Corporation, International Business Machines Corporation, Microsoft Corporation, Salesforce, Inc. and SAP SE, as well as other companies like Hewlett-Packard Enterprise and Workday, Inc. In addition, due to the low barriers to entry in many of our market segments, new technologies and new and growing competitors frequently emerge to challenge our offerings. Our competitors range from companies offering broad IT solutions across many of our lines of business to vendors providing point solutions, or offerings focused on a specific functionality, product area or industry. In addition, as we expand into new market segments, we face increased competition as we compete with existing competitors, as well as firms that may be partners in other areas of our business and other firms with whom we have not previously competed. For example, following our acquisition of Cerner Corporation, we also face competition from large healthcare IT providers such as Allscripts Healthcare Solutions, Inc., Arcadia Solutions, athenahealth, Inc., Epic Systems Corporation and InterSystems Corporation, among others. Moreover, we or our competitors may take certain strategic actions—including acquisitions, partnerships and joint ventures or repositioning of product lines—which invite even greater competition in one or more product offering categories.",,OK,"문단에서 오라클(Oracle)의 엔터프라이즈 클라우드, 라이선스, 하드웨어 제품이 세일즈포스(Salesforce)의 특정 제품과 직접적으로 경쟁한다고 명시적으로 서술하고 있다."
CSCO↔DDOG,COMPETES_WITH,"SEC 10-K: With respect to APM, we compete with companies including Cisco Systems, Inc., New Relic, Inc. and Dy",애플리케이션 성능 모니터링,True,,pending,pending,False,True,1.0,True,pending,pending,False,True,False,기타,"이 문단은 Datadog이 자사의 통합 플랫폼이 경쟁하는 다양한 제품 카테고리에서 직면하는 경쟁 환경을 설명합니다. Datadog은 기존의 다양한 제품 범주 기능을 통합한 플랫폼을 제공하며, 각 범주에서 경쟁하는 여러 업체들을 명시합니다. Datadog은 애플리케이션 성능 관리(APM) 시장에서 Cisco Systems, Inc.와 경쟁 관계에 있습니다. 또한 Datadog은 로그 관리 시장에서도 Cisco Systems, Inc.와 경쟁합니다. Datadog은 자사의 플랫폼 기능을 기반으로 여러 시장에서 Cisco를 경쟁사 중 하나로 언급하고 있습니다. 두 회사는 특정 기술 솔루션 시장에서 고객을 확보하기 위해 경쟁하고 있습니다. 문서에는 두 회사 간의 협력 관계, 공급망 관계 또는 투자 관계에 대한 서술이 없습니다.",list|target_absent|truncated,"With respect to APM, we compete with companies including Cisco Systems, Inc., New Relic, Inc. and Dynatrace Software Inc. With respect to log management, we compete with companies including Cisco Systems, Inc.",DDOG 10-K FY2025 · Item 1 사업,CSCO: '우리'의 APM 및 로그 관리 분야 경쟁사 중 하나. DDOG: DDOG 미등장.,근거 문장에 상대 종목 미등장 — 관계 근거로 불충분,"CSCO: 인터넷 프로토콜 기반의 네트워킹 및 통신 기술 관련 제품을 설계, 제조, 판매합니다.
스위칭, 라우팅, 무선, 보안, 협업 솔루션 등을 제공하며 전 세계 통신 및 IT 인프라 시장의 핵심 기업입니다.","DDOG: 클라우드 기반 개발자, IT 운영팀, 비즈니스 사용자를 위한 모니터링 및 분석 플랫폼을 제공합니다.
인프라 모니터링, 애플리케이션 성능 관리, 로그 관리 및 보안 모니터링을 통합하여 실시간 관측성(Observability)을 제공하는 SaaS 기업입니다.","Our unified platform combines functionality from numerous traditional product categories, and hence we compete in each of these categories with home-grown and open-source technologies, as well as a number of different vendors. With respect to on-premise infrastructure monitoring, we compete with diversified technology companies and systems management vendors including IBM, Microsoft Corporation, and SolarWinds Corporation. With respect to APM, we compete with companies including Cisco Systems, Inc., New Relic, Inc. and Dynatrace Software Inc. With respect to log management, we compete with companies including Cisco Systems, Inc. and Elastic N.V. With respect to cloud monitoring, we compete with native solutions from cloud providers such as AWS, GCP and Microsoft Azure. In addition, we may increasingly choose to allow these third-party hosting providers to offer our solutions directly through their customer marketplaces. An increasing number of sales through cloud provider marketplaces could reduce both the number of customers with whom we have direct commercial relationships as well as our profit margins on sales made through such marketplaces.",,OK,문단에서 Datadog이 APM 및 로그 관리 분야에서 Cisco Systems와 경쟁한다고 명시적으로 서술하고 있다.
CSCO↔ORCL,COMPETES_WITH,"SEC 10-K: Our enterprise cloud, license and hardware offerings compete directly with certain offerings from so",엔터프라이즈 클라우드,True,,pending,pending,False,True,0.8,True,pending,pending,False,False,False,클라우드·엔터프라이즈SW,"이 문단은 Oracle이 제공하는 엔터프라이즈 클라우드, 라이선스 및 하드웨어 제품들이 직면하는 경쟁 환경을 설명합니다. Oracle은 고객들이 IT 환경의 복잡성과 총 소유 비용을 줄이기를 요구함에 따라, 다양한 시장에서 세계 유수의 경쟁사들과 직접 경쟁한다고 명시합니다. Oracle은 자사의 엔터프라이즈 클라우드, 라이선스 및 하드웨어 제품들에서 Cisco Systems, Inc.와 직접적인 경쟁 관계에 있다고 서술합니다. Oracle은 Cisco를 세계에서 가장 크고 경쟁력 있는 기업 중 하나로 인식하고 있습니다. 두 회사는 광범위한 IT 솔루션 시장에서 서로의 고객 기반을 놓고 경쟁하는 것으로 보입니다. 문서에는 Cisco와 Oracle 간의 구체적인 제품이나 서비스 분야에서의 경쟁 양상, 또는 경쟁 이외의 다른 관계(예: 협력, 공급)에 대한 구체적인 서술이 없습니다.",target_absent|truncated,"Our enterprise cloud, license and hardware offerings compete directly with certain offerings from some of the largest and most competitive companies in the world, including Adobe Systems Incorporated, Alphabet Inc., Amazon.com, Inc., Cisco Systems, Inc., Intel Corporation, International Business Machines Corporation, Microsoft Corporation, Salesforce, Inc. and SAP SE, as well as other companies like Hewlett-Packard Enterprise and Workday, Inc.",ORCL 10-K FY2025 · Item 7 MD&A,"CSCO: '우리'의 엔터프라이즈 클라우드, 라이선스 및 하드웨어 제품과 직접적으로 경쟁하는 회사 중 하나. ORCL: ORCL 미등장.",근거 문장에 상대 종목 미등장 — 관계 근거로 불충분,"CSCO: 인터넷 프로토콜 기반의 네트워킹 및 통신 기술 관련 제품을 설계, 제조, 판매합니다.
스위칭, 라우팅, 무선, 보안, 협업 솔루션 등을 제공하며 전 세계 통신 및 IT 인프라 시장의 핵심 기업입니다.","ORCL: 전 세계 기업 고객을 대상으로 클라우드 기반 ERP, EPM, SCM, HCM 등 다양한 소프트웨어 서비스(SaaS)와 산업별 솔루션을 제공합니다.
글로벌 엔터프라이즈 소프트웨어 및 클라우드 인프라(IaaS, PaaS) 시장의 주요 선두 기업 중 하나입니다.","Our customers are demanding less complexity and lower total cost in the implementation, sourcing, integration and ongoing maintenance of their IT environments. Our enterprise cloud, license and hardware offerings compete directly with certain offerings from some of the largest and most competitive companies in the world, including Adobe Systems Incorporated, Alphabet Inc., Amazon.com, Inc., Cisco Systems, Inc., Intel Corporation, International Business Machines Corporation, Microsoft Corporation, Salesforce, Inc. and SAP SE, as well as other companies like Hewlett-Packard Enterprise and Workday, Inc. In addition, due to the low barriers to entry in many of our market segments, new technologies and new and growing competitors frequently emerge to challenge our offerings. Our competitors range from companies offering broad IT solutions across many of our lines of business to vendors providing point solutions, or offerings focused on a specific functionality, product area or industry. In addition, as we expand into new market segments, we face increased competition as we compete with existing competitors, as well as firms that may be partners in other areas of our business and other firms with whom we have not previously competed. For example, following our acquisition of Cerner Corporation, we also face competition from large healthcare IT providers such as Allscripts Healthcare Solutions, Inc., Arcadia Solutions, athenahealth, Inc., Epic Systems Corporation and InterSystems Corporation, among others. Moreover, we or our competitors may take certain strategic actions—including acquisitions, partnerships and joint ventures or repositioning of product lines—which invite even greater competition in one or more product offering categories.",,OK,"문단에서 Oracle의 엔터프라이즈 클라우드, 라이선스 및 하드웨어 서비스가 Cisco Systems의 특정 제품과 직접 경쟁한다고 명시적으로 서술하고 있다."
CSX↔NSC,COMPETES_WITH,"SEC 10-K: CSXT’s primary rail competitor is Norfolk Southern Railway, which operates throughout much of the Co",철도,True,,auto_candidate,pending,True,True,1.0,True,auto_candidate,pending,False,False,False,철도,"이 문단은 CSXT(CSX의 자회사)가 직면하는 경쟁 환경을 설명하고 있습니다. 특히, 철도 화물 운송 시장에서의 주요 경쟁사와 그 경쟁사의 전략적 움직임을 서술합니다. CSXT(CSX의 자회사)의 주요 철도 경쟁사는 Norfolk Southern Railway(Norfolk Southern Corporation의 자회사)입니다. 두 회사는 CSXT의 영업 지역 상당 부분에서 철도 화물 운송 서비스를 놓고 경쟁하고 있습니다. Norfolk Southern Railway는 2025년에 Union Pacific Railroad와의 합병 계약을 체결하여 국가 유일의 대륙 횡단 철도 네트워크를 형성하려 했으며, 이는 CSX의 경쟁 환경에 영향을 미칠 수 있습니다. 이 합병은 Surface Transportation Board의 승인이 필요합니다. 문서에는 두 회사 간의 협력 관계, 공급망 관계 또는 투자 관계에 대한 서술이 없습니다.",indirect|m&a|truncated,"CSXT’s primary rail competitor is Norfolk Southern Railway, which operates throughout much of the Company’s territory. During 2025, Norfolk Southern Railway entered into an agreement to merge with Union Pacific Railroad to form the nation's only transcontinental rail network, which requires the approval of the Surface Transportation Board.",CSX 10-K FY2025 · Item 1 사업,CSX: CSXT의 모회사 또는 CSXT를 지칭하는 약어. NSC: CSXT의 주요 철도 경쟁사이자 2025년 유니언 퍼시픽 철도와 합병 계약을 체결한 회사.,,"CSX: 자회사를 통해 철도 기반의 화물 운송 서비스를 제공하며, 인터모달 컨테이너 운송도 포함합니다.
화학제품, 농산물, 자동차, 광물 등 다양한 산업의 핵심 원자재 및 상품을 미국 동부 지역을 중심으로 운송합니다.","NSC: 미국 내 원자재, 중간재, 완제품의 철도 운송 서비스를 제공하며, 농업, 임업, 소비재 및 화학 제품 등을 운송합니다.
미국 동부 및 남동부 지역을 중심으로 하는 주요 화물 철도 운송 시장에서 운영되고 있습니다.","CSXT’s primary rail competitor is Norfolk Southern Railway, which operates throughout much of the Company’s territory. During 2025, Norfolk Southern Railway entered into an agreement to merge with Union Pacific Railroad to form the nation's only transcontinental rail network, which requires the approval of the Surface Transportation Board. Other railroads also operate in parts of the Company’s territory. Depending on the specific market, competing railroads and deregulated motor carriers may exert pressure on price and service levels. For further discussion on the risk of competition to the Company, see",,OK,문단에서 CSXT의 주요 철도 경쟁자가 Norfolk Southern Railway라고 명시적으로 서술하고 있다.
CVNA↔TSLA,COMPETES_WITH,"SEC 10-K: For example, rapid changes in technology, including rideshare services and the development of autono",자율주행 기술,False,COMPETES_WITH,pending,pending,False,True,0.1,True,noise_self_contradiction,pending,True,False,False,자율주행 기술,"이 문단은 Carvana의 기존 및 미래 사업 모델, 제품 및 서비스의 경쟁력을 약화시키거나 쓸모없게 만들 수 있는 새로운 기술 개발을 통한 경쟁 위협을 설명합니다. Carvana는 급변하는 기술 환경에서 자사의 제품 수요 감소 가능성을 언급합니다. Carvana는 Waymo와 Tesla가 개발하는 자율주행 차량과 같은 신기술이 자사 제품에 대한 수요 감소로 이어질 수 있다고 인식하고 있습니다. 이는 Tesla의 신기술 개발이 중고차 온라인 판매 플랫폼을 운영하는 Carvana의 사업 모델에 간접적인 경쟁 위협으로 작용할 수 있음을 나타냅니다. 즉, Tesla는 Carvana의 직접적인 경쟁자는 아니지만, 자동차 산업 기술의 발전 측면에서 Carvana의 사업 환경에 영향을 미치는 주체로 언급됩니다. 문서에는 Carvana와 Tesla 간의 직접적인 제품 경쟁, 협력 관계 또는 공급망 관계에 대한 서술이 없습니다.",indirect|target_absent|truncated,"For example, rapid changes in technology, including rideshare services and the development of autonomous vehicles, including those developed by Waymo and Tesla, could lead to a decrease in demand for our products. Competitors may also impede our ability to reach consumers or commence operations in certain jurisdictions.",CVNA 10-K FY2025 · Item 7 MD&A,CVNA: CVNA 미등장. TSLA: '우리' 제품 수요 감소를 야기할 수 있는 자율주행 차량을 개발하는 회사 중 하나.,근거 문장에 상대 종목 미등장 — 관계 근거로 불충분,"CVNA: 미국에서 중고차의 온라인 구매 및 판매를 위한 전자상거래 플랫폼을 운영합니다.
차량 인수, 검사, 재정비부터 온라인 쇼핑, 금융, 배송까지 원스톱 서비스를 제공하는 중고차 유통 혁신 기업입니다.","TSLA: 전기차, 첨단 배터리 기술 및 태양 에너지 솔루션을 개발하고 제조하는 클린 에너지 기업입니다.
전기차 시장의 선두 주자로서 지속 가능한 운송 및 에너지 솔루션 혁신을 이끌고 있습니다.","Our competitors may also develop and market new technologies that render our existing or future business model, products, and services less competitive, unmarketable, or obsolete. For example, rapid changes in technology, including rideshare services and the development of autonomous vehicles, including those developed by Waymo and Tesla, could lead to a decrease in demand for our products. Competitors may also impede our ability to reach consumers or commence operations in certain jurisdictions. For example, we depend in part on internet search engines, lead generators, automotive finance partners, social networking sites, AI tools, and vehicle listing sites to drive traffic to our website and mobile application and our competitors may increase their search engine optimization efforts and outbid us for search terms on various search engines, use their political influence and increase lobbying efforts, or align with Internet search engine providers to receive a higher search result page ranking than ours. Any reduction in the number of users directed to our website and mobile application through internet search engines, lead generators, automotive finance providers, social networking sites, AI tools, or vehicle listing sites, could harm our business and operating results. In addition, technology related to generative AI is advancing rapidly, and its future impact on the automotive ecosystem is unknown. For example, AI-driven automation and virtual assistants may streamline dealership operations, improve customer engagement, and increase efficiency in sourcing and managing used vehicles, which could significantly alter competitive dynamics and operational requirements in the automotive market.",OK,OK,문단에서 Tesla가 개발하는 자율주행차가 Carvana 제품 수요 감소를 유발할 수 있어 경쟁적 위협으로 명시하고 있다.
DAY↔WDAY,COMPETES_WITH,"SEC 10-K: These vendors include, without limitation, Anaplan, Inc.; ADP; Coupa Software Inc.; Dayforce, Inc.; ",,False,SUPPLIES_TO,pending,pending,False,True,0.1,True,pending,pending,False,True,False,,"이 문단은 Workday가 직면하는 경쟁 환경을 설명합니다. Workday는 엔터프라이즈 소프트웨어 시장에서 다양한 규모와 전문성을 가진 경쟁사들을 언급하며, 클라우드 기반 또는 AI 기반 솔루션을 제공하는 업체들과의 경쟁을 명시합니다. Workday는 Dayforce, Inc.를 자사의 경쟁사 중 하나로 명시하고 있습니다. Workday와 Dayforce는 클라우드 기반 또는 AI 기반 솔루션을 제공하는 엔터프라이즈 소프트웨어 시장, 특히 인적 자원 관리(HCM) 분야에서 경쟁하는 것으로 추정됩니다. Workday는 자사의 애플리케이션 전체 또는 일부만을 다루는 특정 애플리케이션 공급업체 중 하나로 Dayforce를 포함하고 있습니다. 문서에는 두 회사 간의 구체적인 경쟁 제품이나 서비스, 협력 관계, 공급망 관계 또는 투자 관계에 대한 서술이 없습니다.",list|target_absent|truncated,"These vendors include, without limitation, Anaplan, Inc.; ADP; Coupa Software Inc.; Dayforce, Inc.; Microsoft; NetSuite; ServiceNow, Inc.; and UKG Inc.
In addition, other cloud or AI platform companies that provide services in different target markets or industries may develop applications or acquire companies that operate in our target markets or industries, and some potential customers may elect to develop their own internal applications. However, the domain and industry expertise that is required for a successful solution in the areas of financial management and HCM may inhibit new entrants, who may also be unable to invest the necessary capital to accurately address global requirements and regulations.",WDAY 10-K FY2025 · Item 1 사업,"DAY(Dayforce, Inc.)는 텍스트에 언급된 벤더 중 하나입니다. WDAY 미등장.",근거 문장에 상대 종목 미등장 — 관계 근거로 불충분,"DAY: 미국, 캐나다 및 국제 시장에서 인적 자본 관리(HCM) 소프트웨어 솔루션을 제공합니다.
클라우드 기반 Dayforce 플랫폼을 통해 인사, 급여, 복리후생, 인력 관리 및 인재 관리 기능을 통합 제공하는 기업입니다.","WDAY: 재무 관리, 인적 자원 관리(HCM) 등을 포함한 기업용 클라우드 애플리케이션을 제공합니다.
엔터프라이즈 클라우드 소프트웨어 시장에서 특히 HCM 및 재무 관리 솔루션 분야의 선두 주자입니다.","”) and SAP SE (“SAP”). We also face competition from other enterprise software vendors, from regional competitors that only operate in certain geographic markets, from vendors of specific applications that address only one or a portion of our applications, and from vendors that specialize in specific industries in which we provide services, some of which offer cloud-based or AI-powered solutions. These vendors include, without limitation, Anaplan, Inc.; ADP; Coupa Software Inc.; Dayforce, Inc.; Microsoft; NetSuite; ServiceNow, Inc.; and UKG Inc.",,OK,"문단에서 Workday가 Dayforce, Inc.를 경쟁사 목록에 명시적으로 포함하고 있다."
DDOG↔MSFT,COMPETES_WITH,"SEC 10-K: With respect to on-premise infrastructure monitoring, we compete with diversified technology compani",온프레미스 인프라 모니터링,True,,pending,pending,False,True,0.8,True,pending,pending,False,False,False,기타,"이 문단은 Datadog이 자사의 통합 플랫폼이 경쟁하는 다양한 제품 카테고리에서 직면하는 경쟁 환경을 설명하고 있습니다. Datadog은 온프레미스 인프라 모니터링과 클라우드 모니터링 시장에서 경쟁사들을 명시합니다. Datadog은 온프레미스 인프라 모니터링 시장에서 Microsoft Corporation과 경쟁 관계에 있다고 서술합니다. 또한 Datadog은 클라우드 모니터링 시장에서 Microsoft Azure와 같은 클라우드 제공업체의 자체 솔루션과 경쟁합니다. 문서에 따르면 Datadog은 Microsoft를 통해 자사 솔루션을 고객 마켓플레이스에서 직접 제공하는 것을 허용할 수도 있다고 언급하며, 이는 잠재적으로 협력과 경쟁이 공존할 수 있는 복합적인 관계를 시사합니다. 하지만 현재 문단은 주로 경쟁 관계에 초점을 맞추고 있습니다. 문서에는 두 회사 간의 구체적인 협력 범위나 조건, 또는 투자 관계에 대한 상세한 서술이 없습니다.",target_absent|truncated,"With respect to on-premise infrastructure monitoring, we compete with diversified technology companies and systems management vendors including IBM, Microsoft Corporation, and SolarWinds Corporation. With respect to APM, we compete with companies including Cisco Systems, Inc., New Relic, Inc.",DDOG 10-K FY2025 · Item 1 사업,DDOG(we)는 온프레미스 인프라 모니터링 및 APM 분야에서 경쟁하는 주체입니다. MSFT(Microsoft Corporation)는 온프레미스 인프라 모니터링 분야의 경쟁사 중 하나입니다.,근거 문장에 상대 종목 미등장 — 관계 근거로 불충분,"DDOG: 클라우드 기반 개발자, IT 운영팀, 비즈니스 사용자를 위한 모니터링 및 분석 플랫폼을 제공합니다.
인프라 모니터링, 애플리케이션 성능 관리, 로그 관리 및 보안 모니터링을 통합하여 실시간 관측성(Observability)을 제공하는 SaaS 기업입니다.","MSFT: 소프트웨어, 서비스, 장치 및 솔루션을 개발하고 지원합니다.
Windows 운영체제, Office 생산성 소프트웨어, Azure 클라우드 서비스 등을 제공하는 글로벌 기술 기업입니다.","Our unified platform combines functionality from numerous traditional product categories, and hence we compete in each of these categories with home-grown and open-source technologies, as well as a number of different vendors. With respect to on-premise infrastructure monitoring, we compete with diversified technology companies and systems management vendors including IBM, Microsoft Corporation, and SolarWinds Corporation. With respect to APM, we compete with companies including Cisco Systems, Inc., New Relic, Inc. and Dynatrace Software Inc. With respect to log management, we compete with companies including Cisco Systems, Inc. and Elastic N.V. With respect to cloud monitoring, we compete with native solutions from cloud providers such as AWS, GCP and Microsoft Azure. In addition, we may increasingly choose to allow these third-party hosting providers to offer our solutions directly through their customer marketplaces. An increasing number of sales through cloud provider marketplaces could reduce both the number of customers with whom we have direct commercial relationships as well as our profit margins on sales made through such marketplaces.",,OK,문단에서 Datadog이 온프레미스 인프라 모니터링 및 클라우드 모니터링 분야에서 Microsoft와 경쟁한다고 명시적으로 서술하고 있다.
DDOG↔SNDK,COMPETES_WITH,"SEC 10-K: With respect to on-premise infrastructure monitoring, we compete with diversified technology compani",,False,,pending,pending,False,True,0.0,True,pending,pending,False,False,False,,"이 문단은 Datadog이 자사의 통합 플랫폼이 경쟁하는 다양한 제품 카테고리에서 직면하는 경쟁 환경을 설명합니다. Datadog은 인프라 모니터링, APM, 로그 관리 및 클라우드 모니터링 시장에서 경쟁사들을 명시하고 있습니다. 주어진 문단에는 Datadog과 SanDisk(SNDK) 간의 어떠한 관계도 명시되어 있지 않습니다. Datadog은 다양한 시장에서 경쟁사들을 나열하지만, SanDisk는 이 목록에 포함되어 있지 않습니다. SanDisk의 프로필은 낸드 플래시 기술 기반 스토리지 장치를 언급하지만, Datadog의 모니터링 및 분석 플랫폼과 직접적으로 언급된 관계는 없습니다. 문서에는 두 회사 간의 경쟁, 협력, 공급망, 투자 관계 등 어떠한 구체적인 관계도 서술되어 있지 않습니다.",target_absent|truncated,"With respect to on-premise infrastructure monitoring, we compete with diversified technology companies and systems management vendors including IBM, Microsoft Corporation, and SolarWinds Corporation. With respect to APM, we compete with companies including Cisco Systems, Inc., New Relic, Inc.",DDOG 10-K FY2025 · Item 1 사업,DDOG(we)는 온프레미스 인프라 모니터링 및 APM 분야에서 경쟁하는 주체입니다. SNDK 미등장.,근거 문장에 상대 종목 미등장 — 관계 근거로 불충분,"DDOG: 클라우드 기반 개발자, IT 운영팀, 비즈니스 사용자를 위한 모니터링 및 분석 플랫폼을 제공합니다.
인프라 모니터링, 애플리케이션 성능 관리, 로그 관리 및 보안 모니터링을 통합하여 실시간 관측성(Observability)을 제공하는 SaaS 기업입니다.","SNDK: 낸드 플래시 기술 기반의 스토리지 장치 및 솔루션을 개발, 제조, 공급합니다.
솔리드 스테이트 드라이브, 임베디드 제품 및 이동식 카드 등 플래시 메모리 시장의 주요 기업입니다.","Our unified platform combines functionality from numerous traditional product categories, and hence we compete in each of these categories with home-grown and open-source technologies, as well as a number of different vendors. With respect to on-premise infrastructure monitoring, we compete with diversified technology companies and systems management vendors including IBM, Microsoft Corporation, and SolarWinds Corporation. With respect to APM, we compete with companies including Cisco Systems, Inc., New Relic, Inc. and Dynatrace Software Inc. With respect to log management, we compete with companies including Cisco Systems, Inc. and Elastic N.V. With respect to cloud monitoring, we compete with native solutions from cloud providers such as AWS, GCP and Microsoft Azure. In addition, we may increasingly choose to allow these third-party hosting providers to offer our solutions directly through their customer marketplaces. An increasing number of sales through cloud provider marketplaces could reduce both the number of customers with whom we have direct commercial relationships as well as our profit margins on sales made through such marketplaces.",,DROP,"문단에 SanDisk가 전혀 언급되어 있지 않으며, 두 회사는 산업군(클라우드 모니터링 대 플래시 메모리)이 다르다."
DG↔DLTR,COMPETES_WITH,"SEC 10-K: Our primary direct competitors are Walmart, Family Dollar and Dollar Tree.",소매업,True,,auto_candidate,pending,True,True,1.0,True,auto_candidate,pending,False,False,False,소매·소비재,"이 문단은 Dollar General이 운영하는 기본 할인 소비재 시장의 경쟁 환경을 설명하고 있습니다. Dollar General은 가격, 고객, 매장 위치 등 여러 측면에서 매우 경쟁이 치열하다고 명시하며 주요 경쟁사들을 언급합니다. Dollar General은 Dollar Tree와 Family Dollar를 자사의 주요 직접 경쟁사로 명시하고 있습니다. Dollar Tree는 Dollar Tree와 Family Dollar 브랜드를 모두 운영하므로, Dollar General은 Dollar Tree 기업 자체와 경쟁하는 동시에 해당 기업의 Family Dollar 브랜드와도 경쟁합니다. 두 회사는 기본 할인 소비재 시장에서 가격, 고객, 매장 위치, 상품 품질 및 구색, 서비스 제공 등 여러 측면에서 치열하게 경쟁하고 있습니다. 이들 경쟁사들은 Dollar General이 운영하는 많은 지역에 매장을 운영하며 광범위한 광고 및 마케팅 활동을 벌이고 있습니다. 문서에는 두 회사 간의 협력 관계, 공급망 관계 또는 투자 관계에 대한 서술이 없습니다.",,"Our primary direct competitors are Walmart, Family Dollar and Dollar Tree. These and other retail companies operate stores in many of the areas where we operate, and many of them engage in extensive advertising and marketing efforts.",DG 10-K FY2025 · Item 1 사업,DG(Our)는 주요 직접 경쟁사를 나열하는 주체입니다. DLTR(Dollar Tree)은 DG의 주요 직접 경쟁사 중 하나입니다.,,"DG: 미국 남부, 남서부, 중서부 및 동부 지역에서 다양한 소비재 및 생활용품을 판매하는 할인 소매점을 운영합니다.
식료품, 청소용품, 건강/미용 제품 등 일상 필수품을 저렴한 가격에 제공하여 가치 중심 고객층을 공략합니다.","DLTR: 달러 트리 및 패밀리 달러 브랜드를 통해 다양한 할인 잡화 및 생활용품 소매점을 운영합니다.
달러 트리는 모든 제품을 1.25달러에 판매하며, 패밀리 달러는 다양한 가격대의 필수품을 제공하는 주요 할인 유통업체입니다.","We operate in the basic discount consumer goods market, which is highly competitive with respect to price, customers, store location, merchandise quality, assortment and presentation, service offerings, in-stock consistency, customer service, promotional activity, employees, and market share. We compete with discount stores and, to varying degrees, other retailers, including mass merchandise, convenience, variety, drug, grocery, warehouse club, online and certain specialty stores. Our primary direct competitors are Walmart, Family Dollar and Dollar Tree. These and other retail companies operate stores in many of the areas where we operate, and many of them engage in extensive advertising and marketing efforts. Certain of our competitors have greater financial, distribution, marketing and other resources than we do and may be able to secure better arrangements from suppliers than we can. Competition is intense and we believe it will continue to be so, with certain competitors reducing their store locations while others move into or increase their presence in our geographic and product markets and increase the availability of mobile, web-based and other digital technology to facilitate a more convenient and competitive online and in-store customer shopping experience.",,OK,문단에서 Dollar General의 주요 직접 경쟁사로 Family Dollar와 Dollar Tree(모두 DLTR의 브랜드)를 명시적으로 언급하고 있다.
DG↔WMT,COMPETES_WITH,"SEC 10-K: Our primary direct competitors are Walmart, Family Dollar and Dollar Tree.",할인 소매,True,,auto_candidate,pending,True,True,1.0,True,auto_candidate,pending,False,False,False,소매·소비재,"이 문단은 DG(Dollar General)가 활동하는 기본 할인 소비재 시장의 경쟁 환경을 설명한다. DG는 치열한 경쟁 속에서 가격, 고객, 매장 위치 등 다양한 요소를 기반으로 경쟁하며 주요 경쟁자들을 명시하고 있다. DG의 관점에서 볼 때, Walmart(WMT)는 DG의 '주요 직접 경쟁자' 중 하나이다. 두 회사는 할인 소매 시장에서 매장 운영 지역이 겹치며, Walmart를 포함한 경쟁사들은 DG보다 더 많은 재정적, 유통, 마케팅 자원을 보유하고 있을 수 있다. 문서에는 두 회사 간의 공급망 관계, 투자 관계, 또는 파트너십에 대한 서술은 없다.",,"Our primary direct competitors are Walmart, Family Dollar and Dollar Tree. These and other retail companies operate stores in many of the areas where we operate, and many of them engage in extensive advertising and marketing efforts.",DG 10-K FY2025 · Item 1 사업,DG(Our)는 주요 직접 경쟁사를 나열하는 주체입니다. WMT(Walmart)는 DG의 주요 직접 경쟁사 중 하나입니다.,,"DG: 미국 남부, 남서부, 중서부 및 동부 지역에서 다양한 소비재 및 생활용품을 판매하는 할인 소매점을 운영합니다.
식료품, 청소용품, 건강/미용 제품 등 일상 필수품을 저렴한 가격에 제공하여 가치 중심 고객층을 공략합니다.","WMT: 하이퍼마켓, 할인점, 식료품점을 운영하며 다양한 상품을 저렴한 가격으로 판매합니다.
전 세계적으로 가장 큰 소매업체이자 전자상거래 시장에서도 강력한 입지를 가진 리더입니다. (일반 지식 기반)","We operate in the basic discount consumer goods market, which is highly competitive with respect to price, customers, store location, merchandise quality, assortment and presentation, service offerings, in-stock consistency, customer service, promotional activity, employees, and market share. We compete with discount stores and, to varying degrees, other retailers, including mass merchandise, convenience, variety, drug, grocery, warehouse club, online and certain specialty stores. Our primary direct competitors are Walmart, Family Dollar and Dollar Tree. These and other retail companies operate stores in many of the areas where we operate, and many of them engage in extensive advertising and marketing efforts. Certain of our competitors have greater financial, distribution, marketing and other resources than we do and may be able to secure better arrangements from suppliers than we can. Competition is intense and we believe it will continue to be so, with certain competitors reducing their store locations while others move into or increase their presence in our geographic and product markets and increase the availability of mobile, web-based and other digital technology to facilitate a more convenient and competitive online and in-store customer shopping experience.",,OK,문단에서 DG의 주요 경쟁사 중 하나로 WMT를 명시적으로 언급함.
DIS↔FOXA,COMPETES_WITH,"SEC 10-K: direct-to-consumer streaming services such as ESPN+, YouTube, Peacock, Amazon Prime Video, Netflix, ",스트리밍 서비스,True,,pending,pending,False,True,0.7,True,pending,pending,False,True,False,미디어·스트리밍·검색,"이 문단은 Fox Corporation(FOXA)의 FS1, FS2, Big Ten Network이 직면한 경쟁 환경을 설명하며, 스포츠 프로그래밍 권리, 유통, 시청자 및 광고주를 놓고 다양한 미디어 서비스와 경쟁하고 있음을 기술한다. FOXA의 FS1, FS2, Big Ten Network은 Disney(DIS) 소유의 ESPN 및 ESPN+와 '주요 경쟁자' 관계에 있다. 이들 채널과 스트리밍 서비스는 전국적 수준에서 스포츠 프로그래밍 권리, 유통, 시청자 유치 및 광고주 확보를 위해 서로 경쟁한다. 문서에는 두 회사 간의 콘텐츠 제작 협력, 플랫폼 공유, 또는 기타 사업적 제휴에 대한 서술은 없다.",list|target_absent|truncated,"On a national level, the primary competitors to FS1, FS2, and the Big Ten Network are ESPN, ESPN2, TNT, TBS, USA Network, CBS Sports Network and The CW Network; league-owned networks such as NFL Network, NHL Network, NBA TV and MLB Network; collegiate conference-specific networks such as the SEC Network and ACC Network; and direct-to-consumer streaming services such as ESPN+, YouTube, Peacock, Amazon Prime Video, Netflix, Apple TV+, Paramount+, HBO Max and Roku, among others. In regional markets, the Big Ten Network competes with regional sports networks, local broadcast television stations and other sports programming providers and distributors.
6
Television
The Television segment produces, acquires, markets and distributes programming through the FOX broadcast network, the Tubi AVOD service, broadcast television stations and other digital platforms, primarily in the U.S.",FOXA 10-K FY2025 · Item 7 MD&A,"DIS 미등장. FOXA(FOX broadcast network)는 텔레비전 부문이 프로그램을 제작, 획득, 마케팅 및 배포하는 채널로 언급됩니다.",근거 문장에 상대 종목 미등장 — 관계 근거로 불충분,"DIS: 전 세계적으로 미디어 및 엔터테인먼트 콘텐츠 제작과 배급, 그리고 테마파크, 리조트 사업을 영위합니다.
디즈니+, 마블, 스타워즈, 픽사 등 강력한 브랜드와 지적재산권을 기반으로 글로벌 엔터테인먼트 시장을 선도합니다.","FOXA: 미국에서 뉴스, 스포츠 및 엔터테인먼트 콘텐츠를 생산하고 배포하는 미디어 기업입니다.
FOX News, FOX Business, FS1 등 케이블 네트워크 프로그래밍과 TV 방송 부문을 통해 미국 미디어 시장의 주요 플레이어입니다.",". A number of basic and pay television programming services, direct-to-consumer streaming services, and free-to-air stations and broadcast networks compete with FS1, FS2 and the Big Ten Network for sports programming rights, distribution, audiences and advertisers. On a national level, the primary competitors to FS1, FS2, and the Big Ten Network are ESPN, ESPN2, TNT, TBS, USA Network, CBS Sports Network and The CW Network; league-owned networks such as NFL Network, NHL Network, NBA TV and MLB Network; collegiate conference-specific networks such as the SEC Network and ACC Network; and direct-to-consumer streaming services such as ESPN+, YouTube, Peacock, Amazon Prime Video, Netflix, Apple TV+, Paramount+, HBO Max and Roku, among others. In regional markets, the Big Ten Network competes with regional sports networks, local broadcast television stations and other sports programming providers and distributors.",,OK,문단에서 FOXA의 스포츠 채널들이 DIS 소유의 ESPN과 경쟁한다고 명시적으로 서술함.
DOV↔IR,COMPETES_WITH,"SEC 10-K: Our primary competitors include Dover, Graco, IDEX Corporation, KNF Neuberger, Netzsch, NOV, Sartori",,True,,pending,pending,False,True,1.0,True,pending,pending,False,True,False,,"이 문단은 IR(Ingersoll Rand)의 Precision and Science Technologies 부문이 진출한 시장의 경쟁 환경을 설명한다. 이 시장에서는 주로 제품 품질과 성능을 기반으로 경쟁하며, 효율적인 헬스케어 솔루션에 대한 수요가 증가하고 있음을 강조한다. IR의 관점에서 볼 때, Dover(DOV)는 IR의 Precision and Science Technologies 부문의 '주요 경쟁자' 중 하나이다. 두 회사는 제품 품질과 성능을 중심으로 경쟁하며, 특히 고객이 특정 용도에 맞게 제품을 검증해야 하는 시장에서 경쟁하고 있다. 문서에는 두 회사 간의 협력, 공급망 관계, 또는 기타 직접적인 사업 제휴에 대한 서술은 없다.",list|target_absent|truncated,"Our primary competitors include Dover, Graco, IDEX Corporation, KNF Neuberger, Netzsch, NOV, Sartorius, SPX Flow, Thermo Fisher Scientific, and Watson-Marlow, as well as other regional and local manufacturers.
Customers and Customer Service
We consider superior customer service to be one of our primary pillars of future success and view it as being built upon a foundation of critical application expertise, an industry leading range of compressor, pump, vacuum and blower products, a global manufacturing and sales presence and a long-standing reputation for quality and reliability. Intense customer focus is at the center of our vision of becoming the industry’s first choice for innovative and application-critical flow creation equipment, services and solutions.",IR 10-K FY2025 · Item 1 사업,DOV(Dover)는 'Our primary competitors'에 포함된 회사 중 하나로 언급됩니다. IR 미등장.,근거 문장에 상대 종목 미등장 — 관계 근거로 불충분,"DOV: 엔지니어링 제품, 클린 에너지 및 연료 공급, 펌프 및 공정 솔루션 등 다양한 산업 장비 및 부품을 제공합니다.
전 세계적으로 애프터마켓 부품, 소프트웨어, 디지털 솔루션 및 지원 서비스도 제공하는 다각화된 산업 제조업체입니다.","IR: 잉거솔랜드는 공기, 유체, 에너지 및 의료 기술을 포함하는 다양한 미션 크리티컬 산업용 제품과 서비스를 제공합니다.
산업 기술 및 서비스, 정밀 과학 기술 분야에서 압축기, 펌프 및 전동 공구 등 핵심 장비를 공급하는 글로벌 기업입니다.","Competition in the markets served by our Precision and Science Technologies segment is primarily based on product quality and performance, as most products must be qualified by the customer for a particular use. Further, there is an increasing demand for more efficient healthcare solutions, which is driving the adoption of premium and high performance systems. Our primary competitors include Dover, Graco, IDEX Corporation, KNF Neuberger, Netzsch, NOV, Sartorius, SPX Flow, Thermo Fisher Scientific, and Watson-Marlow, as well as other regional and local manufacturers.",,OK,문단에서 IR의 주요 경쟁사 중 하나로 DOV를 명시적으로 언급함.
DXCM↔MDT,COMPETES_WITH,SEC 10-K: Medtronic plc’s Diabetes Group (which implemented a spinoff of its diabetes business into a separate,당뇨병 관리,False,COMPETES_WITH,pending,pending,True,True,0.1,True,noise_self_contradiction,pending,True,False,False,당뇨병 관리,"이 문단은 DXCM(Dexcom)이 속한 혈당 모니터링 장치 시장의 경쟁 환경을 설명한다. 이 시장은 매우 경쟁이 치열하며 신제품 출시와 업계 활동에 크게 영향을 받는다고 명시되어 있다. DXCM의 연속 혈당 측정(CGM) 시스템 판매와 관련하여, Medtronic(MDT)의 Diabetes Group은 DXCM의 '직접적인 경쟁자'이다. 이들 회사는 혈당 모니터링 장치 시장에서 경쟁하며, DXCM과 함께 자가 모니터링 혈당 테스트 시스템의 전 세계 매출 대부분을 차지한다. 문서에는 두 회사 간의 기술 협력, 공동 개발, 또는 공급망 관계에 대한 서술은 없다.",m&a|truncated,"In selling our current CGM systems, we compete directly with the Diabetes Care division of Abbott Laboratories; Medtronic plc’s Diabetes Group (which implemented a spinoff of its diabetes business into a separate company called MiniMed); Roche Diabetes Care, a division of Roche Diagnostics; privately-held LifeScan, Inc.; Ascensia Diabetes Care; and other smaller market entrants, each of which manufactures and markets products for the single-point finger stick device market. Collectively with us, these companies currently account for the majority of the worldwide sales of self-monitored glucose testing systems.
Several companies are developing or commercializing products for continuous or periodic monitoring of glucose levels in the interstitial fluid under the skin that compete directly with our products.",DXCM 10-K FY2025 · Item 1 사업,"DXCM(we)은 현재 CGM 시스템 판매에서 경쟁하는 주체입니다. MDT(Medtronic plc’s Diabetes Group)는 DXCM의 직접 경쟁사 중 하나이며, 당뇨병 사업부를 별도 회사로 분사했습니다.",,"DXCM: 당뇨병 환자 및 의료 전문가를 위한 연속 혈당 측정(CGM) 시스템을 설계, 개발 및 상용화합니다.
DexCom G6, Dexcom ONE 등 실시간 혈당 데이터를 제공하는 기기를 통해 글로벌 의료기기 시장을 선도합니다.","MDT: 이식형 심장 박동기, 제세동기, 심장 판막 등 장치 기반의 의료 치료 기술 및 의료기기를 개발, 제조 및 판매합니다.
심혈관, 신경과학, 당뇨병, 의료-외과 분야에서 혁신적인 의료기기 및 솔루션을 제공하는 글로벌 선도 기업입니다.","The market for glucose monitoring devices is intensely competitive, subject to rapid change and significantly affected by new product introductions and other market activities of industry participants. In selling our current CGM systems, we compete directly with the Diabetes Care division of Abbott Laboratories; Medtronic plc’s Diabetes Group (which implemented a spinoff of its diabetes business into a separate company called MiniMed); Roche Diabetes Care, a division of Roche Diagnostics; privately-held LifeScan, Inc.; Ascensia Diabetes Care; and other smaller market entrants, each of which manufactures and markets products for the single-point finger stick device market. Collectively with us, these companies currently account for the majority of the worldwide sales of self-monitored glucose testing systems.",OK,OK,문단에서 DXCM이 MDT의 당뇨병 사업 부문과 직접 경쟁한다고 명시적으로 서술함.
EBAY↔GOOG,COMPETES_WITH,"SEC 10-K: From time to time, Alphabet has made changes to their algorithms and methodologies that have reduced",,False,DEPENDS_ON,pending,pending,True,True,0.0,True,pending,pending,False,False,False,,"이 문단은 eBay(EBAY)가 사업 운영에 있어 의존하는 외부 제품 및 서비스, 특히 경쟁사 소유 또는 통제 하에 있는 서비스로부터 발생하는 위험을 설명한다. eBay는 Google(GOOG) 검색 서비스에 크게 의존하여 자사 플랫폼으로 상당한 양의 트래픽을 유도한다. Google의 모회사인 Alphabet은 알고리즘 및 방법론을 변경하여 eBay 플랫폼으로 유입되는 트래픽 양을 줄일 수 있으며, 이는 경쟁 제품 또는 서비스를 홍보하는 방식으로도 나타날 수 있다. 즉, Google은 eBay에게 중요한 트래픽 공급원 역할을 하지만, 동시에 Google이 자사의 경쟁 제품이나 서비스를 통해 eBay와 간접적으로 경쟁할 수 있는 잠재적 경쟁자이자 플랫폼 제공자로서의 이중적 관계를 갖는다. 문서에는 두 회사 간의 직접적인 제품 경쟁 또는 파트너십에 대한 구체적인 서술은 없으며, Google이 어떤 제품으로 eBay와 직접 경쟁하는지에 대한 명시도 없다.",indirect|truncated,"From time to time, Alphabet has made changes to their algorithms and methodologies that have reduced the amount of traffic directed to our platforms, and they may continue to do so, including in a way that promotes their competing products or services. If our e-commerce competitors decide to advertise less, or not at all, through traditional search engines, or if consumers increasingly shift towards AI technologies such as AI chatbots and agents for their shopping transactions, traditional search engines may lose relevance.",EBAY 10-K FY2025 · Item 7 MD&A,EBAY(our platforms)는 Alphabet의 알고리즘 변경으로 트래픽 감소가 발생한 대상입니다. GOOG(Alphabet)는 알고리즘 변경을 통해 EBAY 플랫폼으로의 트래픽을 감소시키고 경쟁 제품/서비스를 홍보할 수 있는 주체입니다.,,"EBAY: 온라인 마켓플레이스 플랫폼을 통해 국내외 구매자와 판매자를 연결하여 다양한 상품을 판매합니다.
다양한 채널에서 사용자들이 품목을 등록, 구매, 판매, 결제할 수 있도록 지원하는 이커머스 시장의 주요 사업자입니다.","GOOG: 미국 및 전 세계적으로 광고, Android, Chrome, 기기, Gmail, Google Drive, Google Maps, 검색, YouTube를 포함한 다양한 제품과 플랫폼을 제공합니다.
Google Services, Google Cloud, Other Bets 부문을 통해 온라인 광고, 클라우드 컴퓨팅 및 인터넷 서비스 시장에서 지배적인 위치를 차지하는 글로벌 기술 대기업입니다.","In addition, some of the products and services that we and our customers rely on are controlled or owned by our competitors, which increases the risk that the pricing, availability, and terms or operation for these products and services could change in a way that harms our business. For example, we rely on major online application stores for distribution of our application. If these application store providers modify or implement new terms, we may be forced to modify our products to maintain our ability to remain in that application store. If we are unable to use or adapt to operational changes in such services, we may face higher costs for such services, face integration or technological barriers or lose customers, which could materially harm our business. In addition, we rely on Google search to direct a significant amount of traffic to our platforms. From time to time, Alphabet has made changes to their algorithms and methodologies that have reduced the amount of traffic directed to our platforms, and they may continue to do so, including in a way that promotes their competing products or services. If our e-commerce competitors decide to advertise less, or not at all, through traditional search engines, or if consumers increasingly shift towards AI technologies such as AI chatbots and agents for their shopping transactions, traditional search engines may lose relevance. As a result, we could experience a reduced amount of search traffic directed to us and be forced to adjust our advertising practices sooner or more dramatically than we may have anticipated.",,OK,"문단에서 EBAY가 Google 검색에 트래픽을 의존하며, Alphabet(GOOG)이 알고리즘 변경으로 EBAY 사업에 영향을 미칠 수 있고 경쟁 제품을 홍보할 수 있다고 명시적으로 서술함."
EFX↔FICO,COMPETES_WITH,"SEC 10-K: For example, Experian, TransUnion and Equifax have developed a credit scoring product to compete dir",신용 점수 산정 제품,True,,pending,pending,False,True,0.9,True,pending,pending,False,True,False,신용 점수 산정 제품,"이 문단은 FICO가 제품을 유통하고 판매하는 방식, 특히 유통업체 및 파트너 관계의 중요성과 그로부터 발생할 수 있는 잠재적 위험을 설명한다. FICO의 Scores 부문은 Equifax(EFX)를 포함한 유통업체 및 파트너에 의존하여 제품을 판매하고 배포한다. 동시에, Equifax는 FICO의 '직접적인 경쟁자'이기도 하다. Equifax는 FICO의 제품과 직접 경쟁하는 신용 점수 제품을 개발하여 적극적으로 판매하고 있으며, 이로 인해 FICO의 제품 및 서비스 판매에 상당한 해를 끼칠 수 있다고 명시된다. 문서에는 두 회사 간의 공동 개발이나 투자 관계에 대한 서술은 없다.",list|target_absent|truncated,"For example, Experian, TransUnion and Equifax have developed a credit scoring product to compete directly with our products and are actively selling that product. Competition from distributors or other sales and marketing partners could significantly harm sales of our products and services.
We will continue to rely upon proprietary technology rights, and if we are unable to protect them, our business could be harmed.
20
Table of Contents
Our success depends, in part, upon our proprietary technology and other intellectual property rights.",FICO 10-K FY2025 · Item 1A 위험,EFX(Equifax)는 '우리 제품'과 직접 경쟁하는 신용 점수 제품을 개발한 회사 중 하나로 언급됩니다. FICO(our products)는 EFX 등의 회사들이 개발한 신용 점수 제품과 직접 경쟁하는 대상입니다.,근거 문장에 상대 종목 미등장 — 관계 근거로 불충분,"EFX: 기업, 정부, 소비자에게 정보 솔루션 및 인적 자원 비즈니스 프로세스 자동화 아웃소싱 서비스를 제공합니다.
고용, 소득, 신용 정보 검증 등 다양한 소비자 및 상업 정보 서비스를 제공하는 데이터 분석 및 신용 정보 시장의 선두 기업 중 하나입니다.","FICO: 기업이 의사 결정을 자동화하고 향상시킬 수 있도록 분석, 소프트웨어 및 데이터 관리 제품과 서비스를 개발합니다.
마케팅, 고객 관리, 사기 탐지 등 다양한 비즈니스 문제 해결을 위한 솔루션을 제공하는 분석 및 의사결정 관리 소프트웨어 시장의 선두 기업입니다.","Many of our products are sold by distributors or partners, and we intend to continue to market and distribute our products through these existing distributor and partner relationships, as well as invest resources to develop additional sales, distribution and marketing relationships. For example, our Scores segment relies on, among others, Experian, TransUnion and Equifax. Failure of our existing and future distributors or partners to generate significant revenues or otherwise perform their expected services or functions, demands by such distributors or partners to change the terms on which they offer our products, or our failure to establish additional distribution or sales and marketing alliances, could have a material adverse effect on our business, operating results and financial condition. In addition, certain of our distributors and partners presently compete with us and may compete with us in the future, either by developing competitive products themselves or by distributing competitive offerings. For example, Experian, TransUnion and Equifax have developed a credit scoring product to compete directly with our products and are actively selling that product. Competition from distributors or other sales and marketing partners could significantly harm sales of our products and services.",,OK,"문단에서 FICO의 스코어 부문이 EFX에 의존한다고 명시적으로 언급하며, EFX가 FICO의 제품과 직접 경쟁하는 신용 스코어링 제품을 개발했다고 서술함."
EXPE↔GOOGL,COMPETES_WITH,"SEC 10-K: In addition to the growth of online travel agencies, we have seen continued interest in the online t",온라인 여행사,False,COMPETES_WITH,pending,pending,False,True,0.2,True,noise_self_contradiction,pending,True,False,False,여행·숙박·크루즈,"이 문단은 Expedia Group(EXPE)이 속한 온라인 여행 시장의 광범위하고 경쟁적인 특성을 설명한다. 특히 검색 엔진 회사인 Google과 같은 새로운 경쟁자들의 등장을 언급하며, 기술 발전이 경쟁 환경에 미치는 영향을 강조한다. Google(GOOGL)은 온라인 여행 산업에 지속적인 관심을 보여왔으며, 자사의 AdWords 및 Google Travel, Google Flights, Hotel Ads와 같은 메타검색 제품을 검색 결과에서 우선순위에 두어 Expedia Group과 '경쟁'한다. Google은 제품 개선을 통해 온라인 여행 시장에 진입하고 있으며, 이는 기존 온라인 여행사인 Expedia Group에 대한 경쟁 압력을 가중시킨다. 문서에는 두 회사 간의 협력 관계, 기술 공유, 또는 기타 사업적 제휴에 대한 서술은 없다.",m&a|target_absent|truncated,"In addition to the growth of online travel agencies, we have seen continued interest in the online travel industry from search engine companies such as Google, evidenced by continued product enhancements, and prioritizing its own AdWords and metasearch products such as Google Travel, Google Flights and Hotel Ads, in search results. Competitive entrants such as “metasearch” companies, including Kayak.com (owned by Booking Holdings), trivago (in which Expedia Group owns a majority interest) as well as TripAdvisor, introduced differentiated features, pricing and content compared with the legacy online travel agency companies, as well as various forms of direct or assisted booking tools.",EXPE 10-K FY2025 · Item 7 MD&A,"EXPE는 trivago의 대주주로 언급된 회사이며, GOOGL은 온라인 여행 산업에 관심을 보이는 검색 엔진 회사로 자사 제품을 검색 결과에 우선시하는 주체로 언급됩니다.",근거 문장에 상대 종목 미등장 — 관계 근거로 불충분,"EXPE: 미국 및 전 세계적으로 온라인 여행 서비스를 운영하며 호텔, 항공권, 렌터카 등 다양한 여행 상품을 제공합니다.
Brand Expedia, Hotels.com, Vrbo 등의 브랜드를 통해 소매 및 B2B 여행 솔루션을 제공하는 글로벌 온라인 여행 시장의 선두 주자입니다.","GOOGL: Google의 모회사로, 온라인 광고, 클라우드 컴퓨팅, 가전제품 및 인공지능을 포함한 다양한 기술 분야에서 사업을 운영합니다.
세계에서 가장 큰 기술 기업 중 하나로, 혁신적인 제품과 서비스를 통해 글로벌 기술 및 인터넷 서비스 시장을 선도합니다.","The market opportunity for online travel is broad and highly competitive. Online penetration of travel expenditures is higher in the U.S. and Western European markets with online penetration rates in some emerging markets, such as Latin America and Eastern European regions, lagging behind those regions. Emerging markets continue to present an attractive growth opportunity for our business, while also attracting many competitors to online travel. Technological developments in generative AI tools are increasingly being used to create competing offerings, such as AI powered digital planning and assistance, further increasing competition. In addition to the growth of online travel agencies, we have seen continued interest in the online travel industry from search engine companies such as Google, evidenced by continued product enhancements, and prioritizing its own AdWords and metasearch products such as Google Travel, Google Flights and Hotel Ads, in search results. Competitive entrants such as “metasearch” companies, including Kayak.com (owned by Booking Holdings), trivago (in which Expedia Group owns a majority interest) as well as TripAdvisor, introduced differentiated features, pricing and content compared with the legacy online travel agency companies, as well as various forms of direct or assisted booking tools. Further, airlines and lodging companies are aggressively pursuing direct online distribution of their products and services. In addition, the increasing popularity of the “sharing economy,” accelerated by online penetration, has had a direct impact on the travel and lodging industry. Businesses such as Airbnb, Vrbo and Booking.com have emerged as the leaders, bringing incremental alternative accommodation inventory to the market. Other competitors have arisen, including alternative accommodation property managers, who operate their own booking sites in addition to listing on Airbnb, Vrbo, and Booking.com. Additionally, traditional consumer ecommerce players have expanded their local offerings by adding hotel offers to their websites. Ride sharing app Uber has added transportation and experience offerings to its app via partnerships with other travel pr",OK,OK,"문단에서 EXPE가 Google(GOOGL)이 온라인 여행 산업에 지속적인 관심을 보이며, 자사 제품을 검색 결과에서 우선시하여 경쟁하고 있다고 명시적으로 서술함."
FAST↔GPC,COMPETES_WITH,"SEC 10-K: In industrial distribution, our main competitor is Applied Industrial Technologies, Inc., but we als",산업 유통,False,COMPETES_WITH,pending,pending,False,True,0.0,True,noise_self_contradiction,pending,True,True,False,자동차·부품·산업재,"이 문단은 GPC(Genuine Parts Company)의 경쟁 환경을 설명하며, 자동차 부문과 산업 유통 부문의 주요 경쟁자들을 명시하고 있다. GPC의 산업 유통 부문에서 Fastenal(FAST)은 GPC의 '경쟁자' 중 하나이다. GPC는 Applied Industrial Technologies, Inc.를 주요 경쟁자로 언급하면서도, Fastenal Company 및 W.W. Grainger, Inc. 등과도 경쟁하고 있다고 명시한다. 따라서 두 회사는 산업 유통 시장에서 서로 경쟁한다. 문서에는 두 회사 간의 공급망 관계, 공동 사업, 또는 투자 관계에 대한 서술은 없다.",list|target_absent|truncated,"In industrial distribution, our main competitor is Applied Industrial Technologies, Inc., but we also compete against Fastenal Company, and W.W. Grainger, Inc, among many other smaller, regional competitors. 
Our competitive advantages are based on broad product availability, quality service, strong brand recognition, and competitive pricing.",GPC 10-K FY2025 · Item 1 사업,FAST는 산업 유통 분야의 경쟁사 중 하나로 언급됩니다. GPC 미등장.,근거 문장에 상대 종목 미등장 — 관계 근거로 불충분,"FAST: 미국 및 전 세계적으로 산업 및 건설용품을 도매 유통하며, 주로 패스너 및 관련 산업용 소모품을 공급합니다.
제조 제품, 건설 프로젝트 및 기계 유지보수에 사용되는 광범위한 산업용품을 공급하는 산업 유통 시장의 주요 기업입니다.","GPC: 자동차 교체 부품 및 산업용 부품과 자재를 유통하며, 자동차 부품 그룹과 산업 부품 그룹으로 사업을 운영합니다.
하이브리드/전기차, 트럭, SUV 등 다양한 차량용 부품 및 산업 유지보수 부품을 공급하는 글로벌 자동차 애프터마켓 및 산업 유통 시장의 주요 기업입니다.","In our Automotive segments, competition comes from specialty parts chains, automobile manufacturers (including those selling parts for their own and other manufacturers’ vehicles), automobile dealers, warehouse clubs, mass merchandisers and online retailers. Key competitors in North America include AutoZone, Inc., O'Reilly Auto Parts, Inc., Advance Auto Parts, Inc., and LKQ Corporation, among others. Internationally, competitors include LKQ Corporation, which has a strong presence in Europe, and Bapcor in Australasia, among many others. In industrial distribution, our main competitor is Applied Industrial Technologies, Inc., but we also compete against Fastenal Company, and W.W. Grainger, Inc, among many other smaller, regional competitors.",OK,OK,문단에서 GPC가 FAST와 산업 유통 분야에서 경쟁한다고 명시적으로 언급함.
FIS↔JKHY,COMPETES_WITH,SEC 10-K: Our core solutions compete with large vendors that provide information and transaction processing so,정보·거래 처리 솔루션,True,,pending,pending,False,True,0.5,True,pending,pending,False,False,False,기타,"이 문단은 잭 헨리 앤 어소시에이츠(JKHY)가 자사 핵심 솔루션의 경쟁 환경을 설명하는 맥락에서 작성되었습니다. 잭 헨리 앤 어소시에이츠는 은행 및 신용조합에 정보 및 거래 처리 솔루션을 제공하며, 이 핵심 솔루션 분야에서 피델리티 내셔널 인포메이션 서비스(FIS)와 경쟁 관계에 있습니다. FIS는 잭 헨리 앤 어소시에이츠가 언급한 대형 벤더 중 하나로, 동일한 금융 기관 고객에게 유사한 정보 및 거래 처리 솔루션을 제공합니다. 즉, 두 회사는 은행과 신용조합을 대상으로 하는 핵심 기술 및 처리 솔루션 시장에서 경쟁합니다. 문서에는 두 회사의 구체적인 경쟁 양상이나 특정 제품 간의 직접적인 비교, 또는 거래 관계에 대한 서술은 없습니다.",m&a|target_absent|truncated,"For more than a decade, there has been significant consolidation among providers of products and services designed for banks and credit unions, and this consolidation is expected to continue in the future.
Our core solutions compete with large vendors that provide information and transaction processing solutions to banks and credit unions, including Fidelity National Information Services, Inc.; Fiserv, Inc.; Corelation, Inc.; and Finastra. Our non-core specialized solutions compete with an array of disparate vendors that provide niche solutions to financial services organizations and corporate entities.
Intellectual Property, Patents, and Trademarks  
Although we believe our success depends upon our technical expertise more than our proprietary rights, our future success and ability to compete depend in part upon our proprietary technology.",JKHY 10-K FY2025 · Item 1 사업,FIS는 정보 및 거래 처리 솔루션을 은행과 신용조합에 제공하는 대형 벤더 중 하나로 언급됩니다. JKHY 미등장.,근거 문장에 상대 종목 미등장 — 관계 근거로 불충분,"FIS: 전 세계 상인, 은행 및 자본 시장 기업에 기술 솔루션을 제공하며, 결제, 뱅킹 및 자본 시장 솔루션을 운영합니다.
기업 인수, 핵심 처리, 디지털 뱅킹 및 사기 관리 등 광범위한 금융 기술 서비스를 제공하는 글로벌 핀테크 시장의 주요 기업입니다.","JKHY: 잭 헨리 앤 어소시에이츠는 은행 및 신용조합 등 금융 서비스 기관을 위한 핵심 기술 솔루션과 결제 처리 서비스를 제공합니다.
금융 서비스 소프트웨어 및 결제 처리 시장에서 중소형 금융 기관을 위한 통합 플랫폼을 제공하는 주요 기업입니다.","Our core solutions compete with large vendors that provide information and transaction processing solutions to banks and credit unions, including Fidelity National Information Services, Inc.; Fiserv, Inc.; Corelation, Inc.; and Finastra. Our non-core specialized solutions compete with an array of disparate vendors that provide niche solutions to financial services organizations and corporate entities.",,OK,문단에서 JKHY의 핵심 솔루션이 FIS와 경쟁한다고 명시적으로 서술하고 있다.
FISV↔GPN,COMPETES_WITH,"SEC 10-K: Our competitors in this business include, but are not limited to, Fiserv, FIS, Marqeta, Nexi, Worldl",,True,,pending,pending,False,True,1.0,True,pending,pending,False,True,False,,"이 문단은 글로벌 페이먼츠(GPN)가 중단된 사업으로 분류된 자사의 발행사 솔루션(Issuer Solutions) 부문의 경쟁 환경을 설명하는 맥락에서 작성되었습니다. 글로벌 페이먼츠는 이 발행사 솔루션 사업에서 피서브(FISV)와 경쟁합니다. 피서브는 지급 카드 발행사에 서비스를 제공하는 시장에서 글로벌 페이먼츠의 주요 경쟁사 중 하나로 명시되어 있습니다. 따라서 두 회사는 지급 카드 발행사를 대상으로 하는 특정 서비스 시장에서 경쟁 관계를 형성합니다. 문서에는 두 회사의 핵심 사업이나 다른 솔루션 간의 경쟁 관계, 혹은 협력 관계에 대한 구체적인 서술은 없습니다.",list|target_absent|truncated,"Our competitors in this business include, but are not limited to, Fiserv, FIS, Marqeta, Nexi, Worldline, i2c, Bill.com, AvidExchange, Billtrust, Adyen, Stripe and Zeta.",GPN 10-K FY2025 · Item 1 사업,FISV는 언급된 사업 분야의 경쟁사 중 하나로 지칭됩니다. GPN은 이 사업을 영위하는 회사(Our)로서 FISV를 경쟁사 중 하나로 언급합니다.,근거 문장에 상대 종목 미등장 — 관계 근거로 불충분,"FISV: 전 세계적으로 결제 및 금융 서비스 기술을 제공하며, POS(판매 시점 정보 관리) 가맹점 인수 및 디지털 상거래 서비스를 운영합니다.
Clover와 같은 클라우드 기반 POS 플랫폼을 통해 가맹점 솔루션, 핀테크 및 결제 서비스를 제공하는 금융 서비스 기술 시장의 선두 기업입니다.","GPN: 아메리카, 유럽, 아시아 태평양 지역에서 카드, 전자, 수표 및 디지털 기반 결제를 위한 기술 및 소프트웨어 솔루션을 제공합니다.
가맹점 솔루션, 발행사 솔루션, 비즈니스 및 소비자 솔루션을 통해 전 세계 결제 기술 및 금융 서비스 시장의 주요 플레이어입니다.","Issuer Solutions, which is presented as a discontinued operation, encounters competition from other third-party payment card processors, the card brands, core banking platform providers, independent software vendors, B2B providers, and various other firms that deliver services to payment card issuers in the markets we serve, as well as financial institutions who provide such services in-house. Our competitors in this business include, but are not limited to, Fiserv, FIS, Marqeta, Nexi, Worldline, i2c, Bill.com, AvidExchange, Billtrust, Adyen, Stripe and Zeta.",,OK,문단에서 GPN의 경쟁사 중 하나로 FISV를 명시적으로 언급하고 있다.
FISV↔JKHY,COMPETES_WITH,SEC 10-K: Our core solutions compete with large vendors that provide information and transaction processing so,정보 및 거래 처리,True,,pending,pending,False,True,1.0,True,pending,pending,False,False,False,기타,"이 문단은 잭 헨리 앤 어소이에이츠(JKHY)가 자사 핵심 솔루션의 경쟁 환경을 설명하는 맥락에서 작성되었습니다. 잭 헨리 앤 어소시에이츠의 핵심 솔루션은 은행 및 신용조합에 정보 및 거래 처리 솔루션을 제공하며, 이 분야에서 피서브(FISV)와 경쟁합니다. 피서브는 잭 헨리 앤 어소시에이츠가 경쟁사로 지목한 대형 벤더 중 하나입니다. 따라서 두 회사는 은행과 신용조합을 위한 핵심 기술 및 처리 솔루션 시장에서 경쟁 관계에 있습니다. 문서에는 두 회사의 비핵심 솔루션 영역에서의 경쟁 여부나 그 외 다른 형태의 관계에 대한 구체적인 서술은 없습니다.",m&a|target_absent|truncated,"For more than a decade, there has been significant consolidation among providers of products and services designed for banks and credit unions, and this consolidation is expected to continue in the future.
Our core solutions compete with large vendors that provide information and transaction processing solutions to banks and credit unions, including Fidelity National Information Services, Inc.; Fiserv, Inc.; Corelation, Inc.; and Finastra. Our non-core specialized solutions compete with an array of disparate vendors that provide niche solutions to financial services organizations and corporate entities.
Intellectual Property, Patents, and Trademarks  
Although we believe our success depends upon our technical expertise more than our proprietary rights, our future success and ability to compete depend in part upon our proprietary technology.",JKHY 10-K FY2025 · Item 1 사업,FISV는 정보 및 거래 처리 솔루션을 은행과 신용조합에 제공하는 대형 벤더 중 하나로 언급됩니다. JKHY 미등장.,근거 문장에 상대 종목 미등장 — 관계 근거로 불충분,"FISV: 전 세계적으로 결제 및 금융 서비스 기술을 제공하며, POS(판매 시점 정보 관리) 가맹점 인수 및 디지털 상거래 서비스를 운영합니다.
Clover와 같은 클라우드 기반 POS 플랫폼을 통해 가맹점 솔루션, 핀테크 및 결제 서비스를 제공하는 금융 서비스 기술 시장의 선두 기업입니다.","JKHY: 잭 헨리 앤 어소시에이츠는 은행 및 신용조합 등 금융 서비스 기관을 위한 핵심 기술 솔루션과 결제 처리 서비스를 제공합니다.
금융 서비스 소프트웨어 및 결제 처리 시장에서 중소형 금융 기관을 위한 통합 플랫폼을 제공하는 주요 기업입니다.","Our core solutions compete with large vendors that provide information and transaction processing solutions to banks and credit unions, including Fidelity National Information Services, Inc.; Fiserv, Inc.; Corelation, Inc.; and Finastra. Our non-core specialized solutions compete with an array of disparate vendors that provide niche solutions to financial services organizations and corporate entities.",,OK,문단에서 JKHY의 핵심 솔루션이 FISV와 경쟁한다고 명시적으로 서술하고 있다.
FOXA↔GOOGL,COMPETES_WITH,"SEC 10-K: direct-to-consumer streaming services such as ESPN+, YouTube, Peacock, Amazon Prime Video, Netflix, ",다이렉트 투 컨슈머 스트리밍 서비스,True,,pending,pending,False,True,0.9,True,pending,pending,False,True,False,미디어·스트리밍·검색,"이 문단은 폭스 코퍼레이션(FOXA)이 자사의 스포츠 채널인 FS1, FS2, 빅 텐 네트워크의 경쟁 환경을 설명하는 맥락에서 작성되었습니다. 폭스 코퍼레이션의 스포츠 채널들은 스포츠 프로그램 판권, 배급, 시청자 및 광고주를 놓고 경쟁하며, 이 경쟁자 목록에는 구글(GOOGL)의 유튜브 서비스가 포함되어 있습니다. 유튜브는 다이렉트 투 소비자 스트리밍 서비스로서 폭스의 스포츠 채널들과 전국적인 수준에서 경쟁합니다. 따라서 두 회사는 스포츠 콘텐츠 제공 및 스트리밍 서비스 시장에서 시청자와 광고주를 확보하기 위해 경쟁하는 관계입니다. 문서에는 두 회사의 다른 사업 영역에서의 경쟁 여부나 잠재적 협력 관계에 대한 구체적인 서술은 없습니다.",list|target_absent|truncated,"On a national level, the primary competitors to FS1, FS2, and the Big Ten Network are ESPN, ESPN2, TNT, TBS, USA Network, CBS Sports Network and The CW Network; league-owned networks such as NFL Network, NHL Network, NBA TV and MLB Network; collegiate conference-specific networks such as the SEC Network and ACC Network; and direct-to-consumer streaming services such as ESPN+, YouTube, Peacock, Amazon Prime Video, Netflix, Apple TV+, Paramount+, HBO Max and Roku, among others. In regional markets, the Big Ten Network competes with regional sports networks, local broadcast television stations and other sports programming providers and distributors.
6
Television
The Television segment produces, acquires, markets and distributes programming through the FOX broadcast network, the Tubi AVOD service, broadcast television stations and other digital platforms, primarily in the U.S.",FOXA 10-K FY2025 · Item 7 MD&A,"FOXA는 FS1, FS2, Big Ten Network를 운영하며, 이는 Television 사업 부문의 핵심 자산으로 경쟁사에 대항하는 주체입니다. GOOGL은 YouTube를 통해 FS1, FS2, Big Ten Network의 경쟁사인 직접 소비자 대상 스트리밍 서비스 제공자 중 하나로 언급됩니다.",근거 문장에 상대 종목 미등장 — 관계 근거로 불충분,"FOXA: 미국에서 뉴스, 스포츠 및 엔터테인먼트 콘텐츠를 생산하고 배포하는 미디어 기업입니다.
FOX News, FOX Business, FS1 등 케이블 네트워크 프로그래밍과 TV 방송 부문을 통해 미국 미디어 시장의 주요 플레이어입니다.","GOOGL: Google의 모회사로, 온라인 광고, 클라우드 컴퓨팅, 가전제품 및 인공지능을 포함한 다양한 기술 분야에서 사업을 운영합니다.
세계에서 가장 큰 기술 기업 중 하나로, 혁신적인 제품과 서비스를 통해 글로벌 기술 및 인터넷 서비스 시장을 선도합니다.",". A number of basic and pay television programming services, direct-to-consumer streaming services, and free-to-air stations and broadcast networks compete with FS1, FS2 and the Big Ten Network for sports programming rights, distribution, audiences and advertisers. On a national level, the primary competitors to FS1, FS2, and the Big Ten Network are ESPN, ESPN2, TNT, TBS, USA Network, CBS Sports Network and The CW Network; league-owned networks such as NFL Network, NHL Network, NBA TV and MLB Network; collegiate conference-specific networks such as the SEC Network and ACC Network; and direct-to-consumer streaming services such as ESPN+, YouTube, Peacock, Amazon Prime Video, Netflix, Apple TV+, Paramount+, HBO Max and Roku, among others. In regional markets, the Big Ten Network competes with regional sports networks, local broadcast television stations and other sports programming providers and distributors.",,OK,문단에서 FOXA의 스포츠 프로그래밍 경쟁사 중 하나로 YouTube(GOOGL 소유)를 명시적으로 언급하고 있다.
FOXA↔NFLX,COMPETES_WITH,"SEC 10-K: direct-to-consumer streaming services such as ESPN+, YouTube, Peacock, Amazon Prime Video, Netflix, ",스트리밍 서비스,True,,auto_candidate,pending,True,True,0.8,True,auto_candidate,pending,False,True,False,미디어·스트리밍·검색,"이 문단은 폭스 코퍼레이션(FOXA)이 자사의 스포츠 채널인 FS1, FS2, 빅 텐 네트워크의 경쟁 환경을 설명하는 맥락에서 작성되었습니다. 폭스 코퍼레이션의 스포츠 채널들은 스포츠 프로그램 판권, 배급, 시청자 및 광고주를 놓고 경쟁합니다. 이 경쟁자 목록에는 넷플릭스(NFLX)와 같은 다이렉트 투 소비자 스트리밍 서비스가 포함됩니다. 넷플릭스는 전반적인 엔터테인먼트 스트리밍 시장에서 시청자의 시청 시간과 구독료를 두고 폭스 코퍼레이션의 스포츠 콘텐츠와 경쟁하는 관계입니다. 문서에는 넷플릭스가 스포츠 판권이나 광고주를 직접적으로 놓고 폭스 채널과 경쟁하는 방식에 대한 구체적인 서술은 없습니다.",list|truncated,"On a national level, the primary competitors to FS1, FS2, and the Big Ten Network are ESPN, ESPN2, TNT, TBS, USA Network, CBS Sports Network and The CW Network; league-owned networks such as NFL Network, NHL Network, NBA TV and MLB Network; collegiate conference-specific networks such as the SEC Network and ACC Network; and direct-to-consumer streaming services such as ESPN+, YouTube, Peacock, Amazon Prime Video, Netflix, Apple TV+, Paramount+, HBO Max and Roku, among others. In regional markets, the Big Ten Network competes with regional sports networks, local broadcast television stations and other sports programming providers and distributors.
6
Television
The Television segment produces, acquires, markets and distributes programming through the FOX broadcast network, the Tubi AVOD service, broadcast television stations and other digital platforms, primarily in the U.S.",FOXA 10-K FY2025 · Item 7 MD&A,"FOXA는 FS1, FS2, Big Ten Network를 운영하며, 이는 Television 사업 부문의 핵심 자산으로 경쟁사에 대항하는 주체입니다. NFLX는 FS1, FS2, Big Ten Network의 경쟁사인 직접 소비자 대상 스트리밍 서비스 제공자 중 하나로 언급됩니다.",,"FOXA: 미국에서 뉴스, 스포츠 및 엔터테인먼트 콘텐츠를 생산하고 배포하는 미디어 기업입니다.
FOX News, FOX Business, FS1 등 케이블 네트워크 프로그래밍과 TV 방송 부문을 통해 미국 미디어 시장의 주요 플레이어입니다.","NFLX: 다양한 장르와 언어의 TV 시리즈, 다큐멘터리, 영화, 모바일 게임 등 엔터테인먼트 콘텐츠 스트리밍 서비스를 제공합니다.
전 세계 190개국에서 약 2.22억 명의 유료 회원을 보유한 글로벌 온라인 동영상 스트리밍(OTT) 시장의 선두 주자입니다.",". A number of basic and pay television programming services, direct-to-consumer streaming services, and free-to-air stations and broadcast networks compete with FS1, FS2 and the Big Ten Network for sports programming rights, distribution, audiences and advertisers. On a national level, the primary competitors to FS1, FS2, and the Big Ten Network are ESPN, ESPN2, TNT, TBS, USA Network, CBS Sports Network and The CW Network; league-owned networks such as NFL Network, NHL Network, NBA TV and MLB Network; collegiate conference-specific networks such as the SEC Network and ACC Network; and direct-to-consumer streaming services such as ESPN+, YouTube, Peacock, Amazon Prime Video, Netflix, Apple TV+, Paramount+, HBO Max and Roku, among others. In regional markets, the Big Ten Network competes with regional sports networks, local broadcast television stations and other sports programming providers and distributors.",,OK,문단에서 FOXA의 스트리밍 서비스 경쟁사 중 하나로 Netflix를 명시적으로 언급하고 있다.
GOOG↔ORCL,COMPETES_WITH,"SEC 10-K: Our enterprise cloud, license and hardware offerings compete directly with certain offerings from so",엔터프라이즈 클라우드,True,,pending,pending,False,True,0.6,True,pending,pending,False,False,False,클라우드·엔터프라이즈SW,"이 문단은 오라클(ORCL)이 자사의 엔터프라이즈 클라우드, 라이선스 및 하드웨어 제품의 경쟁 환경을 설명하는 맥락에서 작성되었습니다. 오라클은 이 분야에서 구글(GOOG, Alphabet Inc.)과 직접적으로 경쟁합니다. 구글은 오라클이 IT 환경 구현 및 유지보수 비용 효율성을 요구하는 고객들에게 솔루션을 제공하며 경쟁하는 글로벌 대형 기술 기업 중 하나로 명시됩니다. 따라서 두 회사는 기업 고객을 위한 엔터프라이즈 클라우드 및 관련 IT 솔루션 시장에서 경쟁 관계에 있습니다. 문서에는 두 회사 간의 구체적인 경쟁 제품이나 서비스, 또는 다른 사업 영역에서의 협력 관계에 대한 상세 서술은 없습니다.",target_absent|truncated,"Our enterprise cloud, license and hardware offerings compete directly with certain offerings from some of the largest and most competitive companies in the world, including Adobe Systems Incorporated, Alphabet Inc., Amazon.com, Inc., Cisco Systems, Inc., Intel Corporation, International Business Machines Corporation, Microsoft Corporation, Salesforce, Inc. and SAP SE, as well as other companies like Hewlett-Packard Enterprise and Workday, Inc.",ORCL 10-K FY2025 · Item 7 MD&A,"GOOG은 Alphabet Inc.으로, 당사의 엔터프라이즈 클라우드, 라이선스 및 하드웨어 제공 서비스와 직접 경쟁하는 회사 중 하나로 언급됩니다. ORCL은 'Our'로 등장하며, GOOG을 포함한 다른 회사들과 직접 경쟁하는 엔터프라이즈 클라우드, 라이선스 및 하드웨어 제공 서비스를 제공합니다.",근거 문장에 상대 종목 미등장 — 관계 근거로 불충분,"GOOG: 미국 및 전 세계적으로 광고, Android, Chrome, 기기, Gmail, Google Drive, Google Maps, 검색, YouTube를 포함한 다양한 제품과 플랫폼을 제공합니다.
Google Services, Google Cloud, Other Bets 부문을 통해 온라인 광고, 클라우드 컴퓨팅 및 인터넷 서비스 시장에서 지배적인 위치를 차지하는 글로벌 기술 대기업입니다.","ORCL: 전 세계 기업 고객을 대상으로 클라우드 기반 ERP, EPM, SCM, HCM 등 다양한 소프트웨어 서비스(SaaS)와 산업별 솔루션을 제공합니다.
글로벌 엔터프라이즈 소프트웨어 및 클라우드 인프라(IaaS, PaaS) 시장의 주요 선두 기업 중 하나입니다.","Our customers are demanding less complexity and lower total cost in the implementation, sourcing, integration and ongoing maintenance of their IT environments. Our enterprise cloud, license and hardware offerings compete directly with certain offerings from some of the largest and most competitive companies in the world, including Adobe Systems Incorporated, Alphabet Inc., Amazon.com, Inc., Cisco Systems, Inc., Intel Corporation, International Business Machines Corporation, Microsoft Corporation, Salesforce, Inc. and SAP SE, as well as other companies like Hewlett-Packard Enterprise and Workday, Inc. In addition, due to the low barriers to entry in many of our market segments, new technologies and new and growing competitors frequently emerge to challenge our offerings. Our competitors range from companies offering broad IT solutions across many of our lines of business to vendors providing point solutions, or offerings focused on a specific functionality, product area or industry. In addition, as we expand into new market segments, we face increased competition as we compete with existing competitors, as well as firms that may be partners in other areas of our business and other firms with whom we have not previously competed. For example, following our acquisition of Cerner Corporation, we also face competition from large healthcare IT providers such as Allscripts Healthcare Solutions, Inc., Arcadia Solutions, athenahealth, Inc., Epic Systems Corporation and InterSystems Corporation, among others. Moreover, we or our competitors may take certain strategic actions—including acquisitions, partnerships and joint ventures or repositioning of product lines—which invite even greater competition in one or more product offering categories.",,OK,문단에서 ORCL의 클라우드 및 소프트웨어 제품이 Alphabet Inc.(GOOG의 모회사)의 특정 제품과 직접 경쟁한다고 명시하고 있다.
GOOGL↔ORCL,COMPETES_WITH,"SEC 10-K: Our enterprise cloud, software and hardware offerings compete directly with certain offerings from s",클라우드 서비스,True,,pending,pending,False,True,0.9,True,pending,pending,False,False,False,클라우드·엔터프라이즈SW,"이 문단은 오라클(ORCL)이 자사의 엔터프라이즈 클라우드, 소프트웨어 및 하드웨어 제품의 경쟁 환경을 설명하는 맥락에서 작성되었습니다. 오라클은 이 분야에서 구글(GOOGL, Alphabet Inc.)과 직접적으로 경쟁합니다. 구글은 오라클이 IT 환경 구현 및 유지보수의 복잡성 감소, 비용 효율성 및 높은 성능을 요구하는 고객들에게 솔루션을 제공하며 경쟁하는 글로벌 대형 기술 기업 중 하나로 명시됩니다. 따라서 두 회사는 기업 고객을 위한 엔터프라이즈 클라우드 및 관련 IT 솔루션 시장에서 경쟁 관계에 있습니다. 문서에는 두 회사 간의 구체적인 경쟁 제품이나 서비스, 또는 다른 사업 영역에서의 협력 관계에 대한 상세 서술은 없습니다.",target_absent|truncated,"Our enterprise cloud, software and hardware offerings compete directly with certain offerings from some of the largest and most competitive companies in the world, including Adobe Systems Incorporated, Alphabet Inc., Amazon.com, Inc., Cisco Systems, Inc., Intel Corporation, International Business Machines Corporation, Microsoft Corporation, Salesforce, Inc. and SAP SE, as well as other companies like Hewlett-Packard Enterprise and Workday, Inc.",ORCL 10-K FY2026 · Item 7 MD&A,"GOOGL은 Alphabet Inc.으로, 당사의 엔터프라이즈 클라우드, 소프트웨어 및 하드웨어 제공 서비스와 직접 경쟁하는 회사 중 하나로 언급됩니다. ORCL은 'Our'로 등장하며, GOOGL을 포함한 다른 회사들과 직접 경쟁하는 엔터프라이즈 클라우드, 소프트웨어 및 하드웨어 제공 서비스를 제공합니다.",근거 문장에 상대 종목 미등장 — 관계 근거로 불충분,"GOOGL: Google의 모회사로, 온라인 광고, 클라우드 컴퓨팅, 가전제품 및 인공지능을 포함한 다양한 기술 분야에서 사업을 운영합니다.
세계에서 가장 큰 기술 기업 중 하나로, 혁신적인 제품과 서비스를 통해 글로벌 기술 및 인터넷 서비스 시장을 선도합니다.","ORCL: 전 세계 기업 고객을 대상으로 클라우드 기반 ERP, EPM, SCM, HCM 등 다양한 소프트웨어 서비스(SaaS)와 산업별 솔루션을 제공합니다.
글로벌 엔터프라이즈 소프트웨어 및 클라우드 인프라(IaaS, PaaS) 시장의 주요 선두 기업 중 하나입니다.","Our customers are demanding less complexity, more cost-effective and higher performance and availability in the implementation, sourcing, integration and ongoing maintenance of their IT environments. Our enterprise cloud, software and hardware offerings compete directly with certain offerings from some of the largest and most competitive companies in the world, including Adobe Systems Incorporated, Alphabet Inc., Amazon.com, Inc., Cisco Systems, Inc., Intel Corporation, International Business Machines Corporation, Microsoft Corporation, Salesforce, Inc. and SAP SE, as well as other companies like Hewlett-Packard Enterprise and Workday, Inc. In addition, due to the low barriers to entry in many of our market segments, new technologies and new and growing competitors frequently emerge to challenge our offerings. Our competitors range from companies offering broad IT solutions across many of our lines of business to vendors providing point solutions, or offerings focused on a specific functionality, product area or industry. In addition, as we expand into new market segments, we face increased competition as we compete with existing competitors, as well as firms that may be partners in other areas of our business and other firms with whom we have not previously competed. For example, following our acquisition of Cerner Corporation, we also face competition from large healthcare IT providers such as Allscripts Healthcare Solutions, Inc., Arcadia Solutions, athenahealth, Inc., Epic Systems Corporation and InterSystems Corporation, among others. Moreover, we or our competitors may take certain strategic actions—including acquisitions, partnerships and joint ventures or repositioning of product lines—which invite even greater competition in one or more product offering categories.",,OK,문단에서 ORCL의 클라우드 및 소프트웨어 제품이 Alphabet Inc.(GOOGL)의 특정 제품과 직접 경쟁한다고 명시하고 있다.
GOOGL↔SYF,COMPETES_WITH,"SEC 10-K: In addition, some larger technology focused companies, e.g., Apple and Google, and larger retailers ",,False,COMPETES_WITH,pending,pending,False,True,0.0,True,noise_self_contradiction,pending,True,False,False,,"이 문단은 싱크로니 파이낸셜(SYF)이 소비자 금융 서비스 시장의 경쟁 환경을 설명하는 맥락에서 작성되었습니다. 싱크로니 파이낸셜은 대형 기술 기업들을 경쟁 환경의 한 축으로 언급하며, 구글(GOOGL)이 여기에 포함됩니다. 구글과 같은 대형 기술 기업들은 싱크로니 파이낸셜의 경쟁사들과 협력하여 금융 상품을 제공하기도 합니다. 이는 구글이 직접적인 경쟁자로서라기보다는, 다른 경쟁사들과의 협력을 통해 싱크로니 파이낸셜의 경쟁 환경을 간접적으로 형성하고 있음을 보여줍니다. 따라서 구글은 싱크로니 파이낸셜의 간접적인 경쟁자로서 소비자 금융 시장에서 영향을 미칩니다. 문서에는 두 회사 간의 직접적인 경쟁 상품이나 서비스, 또는 협력 관계에 대한 구체적인 서술은 없습니다.",indirect|m&a|target_absent|truncated,"In addition, some larger technology focused companies, e.g., Apple and Google, and larger retailers offer financial products sometimes in collaboration with our competitors. Further, current and potential competitors may benefit from changes in the political and regulatory environment that reduce oversight and compliance obligations, as well as make it easier to obtain authorization to provide banking services and undertake significant transactions such as mergers and acquisitions.",SYF 10-K FY2025 · Item 7 MD&A,"GOOGL은 대형 기술 중심 기업 중 하나로, 때때로 당사의 경쟁사와 협력하여 금융 상품을 제공하는 주체로 언급됩니다. SYF는 'Our competitors'로 언급되며, GOOGL이 협력하여 금융 상품을 제공하는 대상 중 하나입니다.",근거 문장에 상대 종목 미등장 — 관계 근거로 불충분,"GOOGL: Google의 모회사로, 온라인 광고, 클라우드 컴퓨팅, 가전제품 및 인공지능을 포함한 다양한 기술 분야에서 사업을 운영합니다.
세계에서 가장 큰 기술 기업 중 하나로, 혁신적인 제품과 서비스를 통해 글로벌 기술 및 인터넷 서비스 시장을 선도합니다.","SYF: 미국에서 소비자 금융 서비스를 제공하며, 신용카드, 상업용 신용 상품 및 소비자 할부 대출을 주력으로 합니다.
프라이빗 라벨, 공동 브랜드 신용카드 및 예금 상품을 통해 소비자 금융 시장에서 중요한 역할을 합니다.","Further, some of our competitors, including new and emerging competitors in the digital and mobile payments space, are not subject to the same regulatory requirements or legislative scrutiny to which we are subject. Non-bank providers of pay-over-time solutions, such as Affirm, Afterpay, Klarna and others, extend consumer credit-like offerings but do not face the same restrictions, such as capital requirements and other regulatory requirements, as banks, which also could place us at a competitive disadvantage. In addition, some larger technology focused companies, e.g., Apple and Google, and larger retailers offer financial products sometimes in collaboration with our competitors. Further, current and potential competitors may benefit from changes in the political and regulatory environment that reduce oversight and compliance obligations, as well as make it easier to obtain authorization to provide banking services and undertake significant transactions such as mergers and acquisitions. Customer attrition from any or all of our credit products or any lowering of the pricing of our products by reducing interest rates or fees in order to retain customers could reduce our revenues and, therefore, our earnings.",HOLD,OK,문단에서 Google(GOOGL)이 SYF의 경쟁사와 협력하여 금융 상품을 제공한다고 명시적으로 서술하고 있다.
GOOGL↔TTD,COMPETES_WITH,"SEC 10-K: We compete with other demand-side platform providers, some of which are smaller, privately held comp",수요측 플랫폼,True,,pending,pending,False,True,0.95,True,pending,pending,False,False,False,수요측 플랫폼,"이 문단은 The Trade Desk(TTD)가 속한 산업의 경쟁 환경을 설명하며, 디지털 광고 시장 내 다양한 수요측 플랫폼(DSP) 제공업체들과의 경쟁 구도를 서술합니다. TTD는 자사의 플랫폼 성능, 역량, 투명성 및 구매자 측에 대한 집중을 바탕으로 경쟁한다고 언급합니다. 문단에 따르면, TTD는 Google과 같은 대규모의 잘 정립된 기업의 사업부들과 경쟁하고 있습니다. 이는 Google이 TTD와 유사한 수요측 플랫폼 서비스를 제공하여 동일 시장에서 경쟁 상대임을 나타냅니다. 두 회사는 디지털 광고 캠페인 관리 및 최적화를 위한 플랫폼 시장에서 경쟁 관계에 있습니다. 문서에는 두 회사 간의 공급망, 협력 관계 또는 기타 비경쟁적 상호작용에 대한 서술은 없습니다.",target_absent|truncated,"We compete with other demand-side platform providers, some of which are smaller, privately held companies and others are divisions of large, well-established companies such as Google and Amazon. We believe that we compete primarily based on the performance, capabilities and transparency of our platform as well as our focus on the buy side.",TTD 10-K FY2025 · Item 1 사업,TTD는 수요 측 플랫폼 제공업체로서 GOOGL과 경쟁한다고 언급된다. GOOGL은 TTD의 경쟁사 중 하나인 대기업 구글로 언급된다.,근거 문장에 상대 종목 미등장 — 관계 근거로 불충분,"GOOGL: Google의 모회사로, 온라인 광고, 클라우드 컴퓨팅, 가전제품 및 인공지능을 포함한 다양한 기술 분야에서 사업을 운영합니다.
세계에서 가장 큰 기술 기업 중 하나로, 혁신적인 제품과 서비스를 통해 글로벌 기술 및 인터넷 서비스 시장을 선도합니다.","TTD: 광고 구매자가 데이터 기반 디지털 광고 캠페인을 생성, 관리, 최적화하는 클라우드 기반 플랫폼을 제공합니다.
프로그래매틱 광고 시장에서 독립적인 광고 구매 플랫폼의 선두 주자입니다.","Our industry is highly competitive and fragmented. We compete with other demand-side platform providers, some of which are smaller, privately held companies and others are divisions of large, well-established companies such as Google and Amazon. We believe that we compete primarily based on the performance, capabilities and transparency of our platform as well as our focus on the buy side. We believe we are differentiated from our competitors in the following areas:",,OK,문단에서 TTD가 Google과 경쟁한다고 명시적으로 서술함.
GPC↔GWW,COMPETES_WITH,"SEC 10-K: In industrial distribution, our main competitor is Applied Industrial Technologies, Inc., but we als",,False,COMPETES_WITH,pending,pending,False,True,0.0,True,noise_self_contradiction,pending,True,True,False,,"이 문단은 Genuine Parts Company(GPC)가 속한 산업의 경쟁 환경을 서술하며, 특히 자동차 부문과 산업 유통 부문의 경쟁자들을 명시합니다. GPC는 자사의 산업 유통 부문에서 W.W. Grainger, Inc.(GWW)와 경쟁한다고 직접적으로 언급합니다. GPC는 산업 부품 및 자재를 유통하며, GWW는 유지보수, 수리, 운영(MRO) 제품 및 관련 서비스를 유통하는 회사입니다. 두 회사는 산업용 제품 유통 시장에서 고객을 유치하기 위해 경쟁하는 관계에 있습니다. 문서에는 두 회사 간의 공급망 관계, 파트너십 또는 기타 협력적 상호작용에 대한 서술은 없습니다.",list|target_absent|truncated,"In industrial distribution, our main competitor is Applied Industrial Technologies, Inc., but we also compete against Fastenal Company, and W.W. Grainger, Inc, among many other smaller, regional competitors. 
Our competitive advantages are based on broad product availability, quality service, strong brand recognition, and competitive pricing.",GPC 10-K FY2025 · Item 1 사업,"GPC는 산업 유통 분야에서 GWW와 경쟁한다고 언급된다. GWW는 GPC의 경쟁사 중 하나인 W.W. Grainger, Inc.로 언급된다.",근거 문장에 상대 종목 미등장 — 관계 근거로 불충분,"GPC: 자동차 교체 부품 및 산업용 부품과 자재를 유통하며, 자동차 부품 그룹과 산업 부품 그룹으로 사업을 운영합니다.
하이브리드/전기차, 트럭, SUV 등 다양한 차량용 부품 및 산업 유지보수 부품을 공급하는 글로벌 자동차 애프터마켓 및 산업 유통 시장의 주요 기업입니다.","GWW: W.W. 그레인저는 유지보수, 수리, 운영(MRO) 제품 및 관련 서비스를 미국, 일본, 캐나다 등 전 세계에 유통합니다.
산업용 MRO 제품 유통 시장에서 폭넓은 제품군과 서비스를 제공하며 기업 및 정부 고객을 대상으로 합니다.","In our Automotive segments, competition comes from specialty parts chains, automobile manufacturers (including those selling parts for their own and other manufacturers’ vehicles), automobile dealers, warehouse clubs, mass merchandisers and online retailers. Key competitors in North America include AutoZone, Inc., O'Reilly Auto Parts, Inc., Advance Auto Parts, Inc., and LKQ Corporation, among others. Internationally, competitors include LKQ Corporation, which has a strong presence in Europe, and Bapcor in Australasia, among many others. In industrial distribution, our main competitor is Applied Industrial Technologies, Inc., but we also compete against Fastenal Company, and W.W. Grainger, Inc, among many other smaller, regional competitors.",OK,OK,"문단에서 GPC가 W.W. Grainger, Inc. (GWW)와 산업 유통 부문에서 경쟁한다고 명시적으로 서술함."
GPC↔LKQ,COMPETES_WITH,"SEC 10-K: Key competitors in North America include AutoZone, Inc., O'Reilly Auto Parts, Inc., Advance Auto Par",자동차 부품 유통,False,COMPETES_WITH,pending,pending,False,True,0.2,True,noise_self_contradiction,pending,True,True,False,자동차·부품·산업재,"이 문단은 Genuine Parts Company(GPC)가 자사의 자동차 부문에서 직면하는 경쟁 환경을 설명하고 있습니다. GPC는 이 문단에서 북미 및 국제적으로 LKQ Corporation과 경쟁하고 있다고 명시합니다. GPC는 자동차 교체 부품을 유통하는 사업을 하며, LKQ는 차량 수리 및 유지보수에 사용되는 교체 부품을 유통하는 기업입니다. 두 회사는 자동차 부품 유통 시장에서 서로의 경쟁자로 간주되며, 북미와 유럽을 포함한 여러 지역에서 경쟁 관계에 있습니다. 문서에는 두 회사 간의 공급망, 협력 관계 또는 기타 비경쟁적 거래에 대한 서술은 없습니다.",list|target_absent|truncated,"Key competitors in North America include AutoZone, Inc., O'Reilly Auto Parts, Inc., Advance Auto Parts, Inc., and LKQ Corporation, among others. Internationally, competitors include LKQ Corporation, which has a strong presence in Europe, and Bapcor in Australasia, among many others.",GPC 10-K FY2025 · Item 1 사업,GPC는 북미 및 국제 시장에서 LKQ Corporation과 경쟁한다고 언급된다. LKQ는 GPC의 북미 및 국제 경쟁사 중 하나인 LKQ Corporation으로 언급된다.,근거 문장에 상대 종목 미등장 — 관계 근거로 불충분,"GPC: 자동차 교체 부품 및 산업용 부품과 자재를 유통하며, 자동차 부품 그룹과 산업 부품 그룹으로 사업을 운영합니다.
하이브리드/전기차, 트럭, SUV 등 다양한 차량용 부품 및 산업 유지보수 부품을 공급하는 글로벌 자동차 애프터마켓 및 산업 유통 시장의 주요 기업입니다.","LKQ: 차량 수리 및 유지보수에 사용되는 교체 부품, 구성 요소 및 시스템을 유통합니다.
북미, 유럽 등에서 범퍼, 차체 패널, 자동차 유리, 재활용 부품 등을 공급하는 글로벌 자동차 부품 유통 기업입니다.","In our Automotive segments, competition comes from specialty parts chains, automobile manufacturers (including those selling parts for their own and other manufacturers’ vehicles), automobile dealers, warehouse clubs, mass merchandisers and online retailers. Key competitors in North America include AutoZone, Inc., O'Reilly Auto Parts, Inc., Advance Auto Parts, Inc., and LKQ Corporation, among others. Internationally, competitors include LKQ Corporation, which has a strong presence in Europe, and Bapcor in Australasia, among many others. In industrial distribution, our main competitor is Applied Industrial Technologies, Inc., but we also compete against Fastenal Company, and W.W. Grainger, Inc, among many other smaller, regional competitors.",OK,OK,문단에서 GPC가 자동차 부품 부문에서 LKQ Corporation과 경쟁한다고 명시적으로 서술함.
GPN↔TPR,COMPETES_WITH,"SEC 10-K: In the United States, we compete with a large number of providers, including but not limited to Fise",,False,,pending,pending,False,True,0.0,True,pending,pending,False,False,False,,"이 문단은 Global Payments Inc.(GPN)의 Merchant Solutions(가맹점 솔루션) 부문이 직면한 경쟁 환경을 설명합니다. GPN은 가맹점 인수, 비즈니스 관리 소프트웨어 및 관련 서비스를 제공하는 금융 기관 및 핀테크 회사들과 경쟁하고 있습니다. 문단은 미국의 주요 경쟁사들을 열거하고 있으나, Tapestry, Inc.(TPR)는 이 경쟁사 목록에 포함되어 있지 않습니다. 또한, GPN의 수직적으로 특화된 사업 부문이 다른 제공업체들과 경쟁한다는 언급이 있지만, TPR과의 구체적인 관계나 접점에 대한 서술은 없습니다. 문서에는 두 회사 간의 경쟁 관계, 공급망 관계, 파트너십 또는 어떠한 형태의 상호작용에 대한 정보도 명시되어 있지 않습니다.",target_absent|truncated,"In the United States, we compete with a large number of providers, including but not limited to Fiserv, Inc. (""Fiserv""), Chase Paymentech Solutions, LLC, Elavon, Inc., a subsidiary of U.S. Bancorp, Bank of America Merchant Services, Wells Fargo Merchant Services, Toast, Inc., Stripe, Inc. (""Stripe""), Shopify Inc. and Block Inc.",GPN 10-K FY2025 · Item 1 사업,GPN은 미국에서 다양한 제공업체와 경쟁한다고 언급된다. TPR 미등장.,근거 문장에 상대 종목 미등장 — 관계 근거로 불충분,"GPN: 아메리카, 유럽, 아시아 태평양 지역에서 카드, 전자, 수표 및 디지털 기반 결제를 위한 기술 및 소프트웨어 솔루션을 제공합니다.
가맹점 솔루션, 발행사 솔루션, 비즈니스 및 소비자 솔루션을 통해 전 세계 결제 기술 및 금융 서비스 시장의 주요 플레이어입니다.","TPR: 미국, 일본, 중화권 등 전 세계적으로 럭셔리 액세서리 및 브랜드 라이프스타일 제품을 제공합니다.
'코치', '케이트 스페이드', '스튜어트 와이츠먼' 브랜드를 통해 글로벌 럭셔리 패션 시장에서 입지를 다지고 있습니다.","Our Merchant Solutions segment competes with financial institutions, merchant acquirers and other financial technology companies that provide businesses with merchant acquiring, business management software and related services. In the United States, we compete with a large number of providers, including but not limited to Fiserv, Inc. (""Fiserv""), Chase Paymentech Solutions, LLC, Elavon, Inc., a subsidiary of U.S. Bancorp, Bank of America Merchant Services, Wells Fargo Merchant Services, Toast, Inc., Stripe, Inc. (""Stripe""), Shopify Inc. and Block Inc. (""Block""). While these are our primary competitors in the merchant acquiring space, our vertically focused businesses in the United States compete with numerous other providers in their respective verticals.",,DROP,"문단에 두 회사 간 관계가 명시되지 않았고, 두 회사는 각기 결제 기술 서비스와 럭셔리 패션 제품이라는 상이한 산업에 속해 있음."
GPN↔XYZ,COMPETES_WITH,"SEC 10-K: In the United States, we compete with a large number of providers, including but not limited to Fise",,False,,pending,pending,False,True,0.0,True,pending,pending,False,False,False,,"이 문단은 Global Payments Inc.(GPN)의 가맹점 솔루션(Merchant Solutions) 부문이 직면한 경쟁 환경에 대해 설명합니다. GPN은 가맹점 인수, 비즈니스 관리 소프트웨어 및 관련 서비스를 제공하는 다양한 금융 기관 및 핀테크 회사들과 경쟁하고 있다고 언급합니다. 문단에는 미국의 주요 경쟁사 목록이 제시되어 있지만, XYZ는 이 목록에 명시적으로 언급되어 있지 않습니다. 따라서, 주어진 문단만으로는 GPN과 XYZ 간에 어떠한 형태의 경쟁 관계나 사업적 상호작용이 존재하는지 확인할 수 없습니다. 문서에는 두 회사 간의 경쟁 관계, 공급망, 파트너십 또는 기타 거래에 대한 서술이 전혀 없습니다.",target_absent|truncated,"In the United States, we compete with a large number of providers, including but not limited to Fiserv, Inc. (""Fiserv""), Chase Paymentech Solutions, LLC, Elavon, Inc., a subsidiary of U.S. Bancorp, Bank of America Merchant Services, Wells Fargo Merchant Services, Toast, Inc., Stripe, Inc. (""Stripe""), Shopify Inc. and Block Inc.",GPN 10-K FY2025 · Item 1 사업,GPN은 미국에서 다양한 제공업체와 경쟁한다고 언급된다. XYZ 미등장.,근거 문장에 상대 종목 미등장 — 관계 근거로 불충분,"GPN: 아메리카, 유럽, 아시아 태평양 지역에서 카드, 전자, 수표 및 디지털 기반 결제를 위한 기술 및 소프트웨어 솔루션을 제공합니다.
가맹점 솔루션, 발행사 솔루션, 비즈니스 및 소비자 솔루션을 통해 전 세계 결제 기술 및 금융 서비스 시장의 주요 플레이어입니다.","XYZ: 판매자가 카드 결제를 수락하고 보고 및 분석, 익일 정산 등을 가능하게 하는 도구를 제공합니다.
소기업을 위한 결제 처리 하드웨어, 소프트웨어 및 금융 서비스를 제공하는 핀테크 기업입니다.","Our Merchant Solutions segment competes with financial institutions, merchant acquirers and other financial technology companies that provide businesses with merchant acquiring, business management software and related services. In the United States, we compete with a large number of providers, including but not limited to Fiserv, Inc. (""Fiserv""), Chase Paymentech Solutions, LLC, Elavon, Inc., a subsidiary of U.S. Bancorp, Bank of America Merchant Services, Wells Fargo Merchant Services, Toast, Inc., Stripe, Inc. (""Stripe""), Shopify Inc. and Block Inc. (""Block""). While these are our primary competitors in the merchant acquiring space, our vertically focused businesses in the United States compete with numerous other providers in their respective verticals.",,HOLD,"문단에 두 회사 간 명시적 관계는 없으나, 프로필에 따르면 두 회사는 모두 결제 기술 및 핀테크 분야에 속해 있어 관계가 모호함."
HON↔JCI,COMPETES_WITH,"SEC 10-K: Larger competitors include Honeywell International, Inc.; Siemens Smart Infrastructure, an operating",,True,,auto_candidate,pending,True,True,1.0,True,auto_candidate,pending,False,True,False,,"이 문단은 Johnson Controls International plc(JCI)가 자사의 사업 운영 및 계약 수주 과정에서 직면하는 경쟁 환경을 설명하고 있습니다. JCI는 주거 및 비주거 시장에서 HVAC 장비, 보안, 화재 감지 및 진압, 제어 시스템 분야의 경쟁자들을 명시합니다. 문단에 따르면, Honeywell International, Inc.(HON)는 JCI의 ""더 큰 경쟁자"" 중 하나로 직접 언급됩니다. JCI는 스마트 빌딩 및 에너지 효율 솔루션을 제공하며, HON은 빌딩 기술 분야에서 사업을 운영합니다. 두 회사는 HVAC 장비, 보안 및 화재 관련 시스템, 제어 솔루션 시장에서 서로 경쟁하는 관계에 있습니다. 문서에는 두 회사 간의 공급망, 파트너십 또는 기타 협력적 상호작용에 대한 서술은 없습니다.",list|truncated,"Larger competitors include Honeywell International, Inc.; Siemens Smart Infrastructure, an operating group of Siemens AG; Schneider Electric SA; Carrier Global Corporation; Trane Technologies plc; Vertiv Holdings Co., API Group and Daikin Industries, Ltd. In addition, the Company competes in a highly fragmented building services market.",JCI 10-K FY2025 · Item 1 사업,"JCI는 HON을 포함한 대형 경쟁사들과 경쟁한다고 언급된다. HON은 JCI의 대형 경쟁사 중 하나인 Honeywell International, Inc.로 언급된다.",,"HON: 하니웰은 항공우주 부품, 비행 안전 시스템, 통신 및 내비게이션 하드웨어 등 다양한 기술과 제조 제품을 전 세계적으로 제공합니다.
항공, 빌딩 기술, 고성능 재료 및 안전 솔루션 등 여러 산업 분야에서 혁신적인 기술을 선도하는 다각화된 기업입니다.","JCI: 존슨 컨트롤즈는 난방, 환기, 공조(HVAC), 빌딩 관리 시스템, 보안 및 소방 시스템 등 빌딩 제품 및 솔루션을 엔지니어링, 제조, 설치합니다.
스마트 빌딩 및 에너지 효율 솔루션 시장의 글로벌 리더로서, 전 세계 상업용 및 주거용 건물에 서비스를 제공합니다.","The Company conducts its operations through a significant number of individual contracts that are either negotiated or awarded on a competitive basis. Key factors in the award of contracts include system and service performance, quality, price, design, reputation, technology, application engineering capability, availability of financing and construction or project management expertise. Competitors for HVAC equipment, security, fire detection, fire suppression and controls in the residential and non-residential marketplace include many local, regional, national and international providers. Larger competitors include Honeywell International, Inc.; Siemens Smart Infrastructure, an operating group of Siemens AG; Schneider Electric SA; Carrier Global Corporation; Trane Technologies plc; Vertiv Holdings Co., API Group and Daikin Industries, Ltd. In addition, the Company competes in a highly fragmented building services market. The Company also faces competition from a diverse range of established companies, start-ups and other emerging entrants to the buildings industry in the areas of digital services, software as a service and the Internet of Things. The loss of any individual contract or customer would not have a material adverse effect on the Company.",,OK,문단에서 존슨 컨트롤즈(JCI)가 하니웰(HON)을 HVAC 장비 및 빌딩 컨트롤 시장의 경쟁자로 명시함.
HPE↔ORCL,COMPETES_WITH,"SEC 10-K: Our enterprise cloud, license and hardware offerings compete directly with certain offerings from so",엔터프라이즈 클라우드,True,,pending,pending,False,True,0.8,True,pending,pending,False,False,False,클라우드·엔터프라이즈SW,"이 문단은 Oracle Corporation(ORCL)이 자사의 IT 환경 및 제품군에서 직면하는 경쟁 환경을 설명하고 있습니다. ORCL은 자사의 엔터프라이즈 클라우드, 라이선스 및 하드웨어 제품이 세계 유수의 기술 기업들과 직접 경쟁한다고 명시합니다. 문단에 따르면, Hewlett Packard Enterprise(HPE)는 ORCL의 이러한 제품군과 경쟁하는 회사 중 하나로 언급됩니다. ORCL은 클라우드 기반 소프트웨어 및 클라우드 인프라를 제공하며, HPE는 서버, 스토리지 및 클라우드 인프라 솔루션을 제공합니다. 따라서 두 회사는 기업 고객을 위한 클라우드, 라이선스 및 하드웨어 솔루션 시장에서 경쟁 관계에 있습니다. 문서에는 두 회사 간의 구체적인 파트너십 또는 공급망 관계에 대한 서술은 없습니다.",target_absent|truncated,"Our enterprise cloud, license and hardware offerings compete directly with certain offerings from some of the largest and most competitive companies in the world, including Adobe Systems Incorporated, Alphabet Inc., Amazon.com, Inc., Cisco Systems, Inc., Intel Corporation, International Business Machines Corporation, Microsoft Corporation, Salesforce, Inc. and SAP SE, as well as other companies like Hewlett-Packard Enterprise and Workday, Inc.",ORCL 10-K FY2025 · Item 7 MD&A,HPE는 ORCL의 경쟁사 중 하나인 Hewlett-Packard Enterprise로 언급된다. ORCL은 자사의 제품이 Hewlett-Packard Enterprise를 포함한 여러 회사와 경쟁한다고 언급한다.,근거 문장에 상대 종목 미등장 — 관계 근거로 불충분,"HPE: 휴렛 팩커드 엔터프라이즈는 서버, 스토리지, 고성능 컴퓨팅 및 미션 크리티컬 시스템 등 데이터 처리 솔루션을 제공합니다.
클라우드, 데이터센터 인프라 및 엣지 투 클라우드(edge-to-cloud) 솔루션 시장에서 기업 고객을 위한 핵심 기술 파트너입니다.","ORCL: 전 세계 기업 고객을 대상으로 클라우드 기반 ERP, EPM, SCM, HCM 등 다양한 소프트웨어 서비스(SaaS)와 산업별 솔루션을 제공합니다.
글로벌 엔터프라이즈 소프트웨어 및 클라우드 인프라(IaaS, PaaS) 시장의 주요 선두 기업 중 하나입니다.","Our customers are demanding less complexity and lower total cost in the implementation, sourcing, integration and ongoing maintenance of their IT environments. Our enterprise cloud, license and hardware offerings compete directly with certain offerings from some of the largest and most competitive companies in the world, including Adobe Systems Incorporated, Alphabet Inc., Amazon.com, Inc., Cisco Systems, Inc., Intel Corporation, International Business Machines Corporation, Microsoft Corporation, Salesforce, Inc. and SAP SE, as well as other companies like Hewlett-Packard Enterprise and Workday, Inc. In addition, due to the low barriers to entry in many of our market segments, new technologies and new and growing competitors frequently emerge to challenge our offerings. Our competitors range from companies offering broad IT solutions across many of our lines of business to vendors providing point solutions, or offerings focused on a specific functionality, product area or industry. In addition, as we expand into new market segments, we face increased competition as we compete with existing competitors, as well as firms that may be partners in other areas of our business and other firms with whom we have not previously competed. For example, following our acquisition of Cerner Corporation, we also face competition from large healthcare IT providers such as Allscripts Healthcare Solutions, Inc., Arcadia Solutions, athenahealth, Inc., Epic Systems Corporation and InterSystems Corporation, among others. Moreover, we or our competitors may take certain strategic actions—including acquisitions, partnerships and joint ventures or repositioning of product lines—which invite even greater competition in one or more product offering categories.",,OK,"문단에서 오라클(ORCL)의 클라우드, 라이선스 및 하드웨어 제품이 휴렛 팩커드 엔터프라이즈(HPE)와 직접 경쟁한다고 명시적으로 서술함."
HPQ↔MSFT,COMPETES_WITH,"SEC 10-K: Our primary competitors are Acer Inc., Apple Inc., ASUSTeK Computer Inc., Dell Inc., Huawei Technolo",,False,PARTNER_WITH,pending,pending,False,True,0.0,True,pending,pending,False,True,False,,"이 문단은 HP Inc.(HPQ)가 자사의 개인 시스템(Personal Systems) 시장에서 직면하는 경쟁 환경을 설명하고 있습니다. HPQ는 이 시장이 높은 경쟁과 가격 경쟁, 신제품 도입이 특징이라고 언급합니다. 문단에 따르면, Microsoft Corporation(MSFT)은 HPQ의 ""주요 경쟁사"" 중 하나로 명시되어 있습니다. HPQ는 개인용 컴퓨터 및 관련 제품을 제공하며, MSFT는 소프트웨어, 서비스 및 장치를 개발하는 글로벌 기술 기업입니다. 따라서 두 회사는 개인 시스템 시장에서 서로 경쟁하는 관계에 있습니다. 문서에는 HPQ가 Microsoft의 운영 체제를 사용하거나 그 외의 공급망, 파트너십 관계에 대한 서술은 없습니다.",list|target_absent|truncated,"Our primary competitors are Acer Inc., Apple Inc., ASUSTeK Computer Inc., Dell Inc., Huawei Technologies Co., Ltd., Lenovo Group Limited, Logitech International S.A., Microsoft Corporation, Samsung Electronics Co., Ltd., and Toshiba Corporation. In certain geographies, we also experience competition from local companies and from generically-branded or “white box” manufacturers.",HPQ 10-K FY2025 · Item 1 사업,HPQ는 MSFT를 포함한 주요 경쟁사들과 경쟁한다고 언급된다. MSFT는 HPQ의 주요 경쟁사 중 하나인 Microsoft Corporation으로 언급된다.,근거 문장에 상대 종목 미등장 — 관계 근거로 불충분,"HPQ: HP는 개인용 컴퓨터, 프린터 및 관련 이미징 제품, 솔루션 및 서비스를 전 세계에 제공합니다.
개인용 컴퓨팅 및 프린팅 시장에서 선도적인 위치를 차지하며 소비자 및 기업 고객 모두에게 혁신적인 제품을 공급합니다.","MSFT: 소프트웨어, 서비스, 장치 및 솔루션을 개발하고 지원합니다.
Windows 운영체제, Office 생산성 소프트웨어, Azure 클라우드 서비스 등을 제공하는 글로벌 기술 기업입니다.","The markets in which Personal Systems operates are highly competitive and are characterized by price competition and introduction of new products and solutions. Our primary competitors are Acer Inc., Apple Inc., ASUSTeK Computer Inc., Dell Inc., Huawei Technologies Co., Ltd., Lenovo Group Limited, Logitech International S.A., Microsoft Corporation, Samsung Electronics Co., Ltd., and Toshiba Corporation. In certain geographies, we also experience competition from local companies and from generically-branded or “white box” manufacturers. Our competitive advantages include our broad product portfolio, our innovation, and research and development capabilities including security features, our innovative design work, our brand and procurement leverage, our ability to cross-sell our portfolio of offerings, our extensive service and support offerings, the accessibility of our products and the execution of our broad-based distribution strategy from retail and commercial channels to direct sales.",,OK,문단에서 HPQ의 개인용 시스템 부문이 Microsoft Corporation을 주요 경쟁자로 명시함.
IBM↔ORCL,COMPETES_WITH,"SEC 10-K: Our enterprise cloud, license and hardware offerings compete directly with certain offerings from so",엔터프라이즈 클라우드,True,,pending,pending,False,True,0.9,True,pending,pending,False,False,False,클라우드·엔터프라이즈SW,"이 문단은 Oracle이 자사 고객들이 IT 환경 구현, 조달, 통합 및 유지보수에서 더 적은 복잡성과 낮은 총 비용을 요구함에 따라 직면하는 경쟁 환경을 설명한다. Oracle은 자사의 기업 클라우드, 라이선스 및 하드웨어 제공이 IBM을 포함한 세계에서 가장 크고 경쟁력 있는 일부 기업들의 특정 제품과 직접적으로 경쟁한다고 명시하고 있다. 두 회사는 글로벌 엔터프라이즈 소프트웨어 및 클라우드 인프라 시장에서 솔루션과 서비스를 제공하는 사업 영역에서 경쟁한다. Oracle은 클라우드 기반 SaaS 및 인프라를, IBM은 하이브리드 클라우드 플랫폼 및 IT 인프라 솔루션을 제공하며 서로의 시장에서 겹치는 부분이 있다. 문서에는 이들이 서로에게 제품이나 서비스를 공급하는지, 혹은 다른 방식으로 협력하는지에 대한 언급은 없다.",target_absent|truncated,"Our enterprise cloud, license and hardware offerings compete directly with certain offerings from some of the largest and most competitive companies in the world, including Adobe Systems Incorporated, Alphabet Inc., Amazon.com, Inc., Cisco Systems, Inc., Intel Corporation, International Business Machines Corporation, Microsoft Corporation, Salesforce, Inc. and SAP SE, as well as other companies like Hewlett-Packard Enterprise and Workday, Inc.",ORCL 10-K FY2025 · Item 7 MD&A,IBM은 ORCL의 경쟁사 중 하나인 International Business Machines Corporation으로 언급된다. ORCL은 자사의 제품이 International Business Machines Corporation을 포함한 여러 회사와 경쟁한다고 언급한다.,근거 문장에 상대 종목 미등장 — 관계 근거로 불충분,"IBM: IBM은 하이브리드 클라우드 플랫폼, AI 및 보안 소프트웨어, 컨설팅, IT 인프라 등 통합 솔루션과 서비스를 전 세계에 제공합니다.
기업용 소프트웨어, IT 컨설팅 및 인프라 시장에서 오랜 역사와 기술력을 바탕으로 디지털 전환을 이끄는 글로벌 기업입니다.","ORCL: 전 세계 기업 고객을 대상으로 클라우드 기반 ERP, EPM, SCM, HCM 등 다양한 소프트웨어 서비스(SaaS)와 산업별 솔루션을 제공합니다.
글로벌 엔터프라이즈 소프트웨어 및 클라우드 인프라(IaaS, PaaS) 시장의 주요 선두 기업 중 하나입니다.","Our customers are demanding less complexity and lower total cost in the implementation, sourcing, integration and ongoing maintenance of their IT environments. Our enterprise cloud, license and hardware offerings compete directly with certain offerings from some of the largest and most competitive companies in the world, including Adobe Systems Incorporated, Alphabet Inc., Amazon.com, Inc., Cisco Systems, Inc., Intel Corporation, International Business Machines Corporation, Microsoft Corporation, Salesforce, Inc. and SAP SE, as well as other companies like Hewlett-Packard Enterprise and Workday, Inc. In addition, due to the low barriers to entry in many of our market segments, new technologies and new and growing competitors frequently emerge to challenge our offerings. Our competitors range from companies offering broad IT solutions across many of our lines of business to vendors providing point solutions, or offerings focused on a specific functionality, product area or industry. In addition, as we expand into new market segments, we face increased competition as we compete with existing competitors, as well as firms that may be partners in other areas of our business and other firms with whom we have not previously competed. For example, following our acquisition of Cerner Corporation, we also face competition from large healthcare IT providers such as Allscripts Healthcare Solutions, Inc., Arcadia Solutions, athenahealth, Inc., Epic Systems Corporation and InterSystems Corporation, among others. Moreover, we or our competitors may take certain strategic actions—including acquisitions, partnerships and joint ventures or repositioning of product lines—which invite even greater competition in one or more product offering categories.",,OK,문단에서 ORCL이 IBM을 직접적인 경쟁사 중 하나로 명시하고 있습니다.
IEX↔IR,COMPETES_WITH,"SEC 10-K: Our primary competitors include Dover, Graco, IDEX Corporation, KNF Neuberger, Netzsch, NOV, Sartori",,True,,pending,pending,False,True,1.0,True,pending,pending,False,True,False,,"이 문단은 잉거솔랜드(Ingersoll Rand)가 정밀 및 과학 기술 부문 시장에서 직면하는 경쟁 환경을 설명한다. 잉거솔랜드는 해당 시장에서 제품 품질과 성능을 기반으로 경쟁하며, 효율적인 헬스케어 솔루션에 대한 수요가 증가하고 있다고 밝힌다. 잉거솔랜드는 아이덱스(IDEX Corporation)를 자사의 주요 경쟁사 중 하나로 명시하고 있다. 두 회사는 정밀 과학 기술 분야에서 산업용 제품과 솔루션을 제공하며 경쟁 관계에 있다. 잉거솔랜드는 압축기, 펌프 등 핵심 장비를 공급하고, 아이덱스는 정밀 펌프 및 유량계 등 공학 솔루션을 제공하는 사업 영역에서 서로 경쟁한다. 문서에는 이들이 서로에게 제품이나 서비스를 공급하는지, 혹은 다른 방식으로 협력하는지에 대한 언급은 없다.",list|target_absent|truncated,"Our primary competitors include Dover, Graco, IDEX Corporation, KNF Neuberger, Netzsch, NOV, Sartorius, SPX Flow, Thermo Fisher Scientific, and Watson-Marlow, as well as other regional and local manufacturers.
Customers and Customer Service
We consider superior customer service to be one of our primary pillars of future success and view it as being built upon a foundation of critical application expertise, an industry leading range of compressor, pump, vacuum and blower products, a global manufacturing and sales presence and a long-standing reputation for quality and reliability. Intense customer focus is at the center of our vision of becoming the industry’s first choice for innovative and application-critical flow creation equipment, services and solutions.",IR 10-K FY2025 · Item 1 사업,IEX는 문장의 주체('우리')의 주요 경쟁사 중 하나인 IDEX Corporation으로 언급된다. IR 미등장.,근거 문장에 상대 종목 미등장 — 관계 근거로 불충분,"IEX: 아이덱스는 정밀 펌프, 유량계 및 소방·안전 제품 등 다양한 산업 분야에 적용되는 공학 솔루션을 제공합니다.
유체 및 계측 기술, 보건 과학 기술, 소방 및 안전 제품 시장에서 특수 엔지니어링 제품을 공급하는 글로벌 기업입니다.","IR: 잉거솔랜드는 공기, 유체, 에너지 및 의료 기술을 포함하는 다양한 미션 크리티컬 산업용 제품과 서비스를 제공합니다.
산업 기술 및 서비스, 정밀 과학 기술 분야에서 압축기, 펌프 및 전동 공구 등 핵심 장비를 공급하는 글로벌 기업입니다.","Competition in the markets served by our Precision and Science Technologies segment is primarily based on product quality and performance, as most products must be qualified by the customer for a particular use. Further, there is an increasing demand for more efficient healthcare solutions, which is driving the adoption of premium and high performance systems. Our primary competitors include Dover, Graco, IDEX Corporation, KNF Neuberger, Netzsch, NOV, Sartorius, SPX Flow, Thermo Fisher Scientific, and Watson-Marlow, as well as other regional and local manufacturers.",,OK,문단에서 IR의 주요 경쟁사 중 하나로 IEX를 명시하고 있습니다.
INCY↔ORCL,COMPETES_WITH,"SEC 10-K: For example, following our acquisition of Cerner Corporation, we also face competition from large he",,False,,pending,pending,True,True,0.0,True,pending,pending,False,False,False,,"이 문단은 Oracle이 자사 고객들이 IT 환경 구현 및 유지보수에서 비용 효율성과 고성능을 요구함에 따라 직면하는 경쟁 환경을 설명한다. Oracle은 자사의 기업 클라우드, 소프트웨어 및 하드웨어 제공이 여러 대형 IT 기업들과 직접적으로 경쟁한다고 밝히고 있다. 그러나 문단 어디에도 인사이트(Incyte)가 Oracle의 경쟁사로 언급되어 있지 않다. 인사이트는 생물 의약품을 개발하고 상용화하는 제약 회사이며, Oracle은 클라우드 기반 소프트웨어 및 IT 인프라 서비스를 제공하는 회사이다. 따라서 제시된 문단과 회사 프로필만으로는 두 회사 사이에 어떠한 직접적인 관계도 파악할 수 없다. 문서에는 이들이 서로에게 제품이나 서비스를 공급하는지, 경쟁하는지, 혹은 다른 방식으로 협력하는지에 대한 언급이 전혀 없다.",m&a|truncated,"For example, following our acquisition of Cerner Corporation, we also face competition from large healthcare IT providers such as Allscripts Healthcare Solutions, Inc., Arcadia Solutions, athenahealth, Inc., Epic Systems Corporation and InterSystems Corporation, among others. Moreover, we or our competitors may take certain strategic actions—including acquisitions, partnerships and joint ventures or repositioning of product lines—which invite even greater competition in one or more product offering categories.
 

11

Table of Contents

 
 

Key competitive factors in each of the segments in which we currently compete and may compete in the future include: total cost of ownership, performance, scalability, reliability, security, functionality, efficiency, ease of use, speed to production and quality of technical support.",ORCL 10-K FY2026 · Item 7 MD&A,INCY 미등장. ORCL 미등장.,,"INCY: 인사이트는 자가 면역 질환, 암 등 다양한 질병 치료를 위한 독점적인 생물 의약품을 발굴, 개발 및 상용화하는 기업입니다.
혈액암 및 기타 중증 질환 분야에서 혁신적인 치료제를 제공하는 생명공학 제약 시장의 주요 기업입니다.","ORCL: 전 세계 기업 고객을 대상으로 클라우드 기반 ERP, EPM, SCM, HCM 등 다양한 소프트웨어 서비스(SaaS)와 산업별 솔루션을 제공합니다.
글로벌 엔터프라이즈 소프트웨어 및 클라우드 인프라(IaaS, PaaS) 시장의 주요 선두 기업 중 하나입니다.","Our customers are demanding less complexity, more cost-effective and higher performance and availability in the implementation, sourcing, integration and ongoing maintenance of their IT environments. Our enterprise cloud, software and hardware offerings compete directly with certain offerings from some of the largest and most competitive companies in the world, including Adobe Systems Incorporated, Alphabet Inc., Amazon.com, Inc., Cisco Systems, Inc., Intel Corporation, International Business Machines Corporation, Microsoft Corporation, Salesforce, Inc. and SAP SE, as well as other companies like Hewlett-Packard Enterprise and Workday, Inc. In addition, due to the low barriers to entry in many of our market segments, new technologies and new and growing competitors frequently emerge to challenge our offerings. Our competitors range from companies offering broad IT solutions across many of our lines of business to vendors providing point solutions, or offerings focused on a specific functionality, product area or industry. In addition, as we expand into new market segments, we face increased competition as we compete with existing competitors, as well as firms that may be partners in other areas of our business and other firms with whom we have not previously competed. For example, following our acquisition of Cerner Corporation, we also face competition from large healthcare IT providers such as Allscripts Healthcare Solutions, Inc., Arcadia Solutions, athenahealth, Inc., Epic Systems Corporation and InterSystems Corporation, among others. Moreover, we or our competitors may take certain strategic actions—including acquisitions, partnerships and joint ventures or repositioning of product lines—which invite even greater competition in one or more product offering categories.",,DROP,두 회사는 다른 산업군에 속하며 문단에서 두 회사 간의 명시적인 관계를 찾을 수 없습니다.
INTC↔ORCL,COMPETES_WITH,"SEC 10-K: Our enterprise cloud, license and hardware offerings compete directly with certain offerings from so",엔터프라이즈 클라우드,True,,pending,pending,False,True,0.9,True,pending,pending,False,False,False,클라우드·엔터프라이즈SW,"이 문단은 Oracle이 자사 고객들이 IT 환경 구현 및 유지보수에서 더 적은 복잡성과 낮은 총 비용을 요구함에 따라 직면하는 경쟁 환경을 설명한다. Oracle은 자사의 기업 클라우드, 라이선스 및 하드웨어 제공이 인텔(Intel Corporation)을 포함한 세계적인 기업들의 특정 제품과 직접적으로 경쟁한다고 밝히고 있다. 두 회사는 IT 환경 솔루션 및 인프라 시장에서 서로 경쟁 관계에 있다. Oracle은 클라우드 기반 소프트웨어 및 인프라를 제공하며, 인텔은 서버용 프로세서 등 컴퓨팅 생태계의 핵심 기반을 제공하는 사업 영역에서 서로 겹치는 부분이 발생할 수 있다. 문서에는 인텔이 Oracle에 제품을 공급하는지, 혹은 다른 방식으로 협력하는지에 대한 언급은 없다.",target_absent|truncated,"Our enterprise cloud, license and hardware offerings compete directly with certain offerings from some of the largest and most competitive companies in the world, including Adobe Systems Incorporated, Alphabet Inc., Amazon.com, Inc., Cisco Systems, Inc., Intel Corporation, International Business Machines Corporation, Microsoft Corporation, Salesforce, Inc. and SAP SE, as well as other companies like Hewlett-Packard Enterprise and Workday, Inc.",ORCL 10-K FY2025 · Item 7 MD&A,"INTC는 회사의 엔터프라이즈 클라우드, 라이선스 및 하드웨어 제품과 경쟁하는 회사 중 하나로 언급된다. ORCL은 해당 제품을 제공하며 경쟁에 직면한 '우리' (Our) 회사이다.",근거 문장에 상대 종목 미등장 — 관계 근거로 불충분,"INTC: 인텔은 중앙 처리 장치(CPU), 칩셋, 시스템 온 칩 등 다양한 컴퓨터 제품과 기술을 설계, 제조 및 판매합니다.
PC 및 서버용 프로세서 시장을 선도하며 데이터 센터, 인공지능 등 광범위한 컴퓨팅 생태계의 핵심 기반을 제공합니다.","ORCL: 전 세계 기업 고객을 대상으로 클라우드 기반 ERP, EPM, SCM, HCM 등 다양한 소프트웨어 서비스(SaaS)와 산업별 솔루션을 제공합니다.
글로벌 엔터프라이즈 소프트웨어 및 클라우드 인프라(IaaS, PaaS) 시장의 주요 선두 기업 중 하나입니다.","Our customers are demanding less complexity and lower total cost in the implementation, sourcing, integration and ongoing maintenance of their IT environments. Our enterprise cloud, license and hardware offerings compete directly with certain offerings from some of the largest and most competitive companies in the world, including Adobe Systems Incorporated, Alphabet Inc., Amazon.com, Inc., Cisco Systems, Inc., Intel Corporation, International Business Machines Corporation, Microsoft Corporation, Salesforce, Inc. and SAP SE, as well as other companies like Hewlett-Packard Enterprise and Workday, Inc. In addition, due to the low barriers to entry in many of our market segments, new technologies and new and growing competitors frequently emerge to challenge our offerings. Our competitors range from companies offering broad IT solutions across many of our lines of business to vendors providing point solutions, or offerings focused on a specific functionality, product area or industry. In addition, as we expand into new market segments, we face increased competition as we compete with existing competitors, as well as firms that may be partners in other areas of our business and other firms with whom we have not previously competed. For example, following our acquisition of Cerner Corporation, we also face competition from large healthcare IT providers such as Allscripts Healthcare Solutions, Inc., Arcadia Solutions, athenahealth, Inc., Epic Systems Corporation and InterSystems Corporation, among others. Moreover, we or our competitors may take certain strategic actions—including acquisitions, partnerships and joint ventures or repositioning of product lines—which invite even greater competition in one or more product offering categories.",,OK,문단에서 ORCL이 INTC를 직접적인 경쟁사 중 하나로 명시하고 있습니다.
IR↔TMO,COMPETES_WITH,"SEC 10-K: Our primary competitors include Dover, Graco, IDEX Corporation, KNF Neuberger, Netzsch, NOV, Sartori",,False,COMPETES_WITH,pending,pending,False,True,0.0,True,noise_self_contradiction,pending,True,True,False,,"이 문단은 잉거솔랜드(Ingersoll Rand)가 정밀 및 과학 기술 부문 시장에서 직면하는 경쟁 환경을 설명한다. 잉거솔랜드는 해당 시장의 경쟁이 주로 제품 품질과 성능에 기반하며, 효율적인 헬스케어 솔루션에 대한 수요가 증가하고 있다고 언급한다. 잉거솔랜드는 써모 피셔 사이언티픽(Thermo Fisher Scientific)을 자사의 주요 경쟁사 중 하나로 명시하고 있다. 두 회사는 정밀 과학 기술 및 과학 서비스 시장에서 서로 경쟁 관계에 있다. 잉거솔랜드는 정밀 과학 기술 분야에서 산업용 제품을 공급하고, 써모 피셔 사이언티픽은 생명 과학 솔루션 및 분석 장비를 제공하는 사업 영역에서 경쟁한다. 문서에는 이들이 서로에게 제품이나 서비스를 공급하는지, 혹은 다른 방식으로 협력하는지에 대한 언급은 없다.",list|target_absent|truncated,"Our primary competitors include Dover, Graco, IDEX Corporation, KNF Neuberger, Netzsch, NOV, Sartorius, SPX Flow, Thermo Fisher Scientific, and Watson-Marlow, as well as other regional and local manufacturers.
Customers and Customer Service
We consider superior customer service to be one of our primary pillars of future success and view it as being built upon a foundation of critical application expertise, an industry leading range of compressor, pump, vacuum and blower products, a global manufacturing and sales presence and a long-standing reputation for quality and reliability. Intense customer focus is at the center of our vision of becoming the industry’s first choice for innovative and application-critical flow creation equipment, services and solutions.",IR 10-K FY2025 · Item 1 사업,"IR은 '우리' (Our) 회사로 언급되며, Thermo Fisher Scientific을 포함한 주요 경쟁사들을 열거한다. TMO는 IR의 주요 경쟁사 중 하나로 언급된다.",근거 문장에 상대 종목 미등장 — 관계 근거로 불충분,"IR: 잉거솔랜드는 공기, 유체, 에너지 및 의료 기술을 포함하는 다양한 미션 크리티컬 산업용 제품과 서비스를 제공합니다.
산업 기술 및 서비스, 정밀 과학 기술 분야에서 압축기, 펌프 및 전동 공구 등 핵심 장비를 공급하는 글로벌 기업입니다.","TMO: 생명 과학 솔루션, 분석 장비, 특수 진단 및 실험실 제품을 전 세계에 제공합니다.
제약, 생명공학, 임상 진단 등 다양한 분야에서 연구 및 생산에 필요한 솔루션을 제공하는 글로벌 과학 서비스 선두 기업입니다.","Competition in the markets served by our Precision and Science Technologies segment is primarily based on product quality and performance, as most products must be qualified by the customer for a particular use. Further, there is an increasing demand for more efficient healthcare solutions, which is driving the adoption of premium and high performance systems. Our primary competitors include Dover, Graco, IDEX Corporation, KNF Neuberger, Netzsch, NOV, Sartorius, SPX Flow, Thermo Fisher Scientific, and Watson-Marlow, as well as other regional and local manufacturers.",OK,OK,문단에서 IR의 주요 경쟁사 중 하나로 TMO를 명시하고 있습니다.
ISRG↔JNJ,COMPETES_WITH,"SEC 10-K: Companies that have introduced products in the field of robotic-assisted medical procedures, or have",수술용 로봇,True,,pending,pending,False,True,0.9,True,pending,pending,False,False,False,수술용 로봇,"이 문단은 인튜이티브 서지컬(Intuitive Surgical)이 로봇 보조 의료 시술 분야에서 직면하는 경쟁 환경을 설명한다. 인튜이티브 서지컬은 자사가 로봇 보조 의료 시술 분야에서 제품을 도입했거나 시장 진출을 위해 노력하고 있다고 명시한 회사들 중 존슨앤드존슨(Johnson & Johnson)을 주요 경쟁사로 언급하고 있다. 인튜이티브 서지컬은 로봇 보조 수술 시스템을 제공하며, 존슨앤드존슨은 의료기기 및 첨단 수술 솔루션을 제공하는 회사로서, 두 회사는 이 로봇 보조 수술 시스템 시장에서 경쟁 관계에 있다. 또한 인튜이티브 서지컬은 개방형 또는 최소 침습 수술 제품을 가진 회사들과도 경쟁한다고 밝힌다. 문서에는 이들이 서로에게 제품이나 서비스를 공급하는지, 혹은 다른 방식으로 협력하는지에 대한 언급은 없다.",target_absent|truncated,"Companies that have introduced products in the field of robotic-assisted medical procedures, or have made explicit statements about their efforts to enter the field, include, but are not limited to, the following: Beijing Surgerii Robotics Company Limited; CMR Surgical Ltd.; Distalmotion SA; Harbin Sizhe Rui Intelligent Medical Equipment Co., Ltd.; Johnson & Johnson; Karl Storz SE & Co. KG; Medicaroid Corporation; Medtronic plc; meerecompany Inc.; Noah Medical Corporation; Shandong Weigao Group Medical Polymer Company Ltd.; Shanghai Microport Medbot (Group) Co., Ltd.; Shenzhen Edge Medical Co., Ltd.; and SS Innovations International, Inc.",ISRG 10-K FY2025 · Item 1 사업,ISRG 미등장. JNJ는 로봇 보조 의료 시술 분야에 제품을 출시했거나 진출 노력을 표명한 회사 중 하나로 언급된다.,근거 문장에 상대 종목 미등장 — 관계 근거로 불충분,"ISRG: 인튜이티브 서지컬은 다빈치(da Vinci) 수술 시스템을 통해 최소 침습 수술을 가능하게 하는 제품을 개발, 제조 및 판매합니다.
로봇 보조 수술 시스템 시장의 선두 주자로, 복잡한 수술 및 진단 절차의 정확성과 효율성을 높이는 데 기여합니다.","JNJ: 존슨앤드존슨은 혁신 의약품과 의료기기 및 솔루션 분야에서 제품을 연구, 개발, 제조, 판매합니다.
글로벌 제약 및 의료기기 시장에서 암, 면역학 등 복잡한 질병 치료와 첨단 수술 솔루션을 제공하는 선도 기업입니다.","Additionally, we currently face, or anticipate facing, competition from companies with products used in open or MIS surgeries, including laparoscopy and alternative multi-port, single-port, or endoluminal systems. We also compete with companies providing other therapeutic approaches for addressing target clinical conditions, as well as companies developing diagnostic solutions that could serve as alternatives to current or planned Intuitive offerings. Companies that have introduced products in the field of robotic-assisted medical procedures, or have made explicit statements about their efforts to enter the field, include, but are not limited to, the following: Beijing Surgerii Robotics Company Limited; CMR Surgical Ltd.; Distalmotion SA; Harbin Sizhe Rui Intelligent Medical Equipment Co., Ltd.; Johnson & Johnson; Karl Storz SE & Co. KG; Medicaroid Corporation; Medtronic plc; meerecompany Inc.; Noah Medical Corporation; Shandong Weigao Group Medical Polymer Company Ltd.; Shanghai Microport Medbot (Group) Co., Ltd.; Shenzhen Edge Medical Co., Ltd.; and SS Innovations International, Inc. Other companies with substantial experience in industrial robotics could potentially expand into the field of medical robotics and become competitors. Additionally, we expect increasing competition within China for robotic-assisted systems. Our revenues may be reduced due to pricing pressure if our competitors develop and market products that are more effective or less expensive than our products. In addition, research efforts utilizing computers and robotics for medical procedures are underway at various companies and research institutions. Our revenues may be adversely impacted as our competitors announce their intent to enter our geographic markets and as our customers anticipate the availability of competing products. We may not be able to maintain or improve our competitive position against current or potential competitors, especially those with greater resources.",,OK,문단에서 JNJ가 ISRG의 사업 분야인 로봇 보조 의료 시술 분야에 진출했거나 진출 노력을 표명한 회사 중 하나로 명시되어 경쟁 관계를 시사합니다.
ISRG↔MDT,COMPETES_WITH,"SEC 10-K: Companies that have introduced products in the field of robotic-assisted medical procedures, or have",로봇 보조 수술,True,,pending,pending,False,True,0.7,True,pending,pending,False,False,False,로봇 보조 수술,"이 문단은 인튜이티브 서지컬(Intuitive Surgical)이 로봇 보조 의료 시술 분야에서 직면하는 경쟁 환경을 설명한다. 인튜이티브 서지컬은 메드트로닉(Medtronic plc)을 로봇 보조 의료 시술 분야에서 제품을 도입했거나 시장 진출을 위해 노력하고 있다고 명시한 회사 중 하나로 언급하며, 서로 경쟁 관계에 있음을 밝힌다. 인튜이티브 서지컬은 로봇 보조 수술 시스템인 다빈치 시스템을 제공하며, 메드트로닉은 의료-외과 분야에서 혁신적인 의료기기 및 솔루션을 제공하는 회사로서, 두 회사는 로봇 보조 수술 시스템 시장에서 경쟁한다. 또한 인튜이티브 서지컬은 개방형 또는 최소 침습 수술 제품을 가진 회사들과도 경쟁한다고 밝힌다. 문서에는 이들이 서로에게 제품이나 서비스를 공급하는지, 혹은 다른 방식으로 협력하는지에 대한 언급은 없다.",target_absent|truncated,"Companies that have introduced products in the field of robotic-assisted medical procedures, or have made explicit statements about their efforts to enter the field, include, but are not limited to, the following: Beijing Surgerii Robotics Company Limited; CMR Surgical Ltd.; Distalmotion SA; Harbin Sizhe Rui Intelligent Medical Equipment Co., Ltd.; Johnson & Johnson; Karl Storz SE & Co. KG; Medicaroid Corporation; Medtronic plc; meerecompany Inc.; Noah Medical Corporation; Shandong Weigao Group Medical Polymer Company Ltd.; Shanghai Microport Medbot (Group) Co., Ltd.; Shenzhen Edge Medical Co., Ltd.; and SS Innovations International, Inc.",ISRG 10-K FY2025 · Item 1 사업,ISRG 미등장. MDT는 로봇 보조 의료 시술 분야에 제품을 출시했거나 진출 노력을 표명한 회사 중 하나로 언급된다.,근거 문장에 상대 종목 미등장 — 관계 근거로 불충분,"ISRG: 인튜이티브 서지컬은 다빈치(da Vinci) 수술 시스템을 통해 최소 침습 수술을 가능하게 하는 제품을 개발, 제조 및 판매합니다.
로봇 보조 수술 시스템 시장의 선두 주자로, 복잡한 수술 및 진단 절차의 정확성과 효율성을 높이는 데 기여합니다.","MDT: 이식형 심장 박동기, 제세동기, 심장 판막 등 장치 기반의 의료 치료 기술 및 의료기기를 개발, 제조 및 판매합니다.
심혈관, 신경과학, 당뇨병, 의료-외과 분야에서 혁신적인 의료기기 및 솔루션을 제공하는 글로벌 선도 기업입니다.","Additionally, we currently face, or anticipate facing, competition from companies with products used in open or MIS surgeries, including laparoscopy and alternative multi-port, single-port, or endoluminal systems. We also compete with companies providing other therapeutic approaches for addressing target clinical conditions, as well as companies developing diagnostic solutions that could serve as alternatives to current or planned Intuitive offerings. Companies that have introduced products in the field of robotic-assisted medical procedures, or have made explicit statements about their efforts to enter the field, include, but are not limited to, the following: Beijing Surgerii Robotics Company Limited; CMR Surgical Ltd.; Distalmotion SA; Harbin Sizhe Rui Intelligent Medical Equipment Co., Ltd.; Johnson & Johnson; Karl Storz SE & Co. KG; Medicaroid Corporation; Medtronic plc; meerecompany Inc.; Noah Medical Corporation; Shandong Weigao Group Medical Polymer Company Ltd.; Shanghai Microport Medbot (Group) Co., Ltd.; Shenzhen Edge Medical Co., Ltd.; and SS Innovations International, Inc. Other companies with substantial experience in industrial robotics could potentially expand into the field of medical robotics and become competitors. Additionally, we expect increasing competition within China for robotic-assisted systems. Our revenues may be reduced due to pricing pressure if our competitors develop and market products that are more effective or less expensive than our products. In addition, research efforts utilizing computers and robotics for medical procedures are underway at various companies and research institutions. Our revenues may be adversely impacted as our competitors announce their intent to enter our geographic markets and as our customers anticipate the availability of competing products. We may not be able to maintain or improve our competitive position against current or potential competitors, especially those with greater resources.",,OK,문단에서 MDT가 ISRG의 사업 분야인 로봇 보조 의료 시술 분야에 진출했거나 진출 노력을 표명한 회사 중 하나로 명시되어 경쟁 관계를 시사합니다.
JCI↔TT,COMPETES_WITH,"SEC 10-K: Larger competitors include Honeywell International, Inc.; Siemens Smart Infrastructure, an operating",,False,,pending,pending,False,True,0.0,True,pending,pending,False,True,False,,"이 문단은 존슨 컨트롤즈(Johnson Controls)가 주거용 및 비주거용 시장에서 HVAC 장비, 보안, 화재 감지 및 제어 시스템을 놓고 직면하는 경쟁 환경을 설명한다. 존슨 컨트롤즈는 트레인 테크놀로지스(Trane Technologies plc)를 해당 시장의 주요 경쟁사 중 하나로 명시하고 있다. 두 회사는 HVAC 장비와 관련 솔루션 시장에서 경쟁 관계에 있다. 존슨 컨트롤즈는 HVAC 및 빌딩 관리 시스템을 제공하며, 트레인 테크놀로지스는 HVAC 및 기후 제어 시스템을 제공하는 사업 영역에서 직접적으로 경쟁한다. 이들 사이의 계약 수주 경쟁은 시스템 및 서비스 성능, 품질, 가격 등 여러 요인에 기반한다고 언급된다. 문서에는 이들이 서로에게 제품이나 서비스를 공급하는지, 혹은 다른 방식으로 협력하는지에 대한 언급은 없다.",list|target_absent|truncated,"Larger competitors include Honeywell International, Inc.; Siemens Smart Infrastructure, an operating group of Siemens AG; Schneider Electric SA; Carrier Global Corporation; Trane Technologies plc; Vertiv Holdings Co., API Group and Daikin Industries, Ltd. In addition, the Company competes in a highly fragmented building services market.",JCI 10-K FY2025 · Item 1 사업,"JCI는 '회사' (The Company)로 언급되며, 여러 경쟁사들 속에서 경쟁하는 주체이다. TT는 JCI의 주요 경쟁사 중 하나로 언급된다.",근거 문장에 상대 종목 미등장 — 관계 근거로 불충분,"JCI: 존슨 컨트롤즈는 난방, 환기, 공조(HVAC), 빌딩 관리 시스템, 보안 및 소방 시스템 등 빌딩 제품 및 솔루션을 엔지니어링, 제조, 설치합니다.
스마트 빌딩 및 에너지 효율 솔루션 시장의 글로벌 리더로서, 전 세계 상업용 및 주거용 건물에 서비스를 제공합니다.","TT: 난방, 환기, 에어컨(HVAC) 및 운송 냉동 솔루션을 설계, 제조, 판매 및 서비스합니다.
주거용 및 상업용 건물, 운송 등 다양한 분야에서 기후 제어 시스템 시장을 선도합니다.","The Company conducts its operations through a significant number of individual contracts that are either negotiated or awarded on a competitive basis. Key factors in the award of contracts include system and service performance, quality, price, design, reputation, technology, application engineering capability, availability of financing and construction or project management expertise. Competitors for HVAC equipment, security, fire detection, fire suppression and controls in the residential and non-residential marketplace include many local, regional, national and international providers. Larger competitors include Honeywell International, Inc.; Siemens Smart Infrastructure, an operating group of Siemens AG; Schneider Electric SA; Carrier Global Corporation; Trane Technologies plc; Vertiv Holdings Co., API Group and Daikin Industries, Ltd. In addition, the Company competes in a highly fragmented building services market. The Company also faces competition from a diverse range of established companies, start-ups and other emerging entrants to the buildings industry in the areas of digital services, software as a service and the Internet of Things. The loss of any individual contract or customer would not have a material adverse effect on the Company.",,OK,문단에서 JCI의 HVAC 장비 경쟁사 중 하나로 TT를 명시하고 있습니다.
JCI↔VRT,COMPETES_WITH,"SEC 10-K: Larger competitors include Honeywell International, Inc.; Siemens Smart Infrastructure, an operating",,False,COMPETES_WITH,pending,pending,False,True,0.0,True,noise_self_contradiction,pending,True,True,False,,"이 문단은 존슨 컨트롤즈(JCI)가 HVAC 장비, 보안, 소방 감지 및 소화, 제어 시스템 시장에서 직면하는 경쟁 환경을 설명합니다. 존슨 컨트롤즈는 버티브 홀딩스(VRT)를 주거용 및 비주거용 시장에서 경쟁하는 대형 경쟁사 중 하나로 지목합니다. 이는 두 회사가 빌딩 제품 및 솔루션 분야에서 고객 확보를 위해 경쟁한다는 것을 의미합니다. 구체적으로 버티브가 어떤 제품이나 서비스를 통해 존슨 컨트롤즈와 경쟁하는지는 서술되어 있지 않습니다. 또한, 두 회사 간의 직접적인 거래나 협력 관계에 대해서는 문서에 언급되어 있지 않습니다.",list|target_absent|truncated,"Larger competitors include Honeywell International, Inc.; Siemens Smart Infrastructure, an operating group of Siemens AG; Schneider Electric SA; Carrier Global Corporation; Trane Technologies plc; Vertiv Holdings Co., API Group and Daikin Industries, Ltd. In addition, the Company competes in a highly fragmented building services market.",JCI 10-K FY2025 · Item 1 사업,"JCI는 '회사' (The Company)로 언급되며, 여러 경쟁사들 속에서 경쟁하는 주체이다. VRT는 JCI의 주요 경쟁사 중 하나로 언급된다.",근거 문장에 상대 종목 미등장 — 관계 근거로 불충분,"JCI: 존슨 컨트롤즈는 난방, 환기, 공조(HVAC), 빌딩 관리 시스템, 보안 및 소방 시스템 등 빌딩 제품 및 솔루션을 엔지니어링, 제조, 설치합니다.
스마트 빌딩 및 에너지 효율 솔루션 시장의 글로벌 리더로서, 전 세계 상업용 및 주거용 건물에 서비스를 제공합니다.","VRT: 데이터 센터, 통신 네트워크 및 산업 환경을 위한 핵심 디지털 인프라 기술 및 라이프사이클 서비스를 설계, 제조, 제공합니다.
전력 및 열 관리 솔루션 분야에서 글로벌 리더십을 갖춘 중요한 디지털 인프라 공급업체입니다.","The Company conducts its operations through a significant number of individual contracts that are either negotiated or awarded on a competitive basis. Key factors in the award of contracts include system and service performance, quality, price, design, reputation, technology, application engineering capability, availability of financing and construction or project management expertise. Competitors for HVAC equipment, security, fire detection, fire suppression and controls in the residential and non-residential marketplace include many local, regional, national and international providers. Larger competitors include Honeywell International, Inc.; Siemens Smart Infrastructure, an operating group of Siemens AG; Schneider Electric SA; Carrier Global Corporation; Trane Technologies plc; Vertiv Holdings Co., API Group and Daikin Industries, Ltd. In addition, the Company competes in a highly fragmented building services market. The Company also faces competition from a diverse range of established companies, start-ups and other emerging entrants to the buildings industry in the areas of digital services, software as a service and the Internet of Things. The loss of any individual contract or customer would not have a material adverse effect on the Company.",OK,OK,문단에서 JCI의 경쟁사로 Vertiv Holdings Co.를 명시적으로 언급함.
JPM↔SYF,COMPETES_WITH,"SEC 10-K: Our primary competitors for partners include major financial institutions, such as American Express,",금융 서비스,True,,pending,pending,True,True,0.3,True,pending,pending,False,False,False,금융·결제·거래소,"이 문단은 SYF의 사업 성공이 기존 파트너 유지 및 신규 파트너 유치 능력에 달려있음을 설명하며, 파트너 경쟁 환경을 다룹니다. SYF는 JPMorgan Chase(JPM)를 파트너를 놓고 경쟁하는 주요 금융 기관 중 하나로 명시합니다. 두 회사는 신용카드, 상업용 신용 상품, 소비자 할부 대출 등 SYF의 상품군 전반에 걸쳐 파트너십을 확보하기 위해 치열하게 경쟁합니다. SYF는 JPMorgan Chase와 같은 일부 경쟁사들이 더 큰 규모와 다각화된 제품 및 고객 기반을 통해 이점을 가질 수 있다고 언급합니다. 문서에는 두 회사 간의 구체적인 거래나 협력 관계에 대한 서술은 없습니다.",truncated,"Our primary competitors for partners include major financial institutions, such as American Express, Bread Financial, Capital One/Discover, JPMorgan Chase, Citibank, TD Bank and Wells Fargo, as well as, financial technology companies, point-of-sale lending focused companies, and potential partners’ own in-house financing capabilities. Some of our competitors are substantially larger than we are, which may give those competitors advantages, including a more diversified product and customer base, the ability to reach out to more customers and potential customers, operational efficiencies, more versatile technology platforms, broad-based local distribution capabilities and lower-cost funding.",SYF 10-K FY2025 · Item 7 MD&A,"JPM은 '우리' (Our) 회사의 파트너 확보 경쟁사 중 하나인 주요 금융 기관으로 언급된다. SYF는 '우리' (Our) 회사로 언급되며, JPM을 포함한 여러 경쟁사들과 파트너 확보를 위해 경쟁한다.",,"JPM: 금융 상품(예금, 대출, 투자), 결제 서비스, 자산 관리 등 다양한 금융 서비스를 전 세계적으로 제공합니다.
개인, 중소기업, 대기업 고객을 대상으로 하는 선도적인 글로벌 금융 서비스 회사입니다.","SYF: 미국에서 소비자 금융 서비스를 제공하며, 신용카드, 상업용 신용 상품 및 소비자 할부 대출을 주력으로 합니다.
프라이빗 라벨, 공동 브랜드 신용카드 및 예금 상품을 통해 소비자 금융 시장에서 중요한 역할을 합니다.","The success of our business depends on our ability to retain existing partners and attract new partners. The competition for partners is intense and highly competitive across our product set. Our primary competitors for partners include major financial institutions, such as American Express, Bread Financial, Capital One/Discover, JPMorgan Chase, Citibank, TD Bank and Wells Fargo, as well as, financial technology companies, point-of-sale lending focused companies, and potential partners’ own in-house financing capabilities. Some of our competitors are substantially larger than we are, which may give those competitors advantages, including a more diversified product and customer base, the ability to reach out to more customers and potential customers, operational efficiencies, more versatile technology platforms, broad-based local distribution capabilities and lower-cost funding. In addition, some of our competitors have been acquired, and others may in the future be acquired, by private-equity led consortia, which may expand the level of resources available to these competitors. We compete for partners on the basis of a number of factors, including financial and other terms, technological capabilities, underwriting capabilities, marketing expertise, service levels, product and service offerings (including incentive and loyalty programs), integration capabilities, brand and reputation. In addition, some of our competitors have a business model that allows for their partners to manage underwriting (e.g., new account approval), customer service and collections, and other core banking responsibilities that we retain but some partners may prefer to handle. As a result of competition, we may be unable to acquire new partners, lose existing relationships to competing companies or find it more costly to maintain our existing relationships.",,OK,문단에서 SYF의 경쟁사로 JPMorgan Chase를 명시적으로 언급함.
KO↔PEP,COMPETES_WITH,"SEC 10-K: In many countries in which our products are sold, including the United States, The Coca-Cola Company",음료 시장,True,,pending,pending,False,True,0.9,True,pending,pending,False,True,False,음료 시장,"이 문단은 펩시코(PEP)의 경쟁 환경을 설명하며, 특히 음료 및 간편 식품 시장에서의 경쟁사를 나열합니다. 펩시코는 코카콜라 컴퍼니(KO)를 미국을 포함한 여러 국가에서 자사의 주요 음료 경쟁사로 명확히 지목합니다. 이는 두 회사가 다양한 비알코올 음료 제품을 놓고 시장 점유율을 위해 경쟁하고 있음을 나타냅니다. 펩시코는 이들 외에도 여러 음료 및 간편 식품 회사들과 경쟁하고 있음을 밝힙니다. 문서에는 두 회사 간의 구체적인 경쟁 전략이나 직접적인 거래 관계에 대한 서술은 없습니다.",list|target_absent|truncated,"In many countries in which our products are sold, including the United States, The Coca-Cola Company is our primary beverage competitor. Other beverage and convenient food competitors include, but are not limited to, The Campbell’s Company, Conagra Brands, Inc., Hormel Foods Corporation, Keurig Dr Pepper Inc., The Kraft Heinz Company, Link Snacks, Inc., Mars, Incorporated, Mondelēz International, Inc., Monster Beverage Corporation, Nestlé S.A., Primo Brands Corporation, Red Bull GmbH and Utz Brands, Inc.
Many of our convenient food products hold significant leadership positions in the convenient food industry in the United States and worldwide.",PEP 10-K FY2025 · Item 1 사업,"KO는 '우리' (Our) 회사의 주요 음료 경쟁사로 언급된다. PEP는 '우리' (Our) 회사로 언급되며, KO를 포함한 다양한 음료 및 간편식 경쟁사들과 경쟁한다.",근거 문장에 상대 종목 미등장 — 관계 근거로 불충분,"KO: 코카콜라, 환타 등 탄산음료와 물, 주스, 커피, 차 등 다양한 비알코올 음료 및 농축액을 제조, 판매합니다.
전 세계적으로 가장 잘 알려진 음료 브랜드를 다수 보유하며 글로벌 음료 시장을 선도하는 기업입니다.","PEP: 다양한 음료와 스낵 식품을 제조, 마케팅, 유통, 판매하며, 'Frito-Lay', 'Quaker Foods', 'PepsiCo Beverages' 브랜드를 보유합니다.
전 세계 식음료 시장에서 스낵과 음료 부문의 주요 글로벌 선두 기업 중 하나입니다.","through e-commerce platforms or through retailers focused on locally-sourced products. In many countries in which our products are sold, including the United States, The Coca-Cola Company is our primary beverage competitor. Other beverage and convenient food competitors include, but are not limited to, The Campbell’s Company, Conagra Brands, Inc., Hormel Foods Corporation, Keurig Dr Pepper Inc., The Kraft Heinz Company, Link Snacks, Inc., Mars, Incorporated, Mondelēz International, Inc., Monster Beverage Corporation, Nestlé S.A., Primo Brands Corporation, Red Bull GmbH and Utz Brands, Inc.",,OK,문단에서 PEP의 주요 음료 경쟁사로 The Coca-Cola Company를 명시적으로 언급함.
MA↔V,COMPETES_WITH,"SEC 10-K: We compete worldwide with payments networks such as Visa, American Express, JCB, China UnionPay and ",결제 네트워크,True,,auto_candidate,pending,True,True,1.0,True,auto_candidate,pending,False,True,False,금융·결제·거래소,"이 문단은 마스터카드(MA)가 직면한 전 세계 결제 네트워크 시장에서의 경쟁 상황을 설명합니다. 마스터카드는 비자(V)를 포함한 여러 결제 네트워크와 전 세계적으로 경쟁한다고 명시합니다. 이들 경쟁사들은 다양한 카드 기반 결제 상품을 제공하며, 특정 지역에서는 비자와 같은 경쟁사가 마스터카드보다 더 큰 시장 점유율을 가질 수 있다고 언급됩니다. 글로벌 금융 기관들은 마스터카드와 비자 브랜드 결제 상품을 모두 발행할 수 있으며, 두 회사는 개별 포트폴리오나 프로그램을 기반으로 비즈니스를 놓고 경쟁합니다. 문서에는 두 회사 간의 구체적인 거래 관계나 협력에 대한 서술은 없습니다.",list|truncated,"We compete in all categories of payments (including paper-based payments and all forms of electronic payments) as well as in all categories in which we provide services and solutions:
•
General Purpose Payments Networks.
 We compete worldwide with payments networks such as Visa, American Express, JCB, China UnionPay and Discover, among others. These competitors tend to offer a range of card-based payment products.",MA 10-K FY2025 · Item 1 사업,"MA는 '우리' (We) 회사로 언급되며, Visa를 포함한 여러 결제 네트워크와 경쟁한다. V는 MA가 전 세계적으로 경쟁하는 결제 네트워크 중 하나로 언급된다.",,"MA: 거래 승인, 청산, 결제 등 전 세계적으로 결제 거래 처리 및 기타 결제 관련 제품과 서비스를 제공합니다.
신용카드, 직불카드 등 다양한 결제 솔루션을 통해 글로벌 디지털 결제 인프라를 구축하는 기술 기업입니다.","V: 소비자, 판매자, 금융 기관 간 디지털 결제를 촉진하는 결제 기술 회사입니다.
전 세계적으로 가장 널리 사용되는 결제 네트워크 중 하나를 운영하는 글로벌 리더입니다.","We compete worldwide with payments networks such as Visa, American Express, JCB, China UnionPay and Discover, among others. These competitors tend to offer a range of card-based payment products. Some competitors have more market share than we do in certain jurisdictions. Some also have different business models that may provide an advantage in pricing, technology, regulatory compliance burdens or otherwise. Globally, financial institutions may issue both Mastercard-branded and competitor payment products, and we compete for business on the basis of individual portfolios or programs. In addition, a number of our customers issue American Express-, China UnionPay- and/or Discover-branded payment cards in a manner consistent with a four-party system. We continue to face intense competitive pressure on",,OK,문단에서 MA가 Visa와 같은 결제 네트워크와 경쟁한다고 명시적으로 언급함.
MSCI↔NDAQ,COMPETES_WITH,SEC 10-K: Among our Index competitors are ... Nasdaq Inc,인덱스 서비스,True,,auto_candidate,pending,True,True,0.95,True,auto_candidate,pending,False,False,False,금융·결제·거래소,"이 문단은 MSCI가 인덱스 사업 분야에서 직면하는 경쟁 환경을 간략히 설명합니다. MSCI는 나스닥(NDAQ)을 자사의 인덱스 경쟁사 중 하나로 명확히 언급합니다. 이는 두 회사가 투자 의사결정 지원 도구 중 하나인 인덱스 상품 또는 서비스를 놓고 경쟁 관계에 있음을 시사합니다. 하지만 이 문단은 두 회사 간의 경쟁 방식, 구체적인 경쟁 제품, 또는 시장에서의 상대적 위치에 대한 추가적인 세부 정보는 제공하지 않습니다. 두 회사 간의 직접적인 거래나 파트너십에 대한 서술은 문서에 없습니다.",truncated,Among our Index competitors are ... Nasdaq Inc,MSCI 10-K FY2025,"symbol_a (MSCI)는 'our Index competitors'의 'our'에 해당하며, 문장에서 자사의 경쟁사를 설명하는 주체입니다. symbol_b (NDAQ)는 'Nasdaq Inc'로 명시된 MSCI의 인덱스 경쟁사 중 하나입니다.",,"MSCI: 전 세계 고객에게 투자 의사결정 지원 도구를 제공하며, 지수(Index), 분석(Analytics), ESG 및 기후 솔루션 등을 공급합니다.
상장지수펀드(ETF), 뮤추얼 펀드 등 다양한 금융 상품의 기초 지수를 제공하는 선도적인 글로벌 투자 정보 제공 기업입니다.","NDAQ: 자본 시장 및 기타 산업에 기술 솔루션을 제공하며, 금융 범죄 방지 기술(Nasdaq Trade Surveillance, Verafin)을 포함합니다.
전 세계 자본 시장 및 금융 기술 부문에서 운영되고 있습니다.",Among our Index competitors are ... Nasdaq Inc,,OK,문단에서 MSCI의 지수 경쟁사로 Nasdaq Inc를 명시적으로 언급함.
MSCI↔SPGI,COMPETES_WITH,SEC 10-K: Among our Index competitors are S&P Dow Jones Indices LLC (a joint venture of S&P Global Inc. and CM,지수 서비스,True,,auto_candidate,pending,True,True,1.0,True,auto_candidate,pending,False,False,False,지수 서비스,"이 문단은 MSCI의 인덱스 사업 경쟁 환경을 설명합니다. MSCI는 S&P 글로벌(SPGI)의 합작 투자사인 S&P 다우존스 인덱스(S&P Dow Jones Indices LLC)를 자사의 인덱스 경쟁사 중 하나로 명시합니다. 이는 두 회사가 다양한 범위의 인덱스를 제공하며, 지리적 지역, 사업 부문, 가중치 방법론 등에 따라 달라지는 인덱스 상품으로 전 세계 시장에서 고객을 놓고 경쟁함을 의미합니다. 문서에는 MSCI와 S&P 글로벌 간의 직접적인 거래나 파트너십에 대한 서술은 없습니다. S&P 글로벌은 자사의 합작 투자사를 통해 MSCI와 간접적으로 경쟁 관계에 있습니다.",indirect|truncated,"Among our Index competitors are S&P Dow Jones Indices LLC (a joint venture of S&P Global Inc. and CME Group Inc.); FTSE Russell, a subsidiary of the London Stock Exchange Group plc; Nasdaq Inc; Bloomberg Finance L.P. (“Bloomberg”); and Solactive AG.
Competition also exists from industry participants, including asset managers and investment banks, that create their own indexes, often in cooperation with index providers who provide some form of calculation agent service.",MSCI 10-K FY2025 · Item 1 사업,"symbol_a (MSCI)는 'our Index competitors'의 'our'에 해당하며, 문장에서 자사의 경쟁사를 설명하는 주체입니다. symbol_b (SPGI)는 'S&P Global Inc.'로 명시된, MSCI의 인덱스 경쟁사 중 하나인 S&P Dow Jones Indices LLC의 공동 투자사입니다.",,"MSCI: 전 세계 고객에게 투자 의사결정 지원 도구를 제공하며, 지수(Index), 분석(Analytics), ESG 및 기후 솔루션 등을 공급합니다.
상장지수펀드(ETF), 뮤추얼 펀드 등 다양한 금융 상품의 기초 지수를 제공하는 선도적인 글로벌 투자 정보 제공 기업입니다.","SPGI: 신용 등급, 벤치마크, 분석 및 워크플로우 솔루션을 전 세계 자본, 상품 및 자동차 시장에 제공합니다.
S&P 글로벌 레이팅스, S&P 다우존스 지수 등을 통해 글로벌 금융 정보 및 시장 분석 분야를 선도합니다.","Many industry participants compete with us by offering one or more indexes in similar categories. Such indexes vary widely in scope, including by geographic region, business sector and weighting methodology, and may be used by clients in a variety of ways in many different markets around the world. Among our Index competitors are S&P Dow Jones Indices LLC (a joint venture of S&P Global Inc. and CME Group Inc.); FTSE Russell, a subsidiary of the London Stock Exchange Group plc; Nasdaq Inc; Bloomberg Finance L.P. (“Bloomberg”); and Solactive AG.",,OK,문단에서 MSCI의 지수 경쟁사로 S&P Global Inc.의 합작 투자사인 S&P Dow Jones Indices LLC를 명시적으로 언급함.
MSFT↔ORCL,COMPETES_WITH,"SEC 10-K: Our enterprise cloud, license and hardware offerings compete directly with certain offerings from so",엔터프라이즈 클라우드,True,,pending,pending,False,True,1.0,True,pending,pending,False,False,False,클라우드·엔터프라이즈SW,"이 문단은 오라클(ORCL)의 엔터프라이즈 클라우드, 라이선스 및 하드웨어 제품이 직면하는 경쟁 상황을 설명합니다. 오라클은 마이크로소프트(MSFT)를 자사의 엔터프라이즈 클라우드, 라이선스 및 하드웨어 제품과 직접적으로 경쟁하는 전 세계에서 가장 크고 경쟁력 있는 회사 중 하나로 지목합니다. 두 회사는 IT 환경의 구현, 소싱, 통합 및 지속적인 유지 보수에서 복잡성을 줄이고 총 비용을 낮추려는 고객의 요구를 충족시키기 위해 경쟁합니다. 문단은 또한 두 회사가 사업의 다른 영역에서는 파트너가 될 수도 있음을 시사합니다. 문서에는 특정 제품에 대한 구체적인 경쟁이나 협력 관계의 내용은 서술되어 있지 않습니다.",target_absent|truncated,"Our enterprise cloud, license and hardware offerings compete directly with certain offerings from some of the largest and most competitive companies in the world, including Adobe Systems Incorporated, Alphabet Inc., Amazon.com, Inc., Cisco Systems, Inc., Intel Corporation, International Business Machines Corporation, Microsoft Corporation, Salesforce, Inc. and SAP SE, as well as other companies like Hewlett-Packard Enterprise and Workday, Inc.",ORCL 10-K FY2025 · Item 7 MD&A,symbol_a (MSFT)는 'Microsoft Corporation'으로 명시되어 언급된 경쟁사 목록에 포함됩니다. 또한 'Our'를 통해 자사의 서비스를 지칭하는 주체입니다. symbol_b (ORCL) 미등장.,근거 문장에 상대 종목 미등장 — 관계 근거로 불충분,"MSFT: 소프트웨어, 서비스, 장치 및 솔루션을 개발하고 지원합니다.
Windows 운영체제, Office 생산성 소프트웨어, Azure 클라우드 서비스 등을 제공하는 글로벌 기술 기업입니다.","ORCL: 전 세계 기업 고객을 대상으로 클라우드 기반 ERP, EPM, SCM, HCM 등 다양한 소프트웨어 서비스(SaaS)와 산업별 솔루션을 제공합니다.
글로벌 엔터프라이즈 소프트웨어 및 클라우드 인프라(IaaS, PaaS) 시장의 주요 선두 기업 중 하나입니다.","Our customers are demanding less complexity and lower total cost in the implementation, sourcing, integration and ongoing maintenance of their IT environments. Our enterprise cloud, license and hardware offerings compete directly with certain offerings from some of the largest and most competitive companies in the world, including Adobe Systems Incorporated, Alphabet Inc., Amazon.com, Inc., Cisco Systems, Inc., Intel Corporation, International Business Machines Corporation, Microsoft Corporation, Salesforce, Inc. and SAP SE, as well as other companies like Hewlett-Packard Enterprise and Workday, Inc. In addition, due to the low barriers to entry in many of our market segments, new technologies and new and growing competitors frequently emerge to challenge our offerings. Our competitors range from companies offering broad IT solutions across many of our lines of business to vendors providing point solutions, or offerings focused on a specific functionality, product area or industry. In addition, as we expand into new market segments, we face increased competition as we compete with existing competitors, as well as firms that may be partners in other areas of our business and other firms with whom we have not previously competed. For example, following our acquisition of Cerner Corporation, we also face competition from large healthcare IT providers such as Allscripts Healthcare Solutions, Inc., Arcadia Solutions, athenahealth, Inc., Epic Systems Corporation and InterSystems Corporation, among others. Moreover, we or our competitors may take certain strategic actions—including acquisitions, partnerships and joint ventures or repositioning of product lines—which invite even greater competition in one or more product offering categories.",,OK,"문단에서 Oracle의 엔터프라이즈 클라우드, 라이선스 및 하드웨어 제품이 Microsoft Corporation의 제품과 직접 경쟁한다고 명시적으로 언급함."
MSFT↔WDAY,COMPETES_WITH,"SEC 10-K: These vendors include, without limitation, Anaplan, Inc.; ADP; Coupa Software Inc.; Dayforce, Inc.; ",,False,,pending,pending,False,True,0.0,True,pending,pending,False,True,False,,"이 문단은 워크데이(WDAY)가 엔터프라이즈 소프트웨어 시장에서 직면하는 경쟁 상황을 설명합니다. 워크데이는 마이크로소프트(MSFT)를 경쟁하는 여러 엔터프라이즈 소프트웨어 공급업체 중 하나로 명시합니다. 이들은 특정 애플리케이션 또는 특정 산업 분야에서 클라우드 기반 또는 AI 기반 솔루션을 제공하며 워크데이와 경쟁합니다. 이는 두 회사가 기업 고객을 위한 소프트웨어 솔루션 분야에서 고객 확보를 위해 경쟁한다는 것을 의미합니다. 문서에는 마이크로소프트의 어떤 구체적인 제품이나 서비스가 워크데이의 재무 관리나 인적 자원 관리 솔루션과 경쟁하는지에 대한 상세한 내용은 없습니다. 또한, 두 회사 간의 직접적인 거래나 파트너십에 대한 서술은 문서에 없습니다.",list|target_absent|truncated,"These vendors include, without limitation, Anaplan, Inc.; ADP; Coupa Software Inc.; Dayforce, Inc.; Microsoft; NetSuite; ServiceNow, Inc.; and UKG Inc.
In addition, other cloud or AI platform companies that provide services in different target markets or industries may develop applications or acquire companies that operate in our target markets or industries, and some potential customers may elect to develop their own internal applications. However, the domain and industry expertise that is required for a successful solution in the areas of financial management and HCM may inhibit new entrants, who may also be unable to invest the necessary capital to accurately address global requirements and regulations.",WDAY 10-K FY2025 · Item 1 사업,symbol_a (MSFT)는 'Microsoft'로 명시되어 언급된 벤더 목록에 포함됩니다. symbol_b (WDAY) 미등장.,근거 문장에 상대 종목 미등장 — 관계 근거로 불충분,"MSFT: 소프트웨어, 서비스, 장치 및 솔루션을 개발하고 지원합니다.
Windows 운영체제, Office 생산성 소프트웨어, Azure 클라우드 서비스 등을 제공하는 글로벌 기술 기업입니다.","WDAY: 재무 관리, 인적 자원 관리(HCM) 등을 포함한 기업용 클라우드 애플리케이션을 제공합니다.
엔터프라이즈 클라우드 소프트웨어 시장에서 특히 HCM 및 재무 관리 솔루션 분야의 선두 주자입니다.","”) and SAP SE (“SAP”). We also face competition from other enterprise software vendors, from regional competitors that only operate in certain geographic markets, from vendors of specific applications that address only one or a portion of our applications, and from vendors that specialize in specific industries in which we provide services, some of which offer cloud-based or AI-powered solutions. These vendors include, without limitation, Anaplan, Inc.; ADP; Coupa Software Inc.; Dayforce, Inc.; Microsoft; NetSuite; ServiceNow, Inc.; and UKG Inc.",,OK,문단에서 Workday가 경쟁하는 벤더 목록에 Microsoft를 명시적으로 포함하고 있음.
MTB↔SYF,COMPETES_WITH,"SEC 10-K: Our primary competitors for partners include major financial institutions, such as American Express,",금융 서비스,True,,pending,pending,True,True,0.3,True,pending,pending,False,False,False,금융·결제·거래소,"이 문단은 SYF(Synchrony Financial)가 작성한 것으로, 회사의 사업 성공에 필수적인 파트너 유치 및 유지를 위한 경쟁 환경을 설명하고 있습니다. SYF는 프라이빗 라벨 신용카드 및 소비자 할부 대출과 같은 소비자 금융 서비스를 제공하며, 파트너 확보를 위해 주요 금융 기관들과 경쟁한다고 밝힙니다. 문단은 경쟁하는 주요 금융 기관으로 American Express, JPMorgan Chase, Citibank 등을 언급하지만, MTB(M&T Bank)는 이 목록에 명시되어 있지 않습니다. 따라서, 이 문단만으로는 SYF와 MTB 사이에 제품, 시장 또는 거래 측면에서 어떤 직접적인 관계가 얽혀 있는지 서술되어 있지 않습니다. 문서에는 두 회사가 경쟁하는 관계인지, 협력하는 관계인지에 대한 어떠한 정보도 서술되어 있지 않습니다. MTB는 상업 및 소매 뱅킹 서비스를 제공하는 은행 지주회사이며, SYF는 프라이빗 라벨 신용카드 등을 제공하는 소비자 금융 회사입니다. 두 회사의 사업 영역이 일부 겹칠 수 있으나, 본 문단에서는 그 관계가 명확히 설명되지 않습니다.",truncated,"Our primary competitors for partners include major financial institutions, such as American Express, Bread Financial, Capital One/Discover, JPMorgan Chase, Citibank, TD Bank and Wells Fargo, as well as, financial technology companies, point-of-sale lending focused companies, and potential partners’ own in-house financing capabilities. Some of our competitors are substantially larger than we are, which may give those competitors advantages, including a more diversified product and customer base, the ability to reach out to more customers and potential customers, operational efficiencies, more versatile technology platforms, broad-based local distribution capabilities and lower-cost funding.",SYF 10-K FY2025 · Item 7 MD&A,"symbol_a (MTB)는 'Our primary competitors'의 'Our'에 해당하며, 문장에서 자사의 경쟁사를 설명하는 주체입니다. symbol_b (SYF) 미등장.",,"MTB: 상업 및 소매 뱅킹 서비스를 제공하는 은행 지주회사로, 예금, 대출, 현금 관리 등 다양한 금융 상품을 취급합니다.
소기업, 중견기업 및 대기업 고객, 그리고 상업용 부동산 시장에 특화된 서비스를 제공하는 지역 은행입니다.","SYF: 미국에서 소비자 금융 서비스를 제공하며, 신용카드, 상업용 신용 상품 및 소비자 할부 대출을 주력으로 합니다.
프라이빗 라벨, 공동 브랜드 신용카드 및 예금 상품을 통해 소비자 금융 시장에서 중요한 역할을 합니다.","The success of our business depends on our ability to retain existing partners and attract new partners. The competition for partners is intense and highly competitive across our product set. Our primary competitors for partners include major financial institutions, such as American Express, Bread Financial, Capital One/Discover, JPMorgan Chase, Citibank, TD Bank and Wells Fargo, as well as, financial technology companies, point-of-sale lending focused companies, and potential partners’ own in-house financing capabilities. Some of our competitors are substantially larger than we are, which may give those competitors advantages, including a more diversified product and customer base, the ability to reach out to more customers and potential customers, operational efficiencies, more versatile technology platforms, broad-based local distribution capabilities and lower-cost funding. In addition, some of our competitors have been acquired, and others may in the future be acquired, by private-equity led consortia, which may expand the level of resources available to these competitors. We compete for partners on the basis of a number of factors, including financial and other terms, technological capabilities, underwriting capabilities, marketing expertise, service levels, product and service offerings (including incentive and loyalty programs), integration capabilities, brand and reputation. In addition, some of our competitors have a business model that allows for their partners to manage underwriting (e.g., new account approval), customer service and collections, and other core banking responsibilities that we retain but some partners may prefer to handle. As a result of competition, we may be unable to acquire new partners, lose existing relationships to competing companies or find it more costly to maintain our existing relationships.",,HOLD,문단은 SYF의 경쟁사로 주요 금융기관들을 나열하지만 MTB를 직접 언급하지 않아 명시적인 관계가 서술되지 않습니다. 그러나 두 회사 모두 금융 서비스 산업에 속합니다.
MU↔SNDK,COMPETES_WITH,SEC 10-K: We face intense competition in the semiconductor memory and storage markets from a number of compani,반도체 메모리,True,,pending,pending,False,True,1.0,True,pending,pending,False,False,False,반도체·메모리,"이 문단은 MU(Micron Technology)가 작성한 것으로, 회사가 직면한 반도체 메모리 및 스토리지 시장의 치열한 경쟁 환경을 설명하고 있습니다. MU는 DRAM, NAND, NOR 메모리 등 다양한 메모리 및 스토리지 제품을 설계, 제조, 판매하는 글로벌 반도체 기업입니다. SNDK(SanDisk)는 낸드 플래시 기술 기반의 스토리지 장치 및 솔루션을 개발, 제조, 공급하며 플래시 메모리 시장에서 중요한 역할을 합니다. 문단에 따르면, MU는 ""반도체 메모리 및 스토리지 시장에서 치열한 경쟁에 직면해 있다""고 명시하고 있습니다. 두 회사는 모두 NAND 플래시 메모리 및 스토리지 솔루션을 주요 제품으로 다루고 있어, 동일한 시장에서 경쟁하는 관계에 있습니다. 경쟁 우위를 위해 신제품 및 기술 개발, 제조 비용 절감, R&D 투자 수익 확보 등이 중요하다고 문단은 강조합니다. 문서에는 두 회사 간의 구체적인 거래나 협력 관계에 대한 서술은 없습니다. 또한, 한 회사가 다른 회사에 의존하는 공급망 관계도 서술되어 있지 않습니다.",target_absent|truncated,"We continue to introduce new generations of products that offer improved performance characteristics, including higher data transfer rates, advanced packaging solutions, lower power consumption, improved read/write reliability, and increased memory density.
We face intense competition in the semiconductor memory and storage markets. To remain competitive, we must continuously develop and implement new products and technologies and decrease manufacturing costs in spite of inflationary pressures, changing technologies, rapid market changes, and regulatory uncertainty. Our success is largely dependent on obtaining returns on our R&D investments, efficient utilization of our manufacturing infrastructure, development and integration of advanced product and process technologies, market acceptance of our diversified portfolio of semiconductor-based memory and storage solutions, and efficient capital spending.
Business Segments
In the fourth quarter of 2025, we reorganized our business units.",MU 10-K FY2025 · Item 1 사업,symbol_a (MU) 미등장. symbol_b (SNDK) 미등장.,근거 문장에 상대 종목 미등장 — 관계 근거로 불충분,"MU: DRAM(동적 랜덤 액세스 메모리), NAND(비휘발성 플래시 메모리), NOR 메모리 등 메모리 및 스토리지 제품을 설계, 제조 및 판매합니다.
컴퓨팅, 네트워킹, 모바일, 스토리지 및 임베디드 시장에 첨단 메모리 솔루션을 제공하는 글로벌 반도체 기업입니다.","SNDK: 낸드 플래시 기술 기반의 스토리지 장치 및 솔루션을 개발, 제조, 공급합니다.
솔리드 스테이트 드라이브, 임베디드 제품 및 이동식 카드 등 플래시 메모리 시장의 주요 기업입니다.","We face intense competition in the semiconductor memory and storage markets. To remain competitive, we must continuously develop and implement new products and technologies and decrease manufacturing costs in spite of inflationary pressures, changing technologies, rapid market changes, and regulatory uncertainty. Our success is largely dependent on obtaining returns on our R&D investments, efficient utilization of our manufacturing infrastructure, development and integration of advanced product and process technologies, market acceptance of our diversified portfolio of semiconductor-based memory and storage solutions, and efficient capital spending.",,HOLD,"문단은 반도체 메모리 및 스토리지 시장의 치열한 경쟁을 언급하나, 두 회사의 명시적인 관계를 서술하지는 않습니다. 그러나 두 회사 모두 동일한 산업군에서 경쟁하는 기업입니다."
NOW↔WDAY,COMPETES_WITH,"SEC 10-K: These vendors include, without limitation, Anaplan, Inc.; ADP; Coupa Software Inc.; Dayforce, Inc.; ",,False,,pending,pending,False,True,0.0,True,pending,pending,False,True,False,,"이 문단은 WDAY(Workday)가 작성한 것으로 보이며, 회사가 직면한 엔터프라이즈 소프트웨어 시장의 경쟁 환경을 설명하고 있습니다. WDAY는 재무 관리 및 인적 자원 관리(HCM)와 같은 기업용 클라우드 애플리케이션을 제공하는 회사입니다. NOW(ServiceNow)는 클라우드 기반 워크플로우 자동화 및 IT 서비스 관리 솔루션을 제공하는 엔터프라이즈 클라우드 컴퓨팅 시장의 기업입니다. 문단은 WDAY가 경쟁하는 여러 엔터프라이즈 소프트웨어 벤더들을 나열하며, 이 목록에 ""ServiceNow, Inc.""가 명시적으로 포함되어 있습니다. 이는 WDAY가 NOW를 엔터프라이즈 소프트웨어 시장, 특히 클라우드 기반 솔루션 분야에서 경쟁자로 인식하고 있음을 보여줍니다. 두 회사는 모두 기업 고객에게 클라우드 기반 솔루션을 제공하며, 부분적으로 경쟁하는 사업 영역을 가질 수 있습니다. 문서에는 두 회사 간의 구체적인 협력 관계나 거래에 대한 서술은 없습니다. 또한, 한 회사가 다른 회사에 원료나 서비스를 공급하는 관계도 서술되어 있지 않습니다.",list|target_absent|truncated,"These vendors include, without limitation, Anaplan, Inc.; ADP; Coupa Software Inc.; Dayforce, Inc.; Microsoft; NetSuite; ServiceNow, Inc.; and UKG Inc.
In addition, other cloud or AI platform companies that provide services in different target markets or industries may develop applications or acquire companies that operate in our target markets or industries, and some potential customers may elect to develop their own internal applications. However, the domain and industry expertise that is required for a successful solution in the areas of financial management and HCM may inhibit new entrants, who may also be unable to invest the necessary capital to accurately address global requirements and regulations.",WDAY 10-K FY2025 · Item 1 사업,"symbol_a (NOW)는 'ServiceNow, Inc.'로 명시되어 언급된 벤더 목록에 포함됩니다. symbol_b (WDAY) 미등장.",근거 문장에 상대 종목 미등장 — 관계 근거로 불충분,"NOW: 기업을 위한 클라우드 기반 워크플로우 자동화, AI, 머신러닝 솔루션을 제공하며, IT 서비스 관리 애플리케이션을 포함합니다.
전 세계 엔터프라이즈 클라우드 컴퓨팅 및 IT 서비스 관리(ITSM) 솔루션 시장에서 활동하고 있습니다.","WDAY: 재무 관리, 인적 자원 관리(HCM) 등을 포함한 기업용 클라우드 애플리케이션을 제공합니다.
엔터프라이즈 클라우드 소프트웨어 시장에서 특히 HCM 및 재무 관리 솔루션 분야의 선두 주자입니다.","”) and SAP SE (“SAP”). We also face competition from other enterprise software vendors, from regional competitors that only operate in certain geographic markets, from vendors of specific applications that address only one or a portion of our applications, and from vendors that specialize in specific industries in which we provide services, some of which offer cloud-based or AI-powered solutions. These vendors include, without limitation, Anaplan, Inc.; ADP; Coupa Software Inc.; Dayforce, Inc.; Microsoft; NetSuite; ServiceNow, Inc.; and UKG Inc.",,OK,문단에서 WDAY의 경쟁사 중 하나로 ServiceNow (NOW)를 명시적으로 언급하고 있습니다.
ORCL↔WDAY,COMPETES_WITH,"SEC 10-K: Our enterprise cloud, license and hardware offerings compete directly with certain offerings from so",엔터프라이즈 클라우드,True,,pending,pending,False,True,0.5,True,pending,pending,False,False,False,클라우드·엔터프라이즈SW,"이 문단은 ORCL(Oracle)이 작성한 것으로, 회사의 엔터프라이즈 클라우드, 라이선스 및 하드웨어 사업의 경쟁 환경을 설명하고 있습니다. ORCL은 클라우드 기반 ERP, EPM, SCM, HCM 등 다양한 소프트웨어 서비스를 제공하는 글로벌 엔터프라이즈 소프트웨어 기업입니다. WDAY(Workday)는 재무 관리 및 인적 자원 관리(HCM)를 포함한 기업용 클라우드 애플리케이션 전문 기업입니다. 문단은 ORCL의 여러 제품이 ""Workday, Inc.""와 같은 회사들의 특정 서비스와 직접적으로 경쟁한다고 명시하고 있습니다. 이는 두 회사가 엔터프라이즈 클라우드 소프트웨어 시장, 특히 HCM 분야에서 서로 경쟁 관계에 있음을 분명히 보여줍니다. ORCL의 경쟁자 범위는 광범위한 IT 솔루션을 제공하는 회사부터 특정 기능에 초점을 맞춘 회사까지 다양하다고 언급됩니다. 문서에는 ORCL과 WDAY 간의 구체적인 거래나 협력 관계에 대한 서술은 없습니다. 한 회사가 다른 회사에 원료나 서비스를 공급하는 공급망 관계도 서술되어 있지 않습니다.",target_absent|truncated,"Our enterprise cloud, license and hardware offerings compete directly with certain offerings from some of the largest and most competitive companies in the world, including Adobe Systems Incorporated, Alphabet Inc., Amazon.com, Inc., Cisco Systems, Inc., Intel Corporation, International Business Machines Corporation, Microsoft Corporation, Salesforce, Inc. and SAP SE, as well as other companies like Hewlett-Packard Enterprise and Workday, Inc.",ORCL 10-K FY2025 · Item 7 MD&A,"symbol_a (ORCL) 미등장. symbol_b (WDAY)는 'Workday, Inc.'로 명시되어 언급된 경쟁사 중 하나입니다.",근거 문장에 상대 종목 미등장 — 관계 근거로 불충분,"ORCL: 전 세계 기업 고객을 대상으로 클라우드 기반 ERP, EPM, SCM, HCM 등 다양한 소프트웨어 서비스(SaaS)와 산업별 솔루션을 제공합니다.
글로벌 엔터프라이즈 소프트웨어 및 클라우드 인프라(IaaS, PaaS) 시장의 주요 선두 기업 중 하나입니다.","WDAY: 재무 관리, 인적 자원 관리(HCM) 등을 포함한 기업용 클라우드 애플리케이션을 제공합니다.
엔터프라이즈 클라우드 소프트웨어 시장에서 특히 HCM 및 재무 관리 솔루션 분야의 선두 주자입니다.","Our customers are demanding less complexity and lower total cost in the implementation, sourcing, integration and ongoing maintenance of their IT environments. Our enterprise cloud, license and hardware offerings compete directly with certain offerings from some of the largest and most competitive companies in the world, including Adobe Systems Incorporated, Alphabet Inc., Amazon.com, Inc., Cisco Systems, Inc., Intel Corporation, International Business Machines Corporation, Microsoft Corporation, Salesforce, Inc. and SAP SE, as well as other companies like Hewlett-Packard Enterprise and Workday, Inc. In addition, due to the low barriers to entry in many of our market segments, new technologies and new and growing competitors frequently emerge to challenge our offerings. Our competitors range from companies offering broad IT solutions across many of our lines of business to vendors providing point solutions, or offerings focused on a specific functionality, product area or industry. In addition, as we expand into new market segments, we face increased competition as we compete with existing competitors, as well as firms that may be partners in other areas of our business and other firms with whom we have not previously competed. For example, following our acquisition of Cerner Corporation, we also face competition from large healthcare IT providers such as Allscripts Healthcare Solutions, Inc., Arcadia Solutions, athenahealth, Inc., Epic Systems Corporation and InterSystems Corporation, among others. Moreover, we or our competitors may take certain strategic actions—including acquisitions, partnerships and joint ventures or repositioning of product lines—which invite even greater competition in one or more product offering categories.",,OK,"문단에서 ORCL의 클라우드, 라이선스 및 하드웨어 제품이 Workday (WDAY)와 직접적으로 경쟁한다고 명시하고 있습니다."
SATS↔TMUS,COMPETES_WITH,"SEC 10-K: In addition, our wireless communications services competitors include numerous smaller and regional ",무선 통신 서비스,True,,pending,pending,False,True,0.1,True,pending,pending,False,False,False,통신·네트워크,"이 문단은 TMUS(T-Mobile US)가 작성한 것으로, 미국 통신 산업의 경쟁 환경과 자사의 무선 통신 및 광대역 서비스 경쟁자들을 설명합니다. TMUS는 미국에서 모바일 통신 서비스를 제공하는 주요 이동통신사이며, 또한 광대역 서비스도 제공합니다. SATS(EchoStar)는 광대역 통신 및 위성 서비스를 제공하며, '휴즈' 브랜드를 통해 위성 광대역 기술을 제공하는 기업입니다. 문단은 TMUS의 무선 통신 서비스 경쟁자로 ""EchoStar Corporation""을 명시적으로 언급하고 있습니다. 또한, TMUS의 광대역 서비스가 ""위성 인터넷 제공업체""와 경쟁한다고 밝히는데, SATS의 프로필에 따르면 SATS는 위성 서비스를 주력으로 합니다. 이는 TMUS와 SATS가 무선 통신 서비스 및 광대역 서비스 시장에서 경쟁 관계에 있음을 보여줍니다. 두 회사는 프로모션, 가격, 서비스 제공, 네트워크 품질 등 다양한 경쟁 요인으로 인해 얽혀 있습니다. 문서에는 두 회사 간의 구체적인 협력 관계나 상호 거래에 대한 서술은 없습니다.",target_absent|truncated,"In addition, our wireless communications services competitors include numerous smaller and regional providers, including Charter Communications, Inc., Comcast Corporation, EchoStar Corporation (“EchoStar”), Cox Communications, Inc., and Altice USA, Inc., many of which offer no-contract, postpaid and prepaid service plans. Competitors also include providers who offer similar communication services, such as voice, messaging and data services, using alternative technologies.",TMUS 10-K FY2025 · Item 7 MD&A,symbol_a (SATS)는 'EchoStar Corporation'으로 명시되어 자사의 무선 통신 서비스 경쟁사 중 하나로 언급됩니다. symbol_b (TMUS) 미등장.,근거 문장에 상대 종목 미등장 — 관계 근거로 불충분,"SATS: 전 세계적으로 네트워크 기술 및 서비스를 제공하며, 광대역 통신 및 위성 서비스를 주력으로 합니다.
정부 및 기업 고객에게 '휴즈(Hughes)' 브랜드로 광대역 위성 기술과 관리 서비스를 제공하는 선도적인 기업입니다.","TMUS: 미국, 푸에르토리코, 미국령 버진 아일랜드에서 모바일 통신 서비스를 제공합니다.
'T-Mobile' 및 'Metro by T-Mobile' 브랜드를 통해 후불, 선불 시장에서 광범위한 무선 통신 솔루션을 제공하는 주요 이동통신사입니다.","The telecommunications industry remains competitive. We are the second largest provider of wireless communications services in the U.S. as measured by our total postpaid and prepaid customers. Our wireless communications services competitors include other carriers, such as AT&T Inc. (“AT&T”) and Verizon Communications, Inc. (“Verizon”). In addition, our wireless communications services competitors include numerous smaller and regional providers, including Charter Communications, Inc., Comcast Corporation, EchoStar Corporation (“EchoStar”), Cox Communications, Inc., and Altice USA, Inc., many of which offer no-contract, postpaid and prepaid service plans. Competitors also include providers who offer similar communication services, such as voice, messaging and data services, using alternative technologies. In addition to our wireless communications services, our broadband services compete against other broadband providers, including Cable, DSL and other Fiber broadband providers, other fixed wireless solutions, including AT&T and Verizon’s fixed wireless products, and satellite internet providers. Competitive factors within the telecommunications industry include promotions, pricing, market saturation, service and product offerings, customer experience, network investment and quality, development and deployment of technologies and changes in the regulatory environment that may affect market entry, pricing practices and network investment. Some of our competitors have shown a willingness to use discounted pricing or offer bundled services as a potential source of differentiation.",,HOLD,"문단은 TMUS가 위성 인터넷 제공업체와 경쟁한다고 언급하지만, SATS를 명시적으로 지칭하지 않습니다. SATS는 광대역 위성 서비스를 제공하여 간접적인 경쟁 관계일 수 있으나 명시적인 서술은 없습니다."
SO↔SO,COMPETES_WITH,SEC 10-K: Southern Company Gas' natural gas distribution utilities do not compete with other distributors of n,천연가스 유통,False,COMPETES_WITH,pending,pending,True,True,0.9,True,noise_self_contradiction,pending,True,False,False,천연가스 유통,"이 문단은 SO(Southern Company)가 작성한 것으로, 자회사인 Southern Company Gas의 천연가스 배전 사업이 직면한 경쟁 환경을 설명합니다. SO는 전력의 생산, 송전 및 배전을 담당하며 동시에 천연가스 유통 서비스도 제공하는 통합 에너지 기업입니다. 문단에 따르면, Southern Company Gas의 천연가스 배전 유틸리티는 자사의 독점 사업 구역 내에서 다른 천연가스 유통업체와는 경쟁하지 않습니다. 그러나 이들은 주거용, 상업용, 산업용 시장에서 소비자들이 천연가스 기기에서 다른 에너지원으로 전환을 고려할 때, 다른 에너지 제품들과 경쟁합니다. 주요 경쟁자로 ""전기 유틸리티"" 및 연료유, 프로판 제공업체가 언급됩니다. SO의 프로필에 따르면, SO 자체가 전력 사업을 영위하는 ""전기 유틸리티""이므로, 이 문단은 SO 내의 천연가스 사업 부문이 SO의 다른 사업 부문(전력) 또는 광범위한 전기 유틸리티 시장과 간접적으로 경쟁하는 상황을 서술하고 있습니다. 즉, SO의 가스 사업은 같은 회사 내의 다른 에너지 서비스와 소비자를 놓고 간접적인 경쟁 관계에 놓여 있습니다. 문서에는 두 회사(동일 회사 내 다른 사업부) 간의 직접적인 거래나 공급망 관계에 대한 서술은 없습니다.",indirect|truncated,"During 2025, Mississippi Power did not make any such purchases.
Natural Gas
Southern Company Gas' natural gas distribution utilities do not compete with other distributors of natural gas in their exclusive franchise territories but face competition from other energy products. Their principal competitors are electric utilities and fuel oil and propane providers serving the residential, commercial, and industrial markets in their service areas for customers who are considering switching to or from a natural gas appliance.
Competition for heating as well as general household and small commercial energy needs generally occurs at the initial installation phase when the customer or builder makes decisions as to which types of equipment to install. Customers generally use the chosen energy source for the life of the equipment.
Customer demand for natural gas could be affected by numerous factors, including:
•
changes in the availability or price of natural gas and other forms of energy;
•
general economic conditions;
•
energy conservation, including state-supported energy efficiency programs;
•
legislation and regulations, including certain bans on the use of natural gas in new or existing construction and electrification initiatives;
•
the cost and capability to convert from natural gas to alternative energy products; and
•
technological or regulatory changes resulting in displacement or replacement of natural gas appliances.
I-9
    
Table of Contents
                                
Index to Financial Statements
Southern Company Gas has natural gas-related programs that generally emphasize natural gas as the fuel of choice for customers and seek to expand the use of natural gas through a variety of promotional activities.",SO 10-K FY2025 · Item 1 사업,"symbol_a (SO)는 'Southern Company Gas'로 명시되어 있으며, 천연가스 배전 유틸리티 사업을 영위하는 주체입니다. symbol_b (SO)는 'Southern Company Gas'로 명시되어 있으며, 천연가스 배전 유틸리티 사업을 영위하는 주체입니다.",,"SO: 자회사들을 통해 전력의 생산, 송전 및 배전을 담당하며 천연가스 유통 및 관련 서비스도 제공합니다.
규제 전력 및 가스 유통 사업을 중심으로 북미 에너지 시장에서 중요한 위치를 차지하고 있습니다.","SO: 자회사들을 통해 전력의 생산, 송전 및 배전을 담당하며 천연가스 유통 및 관련 서비스도 제공합니다.
규제 전력 및 가스 유통 사업을 중심으로 북미 에너지 시장에서 중요한 위치를 차지하고 있습니다.","Southern Company Gas' natural gas distribution utilities do not compete with other distributors of natural gas in their exclusive franchise territories but face competition from other energy products. Their principal competitors are electric utilities and fuel oil and propane providers serving the residential, commercial, and industrial markets in their service areas for customers who are considering switching to or from a natural gas appliance.",HOLD,DROP,"두 심볼이 동일하여 같은 회사를 지칭하며, 문단은 Southern Company Gas라는 자회사의 경쟁 환경을 설명하여 두 개의 다른 회사 간의 관계를 서술하지 않습니다."
STZ↔TAP,COMPETES_WITH,"SEC 10-K: In the U.S. and Canada, we compete most directly with Anheuser-Busch InBev SA/NV (""ABI"") and Constel",맥주 시장,True,,pending,pending,False,True,0.95,True,pending,pending,False,False,False,맥주 시장,"이 문단은 TAP(Molson Coors Beverage Company)가 작성한 것으로, 회사가 맥주 산업에서 직면한 치열한 경쟁 환경을 설명합니다. TAP는 맥주 및 기타 맥아 음료 제품을 제조 및 판매하는 글로벌 주류 시장의 주요 기업입니다. STZ(Constellation Brands)는 맥주, 와인, 증류주를 생산, 수입, 마케팅 및 판매하며 인기 맥주 브랜드를 보유하고 있습니다. 문단은 TAP가 미국과 캐나다 시장에서 ""Constellation Brands, Inc.""와 가장 직접적으로 경쟁한다고 명시하고 있습니다. 이는 두 회사가 맥주 산업의 동일 시장에서 주요 경쟁자 관계에 있음을 분명히 보여줍니다. 두 회사는 브랜드 인지도, 가격, 품질, 광고, 마케팅 및 프로모션 활동, 제품 다양성 등 다양한 요인으로 경쟁합니다. 문서에는 STZ와 TAP 간의 구체적인 협력 관계나 상호 거래에 대한 서술은 없습니다. 또한, 한 회사가 다른 회사에 원료나 서비스를 공급하는 공급망 관계도 서술되어 있지 않습니다.",target_absent|truncated,"In the U.S. and Canada, we compete most directly with Anheuser-Busch InBev SA/NV (""ABI"") and Constellation Brands, Inc., but we also compete with imports and other providers of craft beer and flavored malt beverages. In the European countries where we currently operate, our primary competitors are Heineken, Asahi, Carlsberg and ABI.",TAP 10-K FY2025 · Item 1 사업,STZ: 화자가 가장 직접적으로 경쟁하는 경쟁사 중 하나로 언급된다. TAP: 화자가 가장 직접적으로 경쟁하는 경쟁사 중 하나이며 유럽 내 주요 경쟁사로 언급된다.,근거 문장에 상대 종목 미등장 — 관계 근거로 불충분,"STZ: 미국, 캐나다, 멕시코 등에서 맥주, 와인, 증류주를 생산, 수입, 마케팅 및 판매합니다.
'코로나', '모델로' 등의 인기 맥주 브랜드를 포함하여 주류 시장에서 강력한 입지를 가진 선도 기업입니다.","TAP: 아메리카, 유럽, 중동, 아프리카, 아시아 태평양 지역에서 다양한 브랜드의 맥주 및 기타 맥아 음료 제품을 제조 및 판매합니다.
플레이버드 맥아 음료, 수제 맥주 등 광범위한 음료 포트폴리오를 보유한 글로벌 주류 시장의 주요 기업입니다.","The brewing industry is highly competitive and our portfolio of beers competes with numerous brands in all segments which are produced by international, national, regional and local brewers. Competitive factors impacting our business include, but are not limited to, brand recognition and loyalty, pricing, quality, advertising, marketing and promotional activity, packaging, product variety, and the ability to anticipate and respond to consumer tastes and preferences. We believe our brand portfolio gives us strong representation in all major beer categories. We are among the top five global brewers in the world. In the U.S. and Canada, we compete most directly with Anheuser-Busch InBev SA/NV (""ABI"") and Constellation Brands, Inc., but we also compete with imports and other providers of craft beer and flavored malt beverages. In the European countries where we currently operate, our primary competitors are Heineken, Asahi, Carlsberg and ABI. Globally, our products also compete with other alcohol beverage categories, including wine, spirits as well as wine-based and spirits-based RTDs. Our products' competitive position is affected by consumer preferences between and among these other categories. Shifts between these beverage categories have resulted in a reduction in the beer segment's lead in the overall alcohol beverage market over the last decade.",,OK,문단에서 TAP는 미국과 캐나다 시장에서 Constellation Brands (STZ)와 직접적으로 경쟁한다고 명시하고 있습니다.
SYF↔WFC,COMPETES_WITH,"SEC 10-K: Our primary competitors for partners include major financial institutions, such as American Express,",금융 파트너십,True,,pending,pending,False,True,0.6,True,pending,pending,False,False,False,금융·결제·거래소,"이 문단은 SYF(Synchrony Financial)가 작성한 것으로, 회사의 사업 성공에 중요한 기존 및 신규 파트너 유치를 위한 경쟁 환경을 설명합니다. SYF는 신용카드, 상업용 신용 상품 등 소비자 금융 서비스를 제공하며, 주로 파트너십을 통해 사업을 확장합니다. WFC(Wells Fargo)는 은행, 투자, 모기지 등 다양한 금융 상품과 서비스를 제공하는 미국의 주요 대형 은행입니다. 문단은 SYF가 파트너를 확보하기 위한 주요 경쟁자로 American Express, JPMorgan Chase 등과 함께 ""Wells Fargo""를 명시적으로 언급합니다. 이는 SYF가 WFC를 금융 서비스 시장에서 파트너 유치를 위한 직접적인 경쟁자로 인식하고 있음을 보여줍니다. 경쟁은 금융 조건, 기술 역량, 언더라이팅 능력, 마케팅 전문성, 서비스 수준 등 다양한 요인을 기반으로 이루어진다고 설명됩니다. 문서에는 SYF와 WFC 간의 구체적인 협력 관계나 상호 거래에 대한 서술은 없습니다. 또한, 한 회사가 다른 회사에 원료나 서비스를 공급하는 공급망 관계도 서술되어 있지 않습니다.",target_absent|truncated,"Our primary competitors for partners include major financial institutions, such as American Express, Bread Financial, Capital One/Discover, JPMorgan Chase, Citibank, TD Bank and Wells Fargo, as well as, financial technology companies, point-of-sale lending focused companies, and potential partners’ own in-house financing capabilities. Some of our competitors are substantially larger than we are, which may give those competitors advantages, including a more diversified product and customer base, the ability to reach out to more customers and potential customers, operational efficiencies, more versatile technology platforms, broad-based local distribution capabilities and lower-cost funding.",SYF 10-K FY2025 · Item 7 MD&A,SYF: 문장의 화자. WFC: 화자의 파트너 유치를 위한 주요 경쟁사 중 하나로 언급된다.,근거 문장에 상대 종목 미등장 — 관계 근거로 불충분,"SYF: 미국에서 소비자 금융 서비스를 제공하며, 신용카드, 상업용 신용 상품 및 소비자 할부 대출을 주력으로 합니다.
프라이빗 라벨, 공동 브랜드 신용카드 및 예금 상품을 통해 소비자 금융 시장에서 중요한 역할을 합니다.","WFC: 미국 및 국제적으로 은행, 투자, 모기지, 소비자 및 상업 금융 상품 및 서비스를 제공하는 다각화된 금융 서비스 회사입니다.
미국 내 주요 대형 은행 중 하나로, 폭넓은 고객층과 다양한 금융 상품을 보유하고 있습니다.","The success of our business depends on our ability to retain existing partners and attract new partners. The competition for partners is intense and highly competitive across our product set. Our primary competitors for partners include major financial institutions, such as American Express, Bread Financial, Capital One/Discover, JPMorgan Chase, Citibank, TD Bank and Wells Fargo, as well as, financial technology companies, point-of-sale lending focused companies, and potential partners’ own in-house financing capabilities. Some of our competitors are substantially larger than we are, which may give those competitors advantages, including a more diversified product and customer base, the ability to reach out to more customers and potential customers, operational efficiencies, more versatile technology platforms, broad-based local distribution capabilities and lower-cost funding. In addition, some of our competitors have been acquired, and others may in the future be acquired, by private-equity led consortia, which may expand the level of resources available to these competitors. We compete for partners on the basis of a number of factors, including financial and other terms, technological capabilities, underwriting capabilities, marketing expertise, service levels, product and service offerings (including incentive and loyalty programs), integration capabilities, brand and reputation. In addition, some of our competitors have a business model that allows for their partners to manage underwriting (e.g., new account approval), customer service and collections, and other core banking responsibilities that we retain but some partners may prefer to handle. As a result of competition, we may be unable to acquire new partners, lose existing relationships to competing companies or find it more costly to maintain our existing relationships.",,OK,문단에서 SYF의 주요 파트너 경쟁사 중 하나로 Wells Fargo (WFC)를 명시적으로 언급하고 있습니다.
T↔TMUS,COMPETES_WITH,"SEC 10-K: In the market for broadband services, traditional cable providers, AT&T, Verizon, and other players ",광대역 서비스,True,,pending,pending,False,True,0.9,True,pending,pending,False,False,False,광대역 서비스,"이 문단은 AT&T(T)의 10-K 문서에서 광대역 서비스 시장의 경쟁 환경과 자사의 고정 무선 서비스를 보완하기 위한 파이버 유선 네트워크 구축 전략을 설명하는 부분입니다. 문단에는 AT&T가 광대역 서비스 시장에서 경쟁한다고 명시되어 있으나, T-Mobile(TMUS)에 대한 언급은 전혀 없습니다. 따라서 주어진 문단과 프로필만으로는 AT&T와 T-Mobile 간의 특정 제품, 시장, 혹은 거래 관계를 파악할 수 없습니다. 문서에는 두 회사 간의 경쟁 관계나 다른 형태의 상업적 관계에 대한 서술이 없습니다. 두 회사의 프로필은 모두 통신 서비스를 제공하는 주요 기업임을 나타내지만, 문단은 이들 사이의 직접적인 관계를 명시하지 않습니다.",target_absent|truncated,"In the market for broadband services, traditional cable providers, AT&T, Verizon, and other players such as satellite and fiber providers, all compete for customers. To complement our fixed wireless service, we have entered into joint venture agreements aimed at establishing a robust fiber wireline network in certain geographic regions that we believe will complement our fixed wireless services in those areas.",TMUS 10-K FY2025 · Item 1A 위험,T: 광대역 서비스 시장에서 고객을 유치하기 위해 경쟁하는 플레이어 중 하나로 언급된다. TMUS: 문장의 화자('we')로서 고정 무선 서비스를 보완하기 위한 합작 투자 계약을 체결했다고 밝힌다.,근거 문장에 상대 종목 미등장 — 관계 근거로 불충분,"T: 전 세계적으로 통신, 미디어 및 기술 서비스를 제공하며, 무선 및 유선 통신 서비스를 주력으로 합니다.
기업 및 일반 소비자를 대상으로 광범위한 통신 및 데이터 솔루션을 제공하는 글로벌 선두 기업입니다.","TMUS: 미국, 푸에르토리코, 미국령 버진 아일랜드에서 모바일 통신 서비스를 제공합니다.
'T-Mobile' 및 'Metro by T-Mobile' 브랜드를 통해 후불, 선불 시장에서 광범위한 무선 통신 솔루션을 제공하는 주요 이동통신사입니다.","In the market for broadband services, traditional cable providers, AT&T, Verizon, and other players such as satellite and fiber providers, all compete for customers. To complement our fixed wireless service, we have entered into joint venture agreements aimed at establishing a robust fiber wireline network in certain geographic regions that we believe will complement our fixed wireless services in those areas. However, these partnerships also involve inherent risks. See",,OK,"문단에서 'AT&T, Verizon'이 광대역 서비스 시장에서 고객을 놓고 '모두 경쟁한다'고 명시적으로 서술하고 있어 두 회사 간의 경쟁 관계가 분명합니다."
TMUS↔VZ,COMPETES_WITH,"SEC 10-K: Our wireless communications services competitors include other carriers, such as AT&T Inc. (“AT&T”) ",무선 통신 서비스,True,,pending,pending,True,True,0.6,True,pending,pending,False,False,False,통신·네트워크,"이 문단은 T-Mobile(TMUS)의 10-K 문서에서 자사의 무선 통신 서비스 및 광대역 서비스가 직면한 경쟁 환경을 설명하는 부분입니다. T-Mobile은 미국 내에서 두 번째로 큰 무선 통신 서비스 제공업체로서, Verizon(VZ)을 무선 통신 서비스의 주요 경쟁사 중 하나로 명시하고 있습니다. 또한, T-Mobile의 광대역 서비스는 Verizon의 고정 무선 제품을 포함한 다른 광대역 제공업체들과도 경쟁한다고 서술되어 있습니다. 즉, 두 회사는 미국 시장에서 무선 통신 서비스 및 고정 무선 광대역 서비스 부문에서 서로 경쟁 관계에 있습니다. 문서에는 두 회사 간의 협력, 공급망, 또는 기타 거래 관계에 대한 서술이 없습니다.",,"Our wireless communications services competitors include other carriers, such as AT&T Inc. (“AT&T”) and Verizon Communications, Inc. (“Verizon”). In addition, our wireless communications services competitors include numerous smaller and regional providers, including Charter Communications, Inc., Comcast Corporation, EchoStar Corporation (“EchoStar”), Cox Communications, Inc., and Altice USA, Inc., many of which offer no-contract, postpaid and prepaid service plans.",TMUS 10-K FY2025 · Item 7 MD&A,TMUS: 문장의 화자('our')로서 무선 통신 서비스 경쟁사들을 언급한다. VZ: 화자의 무선 통신 서비스 경쟁사 중 하나로 언급된다.,,"TMUS: 미국, 푸에르토리코, 미국령 버진 아일랜드에서 모바일 통신 서비스를 제공합니다.
'T-Mobile' 및 'Metro by T-Mobile' 브랜드를 통해 후불, 선불 시장에서 광범위한 무선 통신 솔루션을 제공하는 주요 이동통신사입니다.","VZ: 소비자, 기업, 정부 기관에 무선 통신, 인터넷, 영상 등 다양한 통신 및 기술 서비스를 제공합니다.
미국 내 주요 무선 통신 사업자이자 광대역 및 엔터테인먼트 솔루션 공급업체입니다.","The telecommunications industry remains competitive. We are the second largest provider of wireless communications services in the U.S. as measured by our total postpaid and prepaid customers. Our wireless communications services competitors include other carriers, such as AT&T Inc. (“AT&T”) and Verizon Communications, Inc. (“Verizon”). In addition, our wireless communications services competitors include numerous smaller and regional providers, including Charter Communications, Inc., Comcast Corporation, EchoStar Corporation (“EchoStar”), Cox Communications, Inc., and Altice USA, Inc., many of which offer no-contract, postpaid and prepaid service plans. Competitors also include providers who offer similar communication services, such as voice, messaging and data services, using alternative technologies. In addition to our wireless communications services, our broadband services compete against other broadband providers, including Cable, DSL and other Fiber broadband providers, other fixed wireless solutions, including AT&T and Verizon’s fixed wireless products, and satellite internet providers. Competitive factors within the telecommunications industry include promotions, pricing, market saturation, service and product offerings, customer experience, network investment and quality, development and deployment of technologies and changes in the regulatory environment that may affect market entry, pricing practices and network investment. Some of our competitors have shown a willingness to use discounted pricing or offer bundled services as a potential source of differentiation.",,OK,"문단에서 '우리의 무선 통신 서비스 경쟁업체에는 AT&T Inc. 및 Verizon Communications, Inc.와 같은 다른 통신사가 포함된다'고 명시하여 두 회사 간의 경쟁 관계를 분명히 밝히고 있습니다."
ADI↔TSM,DEPENDS_ON,"SEC 10-K: Additionally, more than half of the Company’s purchases of external wafer and foundry services are f",반도체 파운드리 서비스,True,,pending,pending,True,True,0.5,True,pending,pending,False,False,False,반도체·메모리,"이 문단은 아날로그 디바이시스(ADI)의 10-K 문서에서 반도체 산업의 특성과 함께 공급망 리스크, 특히 외부 웨이퍼 및 파운드리 서비스 공급업체에 대한 의존성을 설명하는 대목입니다. 아날로그 디바이시스(ADI)는 외부 웨이퍼 및 파운드리 서비스 구매의 절반 이상을 타이완 반도체 제조 회사(TSMC)를 포함한 소수의 공급업체에 의존하고 있다고 명시합니다. 이는 TSMC(TSM)가 아날로그 디바이시스의 핵심 구성 요소 제조를 위한 중요한 파운드리 서비스 공급업체임을 의미합니다. 아날로그 디바이시스는 TSMC를 포함한 이러한 공급업체들의 생산 차질 발생 시 제조 지연 및 비용 증가의 위험에 노출되어 있습니다. 문서에는 두 회사 간의 경쟁 관계나 다른 형태의 상업적 관계에 대한 서술이 없습니다.",truncated,"Additionally, more than half of the Company’s purchases of external wafer and foundry services are from a limited number of suppliers, such as Taiwan Semiconductor Manufacturing Company (TSMC) and others. If these suppliers or any of the Company’s other key suppliers are unable or unwilling to manufacture and deliver sufficient quantities of components, on the time schedule and of the quality that the Company requires, the Company may be forced to engage additional or replacement suppliers, which could result in significant expenses and disruptions or delays in manufacturing, product development and shipment of product to the Company’s customers.
n.
Revenue Recognition
Recognition of revenue occurs when a customer obtains control of promised goods or services in an amount that reflects the consideration to which the providing entity expects to be entitled in exchange for those goods or services.",ADI 10-K FY2025 · Item 1 사업,ADI: 문장의 화자('the Company')로서 외부 웨이퍼 및 파운드리 서비스를 구매하는 주체이다. TSM: 화자의 외부 웨이퍼 및 파운드리 서비스 공급업체 중 하나로 언급된다.,,"ADI: 아날로그 디바이시스는 아날로그, 혼합 신호 및 디지털 신호 처리 기술을 활용한 집적 회로(IC), 소프트웨어 및 서브시스템을 설계, 제조, 판매합니다.
자동차, 통신, 산업 및 고급 소비자 시장에서 데이터 컨버터, 전력 관리 제품 등 다양한 고성능 반도체를 제공합니다.","TSM: 반도체 위탁 생산(파운드리) 서비스를 제공하며 다양한 전자제품의 핵심 칩을 만듭니다.
세계 최대 규모이자 기술 선두 주자인 독립 반도체 파운드리 기업입니다. (일반 지식 기반)","The semiconductor industry is characterized by rapid technological change, competitive pricing pressures and cyclical market patterns. The Company’s financial results are affected by a wide variety of factors, including general economic conditions worldwide, economic conditions specific to the semiconductor industry, the timely implementation of new manufacturing technologies, the ability to safeguard patents and intellectual property in a rapidly evolving market and reliance on assembly and test subcontractors, third-party wafer fabricators and independent distributors. In addition, the semiconductor market has historically been cyclical and subject to significant economic downturns at various times. The Company is exposed to the risk of obsolescence of its inventory depending on the mix of future business. Additionally, more than half of the Company’s purchases of external wafer and foundry services are from a limited number of suppliers, such as Taiwan Semiconductor Manufacturing Company (TSMC) and others. If these suppliers or any of the Company’s other key suppliers are unable or unwilling to manufacture and deliver sufficient quantities of components, on the time schedule and of the quality that the Company requires, the Company may be forced to engage additional or replacement suppliers, which could result in significant expenses and disruptions or delays in manufacturing, product development and shipment of product to the Company’s customers.",,OK,문단에서 '회사의 외부 웨이퍼 및 파운드리 서비스 구매의 절반 이상이 Taiwan Semiconductor Manufacturing Company (TSMC)와 같은 제한된 수의 공급업체로부터 이루어진다'고 명시하여 ADI가 TSM의 고객임을 분명히 밝히고 있습니다.
AMGN↔HCA,DEPENDS_ON,"SEC 10-K: In 2024, Change Healthcare, a large U.S. insurance claim and co-pay card processing clearinghouse, e",,False,DEPENDS_ON,pending,pending,True,True,0.0,True,noise_self_contradiction,pending,True,False,False,,"이 문단은 암젠(AMGN)의 10-K 문서에서 사이버 보안 사고 및 미국 의료 생태계의 상호 연결성으로 인한 비즈니스 위험을 설명하는 부분입니다. 문단은 'Change Healthcare'라는 대규모 보험 청구 및 공동 부담금 카드 처리 기관의 랜섬웨어 공격 사례를 언급하며, 이로 인해 의료 제공자 및 약국 운영에 상당한 차질이 발생했다고 설명합니다. 암젠은 Change Healthcare로부터 직접 서비스를 받지 않더라도, 이러한 혼란이 공동 부담금 카드 지원, 보험 청구 및 메디케이드 리베이트 처리에 영향을 미쳐 매출 손실로 이어졌다고 기술하고 있습니다. 그러나 이 문단에는 HCA 헬스케어(HCA)에 대한 어떠한 언급도 포함되어 있지 않습니다. 따라서 주어진 문단과 프로필만으로는 암젠과 HCA 헬스케어 간의 직접적인 제품, 시장 또는 거래 관계를 파악할 수 없습니다. 문서에는 두 회사 간의 관계 축에 대한 서술이 없습니다.",indirect|truncated,"In 2024, Change Healthcare, a large U.S. insurance claim and co-pay card processing clearinghouse, experienced a ransomware attack that has caused significant disruptions to healthcare provider and pharmacy operations. While Change Healthcare does not directly provide us with services, disruptions to co-pay card support, insurance billing and Medicaid rebate processing led to lost sales and required us to take action to help patients access their medications and to provide extended payment terms to certain customers. Although services have been rerouted and restored, and the impact on our business was immaterial, similar disruptions may occur in the future stemming from the interconnectedness of the U.S.",AMGN 10-K FY2025 · Item 7 MD&A,"AMGN: 문장의 화자('us', 'our')로서 Change Healthcare의 사이버 공격으로 인해 간접적인 영향을 받은 회사이다. HCA: HCA 미등장.",,"AMGN: 암젠은 전 세계적으로 인간 치료제를 발견, 개발, 제조 및 공급하는 생명공학 기업입니다.
염증, 종양학, 뼈 건강, 심혈관 질환 등 다양한 질병 분야에서 혁신적인 생물학적 제제를 제공합니다.","HCA: HCA 헬스케어는 미국 내에서 일반 병원, 급성기 치료 병원 및 외래 의료 시설을 운영하며 광범위한 의료 서비스를 제공합니다.
미국에서 가장 큰 독립 병원 운영 기업 중 하나로, 다양한 의료 서비스 분야에서 시장을 선도합니다.","ators, our business partners, suppliers with whom we do business, companies that provide us or our partners with business services and companies we have acquired or may acquire face similar risks. Security breaches of their systems or service outages have adversely affected systems and could, in the future, affect our systems and security, leave us without access to important systems, products, raw materials, components, services or information, or expose our confidential data or sensitive personal information. For example, we have experienced cybersecurity incidents at third-party vendors that provide testing, analytical, information technology and clinical data services, which required us to temporarily disconnect our systems from those vendors. Although these incidents did not result in breaches of our systems or significantly affect product availability, a prolonged or more widespread service outage affecting these or other vendors, particularly where a vendor is a single source for critical services, could have a material adverse effect on our business or results of operations. In 2024, Change Healthcare, a large U.S. insurance claim and co-pay card processing clearinghouse, experienced a ransomware attack that has caused significant disruptions to healthcare provider and pharmacy operations. While Change Healthcare does not directly provide us with services, disruptions to co-pay card support, insurance billing and Medicaid rebate processing led to lost sales and required us to take action to help patients access their medications and to provide extended payment terms to certain customers. Although services have been rerouted and restored, and the impact on our business was immaterial, similar disruptions may occur in the future stemming from the interconnectedness of the U.S. healthcare ecosystem and industry reliance on centralized claims processing systems and networks, and such future disruptions may have a material adverse effect on our business or results of operations. In addition, we distribute our products in the United States primarily through three pharmaceutical wholesalers, and a security breach that impairs the distribution operations of our",OK,DROP,"두 회사는 제약/바이오와 병원 운영으로 관련 산업에 속하지만, 문단은 Change Healthcare 및 제약 도매업체와의 관계를 언급할 뿐 HCA Healthcare와의 명시적인 관계를 서술하고 있지 않습니다."
ANET↔AVGO,DEPENDS_ON,"SEC 10-K: In particular, we are primarily reliant upon our predominant merchant silicon vendor, Broadcom, for ",상업용 실리콘,True,,auto_candidate,pending,True,True,1.0,True,auto_candidate,pending,False,False,False,상업용 실리콘,"이 문단은 아리스타 네트웍스(ANET)의 10-K 문서에서 핵심 부품 공급업체에 대한 의존성과 관련된 위험을 설명하는 부분입니다. 아리스타 네트웍스(ANET)는 자사 제품의 핵심 부품인 머천트 실리콘, 집적 회로 부품, 전원 공급 장치를 소수의 공급업체로부터 구매하며, 특히 주된 머천트 실리콘 공급업체인 브로드컴에 스위칭 칩을 크게 의존하고 있다고 명시합니다. 이는 브로드컴(AVGO)이 아리스타 네트웍스에게 스위칭 칩을 공급하는 핵심 공급업체임을 의미합니다. 아리스타 네트웍스는 이들 공급업체와 부품 공급을 보장하는 서면 계약이나 독점적 권리를 가지고 있지 않아 공급 중단 시 위험에 노출될 수 있습니다. 문서에는 두 회사 간의 경쟁 관계나 다른 형태의 상업적 관계에 대한 서술이 없습니다.",truncated,"In particular, we are primarily reliant upon our predominant merchant silicon vendor, Broadcom, for our switching chips. Generally, neither we nor our contract manufacturers have a written agreement with these component providers to guarantee the supply of the key components used in our products, nor do we have exclusive rights to such key components.",ANET 10-K FY2025 · Item 1 사업,"ANET: 문장의 화자('we', 'our')로서 Broadcom에 스위칭 칩 공급을 주로 의존하는 주체이다. AVGO: 화자에게 스위칭 칩을 공급하는 주요 상인 실리콘 벤더(Broadcom)로 언급된다.",,"ANET: 아리스타 네트웍스는 클라우드 네트워킹 솔루션과 기가비트 이더넷 스위칭 및 라우팅 플랫폼을 개발, 판매합니다.
인터넷 기업, 서비스 제공업체 등 다양한 산업에 클라우드 기반 네트워크 인프라를 제공하며 글로벌 시장에 진출해 있습니다.","AVGO: 브로드컴은 반도체 및 인프라 소프트웨어 솔루션을 설계, 개발, 판매하는 글로벌 기술 기업입니다.
데이터 센터, 광대역 통신, 엔터프라이즈 스토리지 등 다양한 최종 시장에서 선도적인 위치를 차지합니다. (일반 지식 기반)","Our products rely on key components, including merchant silicon, integrated circuit components and power supplies, which are purchased from a limited number of suppliers, including certain sole source providers. We may also see increased consolidation among our component suppliers. In particular, we are primarily reliant upon our predominant merchant silicon vendor, Broadcom, for our switching chips. Generally, neither we nor our contract manufacturers have a written agreement with these component providers to guarantee the supply of the key components used in our products, nor do we have exclusive rights to such key components. Furthermore, our arrangements with contract manufacturers and suppliers typically do not impose purchase obligations for specific quantities beyond the amounts established in our submitted purchase orders or forecasts.",,OK,문단에서 '우리는 스위칭 칩에 대해 우리의 주요 머천트 실리콘 공급업체인 Broadcom에 주로 의존한다'고 명시하여 ANET이 AVGO의 주요 고객임을 분명히 밝히고 있습니다.
APP↔META,DEPENDS_ON,SEC 10-K: The mobile app ecosystem depends in part on a relatively small number of third-party distribution pl,모바일 앱 생태계,True,,pending,pending,False,True,0.2,True,pending,pending,False,False,False,기타,"이 문단은 앱러빈(APP)의 10-K 문서에서 모바일 앱 생태계의 의존성 및 제3자 배포 플랫폼과 관련된 위험을 설명하는 대목입니다. 앱러빈(APP)은 모바일 앱 생태계가 애플 앱 스토어, 구글 플레이 스토어, 그리고 메타(META)와 같은 소수의 제3자 배포 플랫폼에 부분적으로 의존하고 있다고 언급합니다. 이 문단은 메타를 앱러빈의 기술을 사용하는 개발자 및 다른 당사자들과의 관계를 통해 표준 정책 및 서비스 약관을 따라야 하는 플랫폼으로 지목합니다. 나아가, 메타를 포함한 일부 플랫폼은 앱러빈의 직접적인 경쟁사이기도 하다고 명시합니다. 메타는 플랫폼의 약관, 수수료 구조, 광고 방식, 개인 정보 사용 제한 등을 변경할 수 있는 광범위한 재량권을 가지고 있으며, 이는 앱러빈 또는 그 고객에게 불리하게 작용할 수 있습니다. 문서에는 두 회사가 경쟁하는 특정 제품이나 서비스에 대한 자세한 서술은 없습니다.",target_absent|truncated,"The mobile app ecosystem depends in part on a relatively small number of third-party distribution platforms, such as the Apple App Store, the Google Play Store, and Meta, some of which are direct competitors. We are subject to the standard policies and terms of service of such third-party platforms, generally through our relationships with developers and other parties that use our technology.",APP 10-K FY2025 · Item 1A 위험,"APP: 문장의 화자('We')로서 서드파티 배포 플랫폼의 정책 및 약관에 영향을 받는 주체이다. META: 모바일 앱 생태계가 의존하는 소수의 서드파티 배포 플랫폼 중 하나로 언급되며, 일부는 화자의 직접적인 경쟁사라고 설명된다.",근거 문장에 상대 종목 미등장 — 관계 근거로 불충분,"APP: 앱러빈은 모바일 앱 개발자를 위한 소프트웨어 기반 플랫폼을 구축하여 앱 마케팅 및 수익 창출을 지원합니다.
AppDiscovery, Adjust, MAX 등의 솔루션을 통해 전 세계 모바일 앱 시장에서 광고주와 퍼블리셔를 연결하는 핵심 역할을 합니다.","META: 모바일 장치, 개인용 컴퓨터 및 기타 플랫폼을 통해 사람들이 친구 및 가족과 연결하고 공유할 수 있는 제품을 개발합니다.
페이스북, 인스타그램, 왓츠앱 등 세계 최대 소셜 미디어 플랫폼을 운영하며 메타버스 기술을 선도합니다.","The mobile app ecosystem depends in part on a relatively small number of third-party distribution platforms, such as the Apple App Store, the Google Play Store, and Meta, some of which are direct competitors. We are subject to the standard policies and terms of service of such third-party platforms, generally through our relationships with developers and other parties that use our technology. These policies and terms of service generally govern the promotion, distribution, content, and operation of applications on a platform. Each platform provider has broad discretion to change and interpret its terms of service and other policies, including in ways that may be unfavorable to us or our clients. A platform provider may also change its fee structure, add fees associated with access to and use of its platform, alter how mobile apps are able to advertise on its platform, limit the use of personal information for advertising purposes, restrict how developers or end users can share information on its platform or across platforms, or significantly increase the level of compliance or requirements necessary to use its platform.",,OK,"문단에서 '모바일 앱 생태계는 Apple App Store, Google Play Store, 그리고 Meta와 같은 소수의 타사 배포 플랫폼에 부분적으로 의존하며, 이들 중 일부는 직접적인 경쟁업체이다'라고 명시하여 APP이 META 플랫폼에 의존하며 META가 잠재적 경쟁업체임을 밝히고 있습니다."
BKNG↔AAPL,DEPENDS_ON,"SEC 10-K: restrictions on the use of the identifier for advertisers (such as the Apple ""IDFA"") by mobile devic",모바일 광고,True,,auto_candidate,pending,True,True,0.9,True,auto_candidate,pending,False,False,False,미디어·스트리밍·검색,"이 문단은 부킹 홀딩스(BKNG)의 10-K 문서에서 디지털 마케팅 생태계 내 소비자 데이터 수집 및 사용에 변화를 가져오는 개인 정보 보호 관련 이니셔티브에 대한 위험을 설명하는 대목입니다. 문단은 애플(AAPL)의 '광고주 식별자(IDFA)' 사용 제한과 'iCloud+ Private Relay'와 같은 모바일 장치 제조업체의 조치들을 언급하며, 이러한 정책이 부킹 홀딩스의 비즈니스에 영향을 미친다고 설명합니다. 애플의 이러한 개인 정보 보호 이니셔티브는 부킹 홀딩스가 디지털 마케팅을 위해 소비자 데이터를 수집하고 활용하는 방식을 제약하며, 고객 서비스 제공 및 플랫폼 성능 개선 능력에 부정적인 영향을 줄 수 있습니다. 애플은 모바일 장치 및 서비스 정책을 통해 부킹 홀딩스의 운영 환경에 영향을 미치는 기술 및 정책 제공자입니다. 문서에는 두 회사 간의 직접적인 상업적 거래나 경쟁 관계에 대한 서술은 없습니다.",truncated,"These include: requirements by browsers such as Safari and Google Chrome to require opt-in consent for third-party cookies; restrictions on the use of the identifier for advertisers (such as the Apple ""IDFA"") by mobile device manufacturers; Apple's iCloud+ Private Relay (which hides a user's IP address from websites that the user accesses in favor of other IP addresses provided by Apple's partners); and the adoption of regulations that govern the use of cookies. For example, in the EU, the ePrivacy Directive regulates the use of cookies and similar technologies, including limitations on the use of data and guidelines for enabling users to accept or reject cookies.",BKNG 10-K FY2025 · Item 7 MD&A,"BKNG: BKNG 미등장. AAPL: Safari 브라우저와 광고주 식별자(IDFA), iCloud+ Private Relay와 관련된 정책을 통해 언급된다.",,"BKNG: Booking.com, Priceline, Agoda 등을 통해 전 세계 여행 및 숙박, 렌터카 등의 온라인 예약 서비스를 제공합니다.
글로벌 온라인 여행 예약(OTA) 시장에서 선두 주자로서 폭넓은 서비스 포트폴리오를 보유하고 있습니다.","AAPL: 애플은 혁신적인 소비자 가전, 소프트웨어 및 온라인 서비스를 설계, 제조, 판매합니다.
아이폰, 아이패드, 맥 등을 통해 전 세계 기술 시장에서 가장 가치 있는 기업 중 하나로 자리매김하고 있습니다.","There are several privacy-driven initiatives that are changing the collection and use of consumer data in the digital marketing ecosystem. These include: requirements by browsers such as Safari and Google Chrome to require opt-in consent for third-party cookies; restrictions on the use of the identifier for advertisers (such as the Apple ""IDFA"") by mobile device manufacturers; Apple's iCloud+ Private Relay (which hides a user's IP address from websites that the user accesses in favor of other IP addresses provided by Apple's partners); and the adoption of regulations that govern the use of cookies. For example, in the EU, the ePrivacy Directive regulates the use of cookies and similar technologies, including limitations on the use of data and guidelines for enabling users to accept or reject cookies. Authorities may assert, and in some cases are likely to determine, that our collection, use, or management of customer and other data is inconsistent with laws and regulations, including laws that apply to cookies or similar technology, and there may be significant penalties for non-compliance. In the EU, the ePrivacy Directive is implemented in national laws as a result of which different interpretations and requirements apply on a country by country basis. EU regulators continue to issue guidance concerning the ePrivacy Directive's requirements regarding the use of cookies and similar technologies and may impose specific measures which could impact our use of such technologies. In addition, the ePrivacy Directive and national implementation laws impose additional limitations on the use of data across messaging products and include significant penalties for non-compliance. In the U.S., disclosure requirements and limitations may apply to the use of certain cookies and other online tracking technologies deemed to be sales of personal information under the CCPA or other state laws. If these initiatives or regulations impair our ability to serve customers or if we are less effective than our competitors in addressing these issues, our ability to improve performance on our platforms, business, competitive position, and results of operations could be adversely affected.",,OK,"문단에서 '모바일 기기 제조업체의 광고주 식별자(예: Apple의 ""IDFA"") 사용 제한' 및 'Apple의 iCloud+ Private Relay'와 같이 애플의 정책이 자사의 사업 및 성과에 영향을 미친다고 명시하여 BKNG가 AAPL의 플랫폼 정책에 영향을 받는 관계임을 보여줍니다."
BR↔UPS,DEPENDS_ON,"SEC 10-K: We rely upon the USPS and third-party carriers, including the United Parcel Service, for timely deli",물류·운송,True,,auto_candidate,pending,True,True,1.0,True,auto_candidate,pending,False,False,False,물류·운송,"이 문단은 브로드리지 금융 솔루션(BR)의 10-K 문서에서 고객을 대신하여 통신을 적시에 전달하기 위해 제3자 운송업체에 의존하는 것과 관련된 위험을 설명하는 부분입니다. 브로드리지 금융 솔루션(BR)은 미국 우편국(USPS) 및 유나이티드 파셀 서비스(UPS)를 포함한 제3자 운송업체에 고객의 통신물을 적시에 전달하기 위해 의존한다고 명시합니다. 이는 UPS(UPS)가 브로드리지의 핵심 서비스인 고객 통신물 배송을 지원하는 중요한 운송 및 물류 서비스 제공업체임을 의미합니다. 만약 UPS와의 관계가 종료되거나 서비스에 차질이 생기면 브로드리지는 대안 운송업체를 찾아야 하며, 이는 비용 증가나 서비스 중단으로 이어질 수 있습니다. 문서에는 두 회사 간의 경쟁 관계나 다른 형태의 상업적 관계에 대한 서술이 없습니다.",truncated,"We rely upon the USPS and third-party carriers, including the United Parcel Service, for timely delivery of communications on behalf of our clients. As a result, we are subject to carrier disruptions due to factors that are beyond our control, including employee strikes, inclement weather, and increased fuel costs.",BR 10-K FY2025 · Item 1A 위험,"BR: 문장의 화자('We', 'our')로서 고객을 대신하여 통신문 배송을 위해 UPS를 포함한 운송업체에 의존하는 주체이다. UPS: 화자의 고객 통신문 배송을 돕는 서드파티 운송업체 중 하나로 언급된다.",,"BR: 금융 서비스 산업에 투자자 커뮤니케이션 및 기술 기반 솔루션을 제공합니다.
기관 및 기업 고객의 투자자 관계, 거래 처리 및 규제 준수를 지원하는 핵심 기술 파트너입니다.","UPS: 전 세계적으로 서신, 소포 배송, 운송 및 물류 관련 서비스를 제공합니다.
미국 국내 및 국제 소포 배송 및 물류 시장에서 주요 글로벌 플레이어 중 하나입니다.","We rely upon the USPS and third-party carriers, including the United Parcel Service, for timely delivery of communications on behalf of our clients. As a result, we are subject to carrier disruptions due to factors that are beyond our control, including employee strikes, inclement weather, and increased fuel costs. Any failure to deliver communications to or on behalf of our clients in a timely and accurate manner may damage our reputation and brand and could cause us to lose clients. In addition, the USPS has incurred significant financial losses in recent years and may, as a result, implement significant changes to the breadth or frequency of its mail delivery, causing disruptions in the service. If our relationship with any of these third-party carriers is terminated or impaired, or if any of these third parties are unable to distribute communications, we would be required to use alternative, and possibly more expensive, carriers to complete our distributions on behalf of our clients. We may be unable to engage alternative carriers on a timely basis or on acceptable terms, if at all, which could have an adverse effect on our business. In addition, future increases in postal rates or shipping costs, as well as changes in customer preferences, may result in decreased demand for our traditional printed and mailed communications resulting in an adverse effect on our business, financial condition and results of operations.",,OK,문단에서 '우리는 고객을 대신한 통신문 적시 배송을 위해 USPS 및 United Parcel Service를 포함한 제3자 운송업체에 의존한다'고 명시하여 BR이 UPS의 서비스를 이용하는 고객임을 분명히 밝히고 있습니다.
CCI↔EQT,DEPENDS_ON,SEC 10-K: The restrictions and requirements imposed on our business and operations pursuant to certain covenan,,False,,pending,pending,False,True,0.0,True,pending,pending,False,False,False,,"이 문단은 CCI의 사업 운영에 부과된 제약 및 요구사항을 설명하며, 특정 기회 추구 또는 고객 및 공급업체와의 계약 체결에 대한 제한을 다루고 있습니다. CCI는 무선 통신 인프라를 제공하는 기업인 반면, EQT는 천연가스를 생산하는 에너지 기업입니다. 문단에 따르면 CCI는 '전략적 광섬유 계약 및 관련 거래 계약'에 따라 EQT의 승인 없이는 특정 기회를 추구하거나, 고객 및 공급업체와 계약을 체결하거나, 기타 조치를 취하지 못할 수 있습니다. 이는 EQT가 CCI의 사업 결정에 직접적인 통제권 또는 영향력을 행사할 수 있음을 나타냅니다. 문서에는 이 전략적 광섬유 계약이 두 회사 간에 구체적으로 어떤 제품이나 서비스를 교환하는 것인지에 대한 서술은 없습니다. 또한, EQT가 CCI의 고객 또는 공급업체인지에 대한 정보도 명시되어 있지 않습니다.",m&a|target_absent|truncated,"The risk, and adverse effect, of any disruption could be exacerbated by a delay in the consummation of the transaction or termination of the Strategic Fiber Agreement;
•
The restrictions and requirements imposed on our business and operations pursuant to certain covenants set forth in the Strategic Fiber Agreement and ancillary transaction agreements obligate us to generally conduct our business in a commercially reasonable manner and in all material respects in the ordinary course of business consistent with past practice and may prevent us from pursuing certain opportunities, entering into certain contracts with customers and suppliers, or taking certain other actions without Zayo’s and/or EQT's approval;
•
We may be unable to attract, recruit, retain and motivate current and prospective employees who may be uncertain about their future roles following completion of the proposed transaction, and our operations could suffer due to employee attrition or a reduction in employee productivity as a result of this uncertainty; and
•
The pursuit and planning for the transaction have placed and will continue to place a significant burden on management and other internal resources and may divert management’s attention away from day-to-day business concerns and other opportunities that may have been beneficial to us, which could adversely affect our business, financial condition and operating results.
See ""
—The failure to complete the planned sale of the Fiber Business to Zayo and EQT could have a material and adverse effect on our business, results of operations, financial condition, cash flows, and stock price.
"" below for a discussion of risks associated with the potential failure to complete the planned sale of the Fiber Business.
Completion of the Strategic Fiber Transaction is subject to the conditions contained in the Strategic Fiber Agreement, including regulatory approvals, which may not be received, and separation of the Fiber Business from our current operations, and if these conditions are not satisfied or waived, the transaction will not be completed.
The Strategic Fiber Agreement contains closing conditions and requirements with which we must comply pending the closing of the Strategic Fiber Transaction, including (1) obtaining regulatory approvals from certain U.S. regulatory and 
23
governmental authorities, including various consents, clearances under antitrust statutes, authorizations and declarations of non-objection, or expiration of waiting periods (or extensions thereof), and (2) separating each of the fiber solutions and small cell businesses from our current operations, in accordance with the terms of the Strategic Fiber Agreement.
In deciding whether to grant the required regulatory approval, consent or clearance, the relevant governmental entities will consider the effect of the transaction on competition within their relevant jurisdiction.",CCI 10-K FY2025 · Item 1 사업,"symbol_a (CCI): 섬유 사업 매각을 계획하는 주체로, 전략적 섬유 계약의 당사자 중 하나로 언급됩니다. symbol_b (EQT): 섬유 사업의 잠재적 매수자 중 하나로, 전략적 섬유 계약 관련 특정 승인 권한을 가진 주체로 언급됩니다.",근거 문장에 상대 종목 미등장 — 관계 근거로 불충분,"CCI: 미국 전역에 4만 개 이상의 셀 타워와 약 8만 마일의 광섬유 네트워크를 소유, 운영 및 임대합니다.
무선 통신 인프라를 제공하는 주요 부동산 투자 신탁(REIT)으로, 5G 네트워크 확장을 지원합니다.","EQT: 미국에서 천연가스, 천연가스액(NGLs) 및 원유를 생산하는 에너지 기업입니다.
특히 마르셀러스(Marcellus) 셰일 지층에 광범위한 천연가스 매장량을 보유한 미국 내 주요 천연가스 생산 기업입니다.","The restrictions and requirements imposed on our business and operations pursuant to certain covenants set forth in the Strategic Fiber Agreement and ancillary transaction agreements obligate us to generally conduct our business in a commercially reasonable manner and in all material respects in the ordinary course of business consistent with past practice and may prevent us from pursuing certain opportunities, entering into certain contracts with customers and suppliers, or taking certain other actions without Zayo’s and/or EQT's approval;",,OK,문단에서 CCI가 EQT의 승인 없이는 특정 기회를 추구하거나 계약을 체결할 수 없다고 명시하며 전략적 합의에 따른 관계를 서술하고 있습니다.
CI↔HCA,DEPENDS_ON,"SEC 10-K: For example, Change Healthcare, a health technology company owned by UnitedHealth Group and a servic",,False,DEPENDS_ON,pending,pending,True,True,0.0,True,noise_self_contradiction,pending,True,True,False,,"이 문단은 CI의 사업이 고객의 개인 식별 정보 및 건강 정보를 신뢰하고 맡기는 것에 의존하며, 사이버 공격 및 데이터 침해 위험에 노출되어 있음을 설명합니다. 문단은 특히 헬스케어 서비스 산업 내 대규모 사이버 공격의 위험성을 강조합니다. CI는 헬스케어 보험 및 통합 건강 서비스를 제공하는 기업이며, HCA는 병원 및 의료 시설을 운영하는 기업입니다. 그러나 주어진 문단 어디에도 CI와 HCA 간의 직접적인 관계에 대한 서술은 전혀 없습니다. 문단은 CI가 약국 혜택 관리 서비스의 특정 서비스 제공업체인 Change Healthcare가 랜섬웨어 공격을 받은 사례를 언급하며 CI의 서비스 중단 영향을 설명하고 있을 뿐입니다. 문서에는 HCA가 CI의 고객, 공급업체, 경쟁자 또는 기타 어떤 형태로든 관계를 맺고 있는지에 대한 내용이 명시되어 있지 않습니다. 따라서 이 문단만으로는 두 회사 간의 관계를 파악할 수 없습니다.",list|truncated,"For example, Change Healthcare, a health technology company owned by UnitedHealth Group and a service provider for certain of our pharmacy benefit management services, was the victim of a ransomware attack in February 2024. This resulted in limited disruption of certain of our services and necessitated security validations for certain systems before we reconnected with Change Healthcare to resume such services.",CI 10-K FY2025 · Item 1A 위험,"symbol_a (CI): Change Healthcare로부터 특정 약국 혜택 관리 서비스를 받는 주체로, 랜섬웨어 공격으로 인해 서비스 중단을 겪은 당사자입니다. symbol_b (HCA): HCA 미등장.",,"CI: 미국에서 의료, 약국, 행동 건강, 치과 보험 및 관련 제품과 서비스를 제공합니다.
에버노스(Evernorth)와 시그나 헬스케어(Cigna Healthcare)를 통해 통합 건강 서비스 및 보험 솔루션을 제공하는 주요 기업입니다.","HCA: HCA 헬스케어는 미국 내에서 일반 병원, 급성기 치료 병원 및 외래 의료 시설을 운영하며 광범위한 의료 서비스를 제공합니다.
미국에서 가장 큰 독립 병원 운영 기업 중 하나로, 다양한 의료 서비스 분야에서 시장을 선도합니다.","Our business depends on our clients' and customers' willingness to entrust us with their PII, including PHI, that is subject to various privacy and data security laws and regulations, including data breach notification laws. Computer networks or systems may be vulnerable to intrusion, hacking, computer viruses or malware (including ransomware), denial of service attacks, credential stuffing, phishing and other social engineering attacks, supply chain attacks, programming errors, fraud or malice on the part of our employees or vendors, human error, terrorism, and other attacks by third parties or similar disruptive problems. We have been, and will likely continue to be, the target of computer viruses or other malicious codes, unauthorized access, cyberattacks or other computer-related penetrations. There have been, and will continue to be, large-scale cyberattacks within the health services industry. For example, Change Healthcare, a health technology company owned by UnitedHealth Group and a service provider for certain of our pharmacy benefit management services, was the victim of a ransomware attack in February 2024. This resulted in limited disruption of certain of our services and necessitated security validations for certain systems before we reconnected with Change Healthcare to resume such services. Additionally, hardware, software or applications we develop or procure from third parties may contain defects in design, manufacturer defects, software bugs or errors or other problems that could unexpectedly compromise information technology. Human or technological error has resulted in, and could in the future result in, for example, unauthorized access to and acquisition, disclosure, modification, misuse, loss or destruction of company, customer, or other third-party data or systems; theft of sensitive, regulated or confidential data, including PII and intellectual property; the loss of access to critical data or systems through ransomware, destructive attacks or other means; and business delays, service or system disruptions, or denials of service.",HOLD,DROP,문단은 CI와 Change Healthcare 간의 관계를 서술하며 HCA에 대한 언급이 전혀 없습니다.
CME↔NDAQ,DEPENDS_ON,SEC 10-K: We also have exclusive license agreements for certain Nasdaq indices through 2039 and for certain Ru,금융 지수,True,,auto_candidate,pending,True,True,0.9,True,auto_candidate,pending,False,False,False,금융·결제·거래소,"이 문단은 CME가 다양한 주식 지수 선물 및 옵션 상품을 제공하는 방식을 설명하며, 이러한 상품들이 해당 지수 소유자와의 라이선스 계약에 따라 상장된다고 명시하고 있습니다. CME는 금리, 주식 지수 등 다양한 파생상품 거래의 글로벌 중심지 역할을 합니다. 문단에 따르면 CME는 '특정 Nasdaq 지수에 대한 독점 라이선스 계약을 2039년까지 보유하고 있습니다.' NDAQ는 자본 시장 기술 솔루션을 제공하는 기업으로, 지수 소유자입니다. 이는 CME가 NDAQ의 지수를 사용하여 선물 및 옵션 상품을 만들고 거래할 수 있는 권리를 얻는다는 것을 의미합니다. CME는 이러한 라이선스 계약 조건에 따라 해당 제3자에게 수익 공유를 지불합니다. 따라서 NDAQ는 CME에게 지수 사용 라이선스를 제공하고, CME는 이에 대한 대가로 NDAQ에게 수익을 지불하는 관계입니다. 문서에는 이외에 두 회사 간의 다른 협력 관계나 경쟁 관계에 대한 서술은 없습니다.",truncated,We also have exclusive license agreements for certain Nasdaq indices through 2039 and for certain Russell indices through 2037. We pay the applicable third-party a revenue share under the terms of these licensing agreements.,CME 10-K FY2025 · Item 1A 위험,"symbol_a (CME): 특정 나스닥 지수에 대한 독점 라이선스 계약을 가진 주체입니다. symbol_b (NDAQ): 나스닥 지수의 제공 주체로, symbol_a와 라이선스 계약을 맺은 제3자 중 하나입니다.",,"CME: 전 세계적으로 선물 및 옵션 계약 거래를 위한 시장을 운영하며, 청산 및 리스크 관리 서비스를 제공합니다.
금리, 주식 지수, 외환, 상품 등 다양한 파생상품 거래의 글로벌 중심지 역할을 합니다.","NDAQ: 자본 시장 및 기타 산업에 기술 솔루션을 제공하며, 금융 범죄 방지 기술(Nasdaq Trade Surveillance, Verafin)을 포함합니다.
전 세계 자본 시장 및 금융 기술 부문에서 운영되고 있습니다.","We offer equity index futures and options on key benchmarks, including S&P, Nasdaq, Dow Jones, FTSE Russell and fixed income index futures. These products are listed by us subject to license agreements with the applicable owners of the indexes, some of which are exclusive. In connection with S&P Dow Jones Indices, we have a license agreement (S&P License Agreement) for certain S&P stock indices and related trade names, trademarks and service marks in connection with the creation, marketing, trading, clearing and promoting of futures contracts and/or options on futures contracts that are indexed to certain S&P stock indices. Our license for the S&P 500 Index will be exclusive for futures and options until one year prior to the termination of the S&P License Agreement, and non-exclusive for the last year. The license for the other S&P stock indices is generally exclusive for futures and options. The term of the S&P License Agreement will continue until the date that is one year after the date that CME Group ceases to own at least 5% (accounting for dilution) of the outstanding interests in S&P Dow Jones Indices. Upon the occurrence of certain events, including certain terminations of the joint venture, the term may be extended up to an additional ten years. In connection with S&P Dow Jones Indices, we also have an exclusive license agreement (Dow Jones License Agreement) for certain Dow Jones indices. The initial term of the agreement is through June 30, 2026. Following the initial term, the Dow Jones License Agreement will automatically renew for renewal terms of five years thereafter, so long as there is open interest in any of CBOT’s or its affiliates’ products based on one or more of the Dow Jones licensed indices. In the event there is no open interest in any such products, then we may terminate the agreement. We also have exclusive license agreements for certain Nasdaq indices through 2039 and for certain Russell indices through 2037. We pay the applicable third-party a revenue share under the terms of these licensing agreements. A copy of the S&P License Agreement has been filed as a material contract.",,OK,문단은 CME가 특정 나스닥 지수에 대해 독점 라이선스 계약을 맺고 수익 공유를 지급한다고 명시하여 명확한 라이선스 관계를 서술합니다.
CPAY↔V,DEPENDS_ON,"SEC 10-K: Third-party networks are operated by independent parties, such as MasterCard and VISA, and tend to b",결제 네트워크,True,,auto_candidate,pending,True,True,0.9,True,auto_candidate,pending,False,False,False,금융·결제·거래소,"이 문단은 외부 결제 네트워크의 특성을 설명하며, 이러한 네트워크가 MasterCard와 VISA 같은 독립적인 주체에 의해 운영된다고 언급합니다. CPAY는 기업 및 소비자를 위한 결제 서비스를 제공하는 금융 기술 회사이며, VISA는 전 세계적으로 디지털 결제를 촉진하는 결제 기술 회사입니다. 주어진 문단은 CPAY가 VISA의 서비스를 직접 사용한다고 명시하고 있지는 않습니다. 문단은 VISA를 '제3자 네트워크'를 운영하는 '독립적인 주체'의 한 예시로 언급합니다. CPAY의 사업 특성상 광범위하게 사용되는 이러한 결제 네트워크에 의존할 가능성을 시사합니다. 따라서 VISA는 CPAY와 같은 결제 서비스 제공업체가 결제 처리를 위해 활용할 수 있는 핵심적인 인프라 또는 네트워크를 제공하는 독립적인 주체로 언급됩니다. 문서에는 CPAY가 VISA 네트워크를 통해 특정 유형의 결제를 처리하는지에 대한 구체적인 내용은 서술되어 있지 않습니다.",truncated,"Third-party networks are operated by independent parties, such as MasterCard and VISA, and tend to be more broadly 
accepted, which is the primary benefit compared with our proprietary networks, although merchant economics tend to be 
inferior. 
Our Vehicle Payments solutions are subject to seasonal fluctuations during the first and fourth quarter each year due to the 
weather, holidays in the U.S.",CPAY 10-K FY2025 · Item 1 사업,symbol_a (CPAY): 자사의 독점 네트워크와 마스터카드 및 symbol_b와 같은 독립적인 주체들이 운영하는 제3자 네트워크를 비교하는 주체입니다. symbol_b (V): 마스터카드와 함께 제3자 네트워크를 운영하는 독립적인 주체로 언급됩니다.,,"CPAY: 기업 및 소비자를 위한 차량 관련 지출(연료, 통행료 등), 숙박비 및 기업 결제를 관리하는 결제 서비스를 제공합니다.
자동화된 기업 결제 솔루션, 가상 카드, 국경 간 결제 등 다양한 금융 기술 솔루션을 미국 및 글로벌 시장에 제공합니다.","V: 소비자, 판매자, 금융 기관 간 디지털 결제를 촉진하는 결제 기술 회사입니다.
전 세계적으로 가장 널리 사용되는 결제 네트워크 중 하나를 운영하는 글로벌 리더입니다.","Third-party networks are operated by independent parties, such as MasterCard and VISA, and tend to be more broadly",,OK,문단은 VISA를 CPAY와 같은 결제 서비스가 의존하는 '제3자 네트워크' 중 하나로 명시하여 관계를 서술합니다.
CSGP↔GOOGL,DEPENDS_ON,"SEC 10-K: For example, starting on July 1, 2024, Universal Analytics (UA), Google’s legacy analytics platform ",웹 분석 플랫폼,False,,pending,pending,True,True,0.0,True,pending,pending,False,True,False,웹 분석 플랫폼,"이 문단은 CSGP가 인터넷 검색 엔진을 통해 웹사이트로 유입되는 사용자 트래픽에 의존하고 있으며, 이는 신규 구독자 및 광고주 확보에 중요함을 설명합니다. CSGP는 상업용 부동산 정보를 제공하는 온라인 마켓플레이스 운영 기업이며, GOOGL은 Google의 모회사로 다양한 기술 분야에서 사업을 영위합니다. 문단에 따르면 CSGP는 웹사이트 방문자 수를 측정하기 위해 'Google Analytics'를 사용해 왔습니다. 특히, CSGP는 과거 'Google의 레거시 분석 플랫폼인 Universal Analytics(UA)'에 의존했으나, Google이 이를 중단하면서 'Universal Analytics를 대체하는 Google Analytics 4(GA4)'로 전환했습니다. 이는 CSGP가 웹 분석 서비스 제공업체로서 GOOGL의 제품 및 기술에 의존하고 있음을 나타냅니다. 문서에는 GOOGL의 검색 엔진이 CSGP의 트래픽 유입에 얼마나 큰 영향을 미치는지에 대한 정량적인 서술은 없지만, 중요한 요소로 언급됩니다.",list|truncated,"For example, starting on July 1, 2024, Universal Analytics (UA), Google’s legacy analytics platform on which we historically relied for calculating monthly average unique visitors, was discontinued by Google. Prior to June 1, 2024, we measured average monthly unique visitors for all CoStar Group sites using Google’s Universal Analytics.",CSGP 10-K FY2025 · Item 1A 위험,symbol_a (CSGP): 과거에 symbol_b의 Universal Analytics를 사용하여 월별 평균 고유 방문자를 측정했던 주체입니다. symbol_b (GOOGL): Universal Analytics라는 기존 분석 플랫폼을 제공하고 이후 중단한 주체입니다.,,"CSGP: 상업용 부동산, 숙박, 주거 부문 전문가를 위한 정보, 분석 및 온라인 마켓플레이스 서비스를 제공합니다.
CoStar Property, Apartments.com, LoopNet 등의 플랫폼을 통해 전 세계 부동산 시장의 디지털화를 선도하는 기업입니다.","GOOGL: Google의 모회사로, 온라인 광고, 클라우드 컴퓨팅, 가전제품 및 인공지능을 포함한 다양한 기술 분야에서 사업을 운영합니다.
세계에서 가장 큰 기술 기업 중 하나로, 혁신적인 제품과 서비스를 통해 글로벌 기술 및 인터넷 서비스 시장을 선도합니다.","customers, and diminish the value of our advertising and subscription products. If we experience a material reduction in the number of users directed to our websites through internet search engines or otherwise fail to maintain or increase traffic to our marketplaces, our ability to acquire additional subscribers or advertisers and deliver leads to and retain existing subscribers and advertisers could be adversely affected. As a result, our business, results of operations, and financial condition could be adversely affected. Increases in our operating expenses could negatively impact our operating results if we are unable to generate more revenue through increased sales of subscriptions to our marketplace products. Additionally, the methods, including Google Analytics, that we use to measure average monthly unique visitors to our portals may misstate the actual number of unique persons who visit our network of mobile applications and websites for a given month or may differ from the methods used by competitors, which may impact the comparability of unique visitors between companies. For example, starting on July 1, 2024, Universal Analytics (UA), Google’s legacy analytics platform on which we historically relied for calculating monthly average unique visitors, was discontinued by Google. Prior to June 1, 2024, we measured average monthly unique visitors for all CoStar Group sites using Google’s Universal Analytics. Beginning June 1, 2024, average monthly unique visitors are measured using Google Analytics 4 (GA4), the replacement for Universal Analytics. Due to the change in methodologies, unique visitors reported prior to June 1, 2024 may not provide a meaningful comparison to unique visitors in subsequent periods.",,OK,"문단은 CSGP가 웹사이트 트래픽을 위해 인터넷 검색 엔진(Google 포함)에 의존하고, Google Analytics를 사용하여 방문자를 측정한다고 명시하여 의존 및 서비스 이용 관계를 서술합니다."
DLR↔DLR,DEPENDS_ON,"SEC 10-K: As the sole general partner of our Operating Partnership, our Parent has the full, exclusive and com",,True,,pending,pending,False,True,0.9,True,pending,pending,False,False,False,,"이 문단은 보고 회사의 내부 조직 구조, 즉 모회사와 운영 파트너십 간의 관계를 설명합니다. 주어진 두 회사 심볼(DLR)과 프로필은 동일한 엔티티를 가리키므로, 이는 단일 기업 내에서의 관계 서술입니다. 문단은 '우리 모회사(Our Parent)'가 '우리 운영 파트너십(our Operating Partnership)'의 유일한 무한책임사원으로서 일상적인 관리와 통제에 대한 전적이고 배타적인 책임을 지고 있다고 명시합니다. 또한, 모회사는 재량에 따라 운영 파트너십의 가용 현금 중 일부를 배분하도록 지시합니다. 이는 DLR이라는 단일 기업이 자사의 운영 파트너십에 대해 완전한 경영권과 재정적 통제권을 행사하는 지배 관계를 나타냅니다. 따라서 이는 두 개의 별개 기업 간의 관계가 아닌, 하나의 기업 집단 내에서의 지배 구조를 설명하는 내용입니다.",target_absent|truncated,"Our Parent’s principal source of funding is the distributions it receives from our Operating Partnership.
As the sole general partner of our Operating Partnership, our Parent has the full, exclusive and complete responsibility for our Operating Partnership’s day-to-day management and control. Our Parent causes our Operating Partnership to distribute such portion of its available cash as our Parent may in its discretion determine, in the manner provided in our Operating Partnership’s partnership agreement.",DLR 10-K FY2025 · Item 7 MD&A,"symbol_a (DLR): 'Our Parent'와 'our Operating Partnership'으로 지칭되며, 본사는 운영 파트너십의 유일한 일반 파트너로서 운영 파트너십의 관리 및 통제에 대한 전적인 책임을 가지는 주체입니다. symbol_b (DLR): symbol_a와 동일한 회사로서, 본사와 운영 파트너십 간의 관계를 설명하는 데 사용됩니다.",근거 문장에 상대 종목 미등장 — 관계 근거로 불충분,"DLR: 전 세계 선도 기업 및 서비스 제공업체에 데이터센터, 코로케이션 및 상호 연결 솔루션을 제공합니다.
23개국 48개 대도시에 걸쳐 284개 이상의 시설을 보유한 글로벌 데이터센터 플랫폼 제공업체입니다.","DLR: 전 세계 선도 기업 및 서비스 제공업체에 데이터센터, 코로케이션 및 상호 연결 솔루션을 제공합니다.
23개국 48개 대도시에 걸쳐 284개 이상의 시설을 보유한 글로벌 데이터센터 플랫폼 제공업체입니다.","As the sole general partner of our Operating Partnership, our Parent has the full, exclusive and complete responsibility for our Operating Partnership’s day-to-day management and control. Our Parent causes our Operating Partnership to distribute such portion of its available cash as our Parent may in its discretion determine, in the manner provided in our Operating Partnership’s partnership agreement.",,OK,문단은 DLR(Parent)과 그 운영 파트너십(Operating Partnership) 간의 내부적 지배 및 관리 관계를 명시적으로 서술합니다.
EBAY↔GOOGL,DEPENDS_ON,"SEC 10-K: In addition, we rely on Google search to direct a significant amount of traffic to our platforms.",온라인 검색,True,,auto_candidate,pending,True,True,0.9,True,auto_candidate,pending,False,False,False,미디어·스트리밍·검색,"이 문단은 EBAY의 사업 운영 리스크를 설명하며, 제3자 서비스 및 경쟁업체에 대한 의존도를 언급하고 있습니다. EBAY는 온라인 마켓플레이스 플랫폼을 운영하는 이커머스 기업이며, GOOGL은 Google의 모회사로 다양한 기술 분야에서 사업을 영위합니다. 문단에 따르면 EBAY는 'Google 검색에 의존하여 자사 플랫폼으로 상당한 양의 트래픽을 유도합니다.' 또한, GOOGL의 모회사인 Alphabet이 검색 알고리즘을 변경하여 EBAY 플랫폼으로 유도되는 트래픽 양을 감소시켰으며, 심지어 '자사의 경쟁 제품이나 서비스를 홍보하는 방식으로' 이러한 변경을 계속할 수 있다고 언급합니다. 이는 EBAY가 자사 플랫폼 트래픽 유입에 GOOGL의 검색 서비스에 의존하고 있음을 보여줍니다. 동시에 GOOGL이 검색 기능을 통해 EBAY와 잠재적으로 경쟁하는 제품이나 서비스를 홍보할 수 있는 위치에 있어 EBAY에 사업적 위험을 제기하는 관계입니다. 문서에는 GOOGL이 EBAY와 어떤 제품이나 서비스에서 직접적으로 경쟁하는지에 대한 구체적인 서술은 없습니다.",,"In addition, we rely on Google search to direct a significant amount of traffic to our platforms. From time to time, Alphabet has made changes to their algorithms and methodologies that have reduced the amount of traffic directed to our platforms, and they may continue to do so, including in a way that promotes their competing products or services.",EBAY 10-K FY2025 · Item 7 MD&A,"symbol_a (EBAY): 자사 플랫폼으로 트래픽을 유도하기 위해 symbol_b 검색에 의존하는 주체입니다. symbol_b (GOOGL): symbol_a가 트래픽 유도에 의존하는 검색 서비스를 제공하며, 알고리즘 변경을 통해 트래픽에 영향을 미칠 수 있는 주체입니다.",,"EBAY: 온라인 마켓플레이스 플랫폼을 통해 국내외 구매자와 판매자를 연결하여 다양한 상품을 판매합니다.
다양한 채널에서 사용자들이 품목을 등록, 구매, 판매, 결제할 수 있도록 지원하는 이커머스 시장의 주요 사업자입니다.","GOOGL: Google의 모회사로, 온라인 광고, 클라우드 컴퓨팅, 가전제품 및 인공지능을 포함한 다양한 기술 분야에서 사업을 운영합니다.
세계에서 가장 큰 기술 기업 중 하나로, 혁신적인 제품과 서비스를 통해 글로벌 기술 및 인터넷 서비스 시장을 선도합니다.","In addition, some of the products and services that we and our customers rely on are controlled or owned by our competitors, which increases the risk that the pricing, availability, and terms or operation for these products and services could change in a way that harms our business. For example, we rely on major online application stores for distribution of our application. If these application store providers modify or implement new terms, we may be forced to modify our products to maintain our ability to remain in that application store. If we are unable to use or adapt to operational changes in such services, we may face higher costs for such services, face integration or technological barriers or lose customers, which could materially harm our business. In addition, we rely on Google search to direct a significant amount of traffic to our platforms. From time to time, Alphabet has made changes to their algorithms and methodologies that have reduced the amount of traffic directed to our platforms, and they may continue to do so, including in a way that promotes their competing products or services. If our e-commerce competitors decide to advertise less, or not at all, through traditional search engines, or if consumers increasingly shift towards AI technologies such as AI chatbots and agents for their shopping transactions, traditional search engines may lose relevance. As a result, we could experience a reduced amount of search traffic directed to us and be forced to adjust our advertising practices sooner or more dramatically than we may have anticipated.",,OK,"문단은 EBAY가 플랫폼으로의 상당한 트래픽을 유도하기 위해 Google 검색에 의존한다고 명시하며, Google이 경쟁 서비스를 홍보할 수 있다고 언급하여 의존 및 잠재적 경쟁 관계를 서술합니다."
EXR↔EXR,DEPENDS_ON,"SEC 10-K: The Company was formed to continue the business of Extra Space Storage LLC and its subsidiaries, whi",셀프 스토리지,True,,auto_candidate,pending,True,True,0.9,True,auto_candidate,pending,False,False,False,셀프 스토리지,"이 문단은 Extra Space Storage Inc. (이하 '회사')의 설립과 법적 구조를 설명하며, 회사가 셀프 스토리지 시설에 대한 소유권을 운영 파트너십을 통해 보유하고 있음을 명시합니다. 주어진 두 회사 심볼(EXR)과 프로필은 동일한 엔티티를 나타내므로, 이는 단일 기업 내에서의 구조적 관계를 다룹니다. 문단에 따르면 회사는 메릴랜드 법인으로 설립된 REIT이며, 자사 점포에 대한 소유권은 'Extra Space Storage LP (운영 파트너십)'를 통해 보유합니다. 회사의 주요 자산은 이 운영 파트너십에 대한 무한책임사원 및 유한책임사원 지분으로 구성됩니다. 운영 파트너십은 변동 지분 법인으로 정의되며 회사에 의해 연결 재무제표에 포함됩니다. 따라서 이는 EXR이라는 단일 기업의 모회사와 그 운영 파트너십 간의 내부적인 지배 및 소유 구조를 설명하는 내용이며, 두 개의 독립적인 시장 참여자 간의 관계는 아닙니다.",truncated,"The Company was formed to continue the business of Extra Space Storage LLC and its subsidiaries, which had engaged in the self-storage business since 1977. The Company’s interest in its stores is held through its operating partnership, Extra Space Storage LP (the “Operating Partnership”), which was formed on May 5, 2004.",EXR 10-K FY2025 · Item 1 사업,"symbol_a (EXR): 'The Company'로 지칭되며, Extra Space Storage LLC의 사업을 계속하기 위해 설립되었고 운영 파트너십을 통해 점포 지분을 보유하는 주체입니다. symbol_b (EXR): symbol_a와 동일한 회사로서, 본사와 운영 파트너십 간의 관계를 설명하는 데 사용됩니다.",,"EXR: 미국 전역에 셀프 스토리지 시설을 소유 및 운영하며, 개인 및 기업 고객에게 다양한 보관 공간을 임대합니다.
S&P 500 지수 구성원이자 미국에서 두 번째로 큰 셀프 스토리지 리츠(REIT)로, 해당 시장의 주요 사업자입니다.","EXR: 미국 전역에 셀프 스토리지 시설을 소유 및 운영하며, 개인 및 기업 고객에게 다양한 보관 공간을 임대합니다.
S&P 500 지수 구성원이자 미국에서 두 번째로 큰 셀프 스토리지 리츠(REIT)로, 해당 시장의 주요 사업자입니다.","Extra Space Storage Inc. (the “Company”) is a fully integrated, self-administered and self-managed real estate investment trust (“REIT”), formed as a Maryland corporation on April 30, 2004 to own, operate, manage, acquire, develop and redevelop self-storage properties (“stores”) and provide lending to owners of stores located throughout the United States. The Company was formed to continue the business of Extra Space Storage LLC and its subsidiaries, which had engaged in the self-storage business since 1977. The Company’s interest in its stores is held through its operating partnership, Extra Space Storage LP (the “Operating Partnership”), which was formed on May 5, 2004. The Company’s primary assets are general partner and limited partner interests in the Operating Partnership, which meets the definition of a variable interest entity and is consolidated. This structure is commonly referred to as an umbrella partnership REIT, or UPREIT.",,OK,문단은 Extra Space Storage Inc.(회사)와 Extra Space Storage LP(운영 파트너십) 간의 내부적인 기업 구조 및 관계를 명시적으로 서술합니다.
FICO↔EFX,DEPENDS_ON,"SEC 10-K: Our Scores segment relies on, among others, Experian, TransUnion and Equifax.",신용정보 서비스,True,,auto_candidate,pending,True,True,1.0,True,auto_candidate,pending,False,True,False,신용정보 서비스,"이 문단은 FICO의 10-K 보고서에 포함되어 있으며, FICO의 핵심 사업 중 하나인 'Scores' 부문의 운영에 필요한 데이터 또는 서비스를 어디서 얻는지 설명하는 맥락에서 작성되었습니다. FICO의 Scores 부문은 익스페리언, 트랜스유니온과 더불어 에퀴팩스(Equifax)에 의존합니다. 이는 에퀴팩스가 FICO의 점수 생성 또는 관련 서비스에 필수적인 정보나 솔루션을 제공하는 주체임을 시사합니다. 따라서 에퀴팩스는 FICO의 사업 운영에 중요한 외부 정보원입니다. FICO가 에퀴팩스로부터 어떤 특정 유형의 데이터를 받는지, 혹은 이 관계가 상업적 계약에 기반한 것인지에 대한 구체적인 내용은 문서에 서술되어 있지 않습니다. 또한, 에퀴팩스가 FICO에 의존하는 부분에 대한 서술도 문서에는 없습니다.",list,"Our Scores segment relies on, among others, Experian, TransUnion and Equifax.",FICO 10-K FY2025,symbol_a (FICO): 자사의 점수(Scores) 부문 운영을 위해 symbol_b를 포함한 여러 회사에 의존하는 주체입니다. symbol_b (EFX): symbol_a의 점수 부문이 의존하는 회사 중 하나입니다.,,"FICO: 기업이 의사 결정을 자동화하고 향상시킬 수 있도록 분석, 소프트웨어 및 데이터 관리 제품과 서비스를 개발합니다.
마케팅, 고객 관리, 사기 탐지 등 다양한 비즈니스 문제 해결을 위한 솔루션을 제공하는 분석 및 의사결정 관리 소프트웨어 시장의 선두 기업입니다.","EFX: 기업, 정부, 소비자에게 정보 솔루션 및 인적 자원 비즈니스 프로세스 자동화 아웃소싱 서비스를 제공합니다.
고용, 소득, 신용 정보 검증 등 다양한 소비자 및 상업 정보 서비스를 제공하는 데이터 분석 및 신용 정보 시장의 선두 기업 중 하나입니다.","Our Scores segment relies on, among others, Experian, TransUnion and Equifax.",,OK,문단에서 FICO가 Equifax(EFX)에 의존한다고 명시적으로 서술함.
FTNT↔AMD,DEPENDS_ON,"SEC 10-K: Some of the components important to our business, including certain Central Processing Units (“CPUs”",CPU,True,,pending,pending,False,True,0.8,True,pending,pending,False,False,False,반도체·메모리,"이 문단은 Fortinet의 10-K 보고서에 실린 것으로, 자사 제품에 사용되는 주요 부품의 공급망과 해당 부품들이 제한적이거나 단일 공급원으로부터 조달될 수 있음을 설명하는 맥락에서 작성되었습니다. Fortinet은 자사 제품에 필요한 다양한 부품들을 직접 조달하거나, 더 자주 계약 제조업체를 통해 조달합니다. 이 중요한 부품들 중에는 Advanced Micro Devices, Inc.(AMD)가 생산하는 특정 중앙 처리 장치(CPU)가 포함됩니다. 따라서 AMD는 Fortinet의 제품 생산에 필수적인 CPU를 공급하는 업체 중 하나입니다. 문서에는 Fortinet이 AMD로부터 공급받는 CPU의 구체적인 모델이나 규모에 대한 서술은 없습니다. 또한, AMD가 Fortinet에 의존하는 관계에 대한 서술도 문서에는 없습니다. Fortinet이 AMD의 직접적인 고객인지, 아니면 계약 제조업체를 통해서만 AMD 부품을 조달하는지에 대한 상세한 내용은 문서에 명시되어 있지 않습니다.",target_absent,"Some of the components important to our business, including certain Central Processing Units (“CPUs”) from Intel Corporation (“Intel”) and Advanced Micro Devices, Inc. (“AMD”), network and wireless chips from Broadcom Inc. (“Broadcom”), Marvell Technology Group Ltd. (“Marvell”), Qualcomm Incorporated (“Qualcomm”) and Intel and memory devices from Intel, Micron Technology (“Micron”), ADATA Technology Co., Ltd. (“ADATA”), Toshiba Corporation (“Toshiba”), Samsung Electronics Co., Ltd.",FTNT 10-K FY2025 · Item 1 사업,symbol_a (FTNT): 사업에 필요한 부품을 symbol_b를 포함한 여러 공급업체로부터 조달하는 주체입니다. symbol_b (AMD): symbol_a의 사업에 중요한 특정 중앙 처리 장치(CPU)를 공급하는 회사 중 하나입니다.,근거 문장에 상대 종목 미등장 — 관계 근거로 불충분,"FTNT: 전 세계적으로 광범위하고 통합된 자동화된 사이버 보안 솔루션을 제공하며, FortiGate 하드웨어 및 소프트웨어 라이선스를 판매합니다.
방화벽, 침입 방지, 멀웨어 방지 등 다양한 보안 및 네트워킹 기능을 제공하며, 통합 사이버 보안 시장의 선두 주자입니다.","AMD: 어드밴스드 마이크로 디바이시스는 비즈니스 및 소비자 시장을 위한 컴퓨터 프로세서와 관련 기술을 개발하는 글로벌 반도체 회사입니다.
CPU, GPU 및 고성능 컴퓨팅 솔루션 분야에서 인텔 및 엔비디아와 경쟁하며 시장 점유율을 확대하고 있습니다.","The components included in our products are sourced from various suppliers by us or, more frequently, by our contract manufacturers. Some of the components important to our business, including certain Central Processing Units (“CPUs”) from Intel Corporation (“Intel”) and Advanced Micro Devices, Inc. (“AMD”), network and wireless chips from Broadcom Inc. (“Broadcom”), Marvell Technology Group Ltd. (“Marvell”), Qualcomm Incorporated (“Qualcomm”) and Intel and memory devices from Intel, Micron Technology (“Micron”), ADATA Technology Co., Ltd. (“ADATA”), Toshiba Corporation (“Toshiba”), Samsung Electronics Co., Ltd. (“Samsung”), and Western Digital Technologies, Inc. (“Western Digital”), are available from limited or sole sources of supply.",,OK,문단에서 Fortinet(FTNT) 제품에 필요한 CPU를 Advanced Micro Devices(AMD)로부터 공급받는다고 명시적으로 서술함.
FTNT↔AVGO,DEPENDS_ON,"SEC 10-K: Some of the components important to our business, including certain Central Processing Units (“CPUs”",중앙처리장치(CPU),True,,pending,pending,False,True,0.7,True,pending,pending,False,False,False,반도체·메모리,"이 문단은 Fortinet의 10-K 보고서에 포함되어 있으며, 자사 제품에 사용되는 핵심 부품의 조달 방식과 공급원 다양성 및 의존성을 설명하는 맥락에서 작성되었습니다. Fortinet은 제품에 들어가는 부품들을 직접 구매하거나, 주로 계약 제조업체를 통해 조달하고 있습니다. 이 중요한 부품들 중에는 Broadcom Inc.가 제공하는 네트워크 및 무선 칩이 포함됩니다. 따라서 Broadcom은 Fortinet의 사이버 보안 제품 생산에 필요한 특정 반도체 부품을 공급하는 역할을 합니다. 문서에는 Broadcom이 Fortinet에 공급하는 칩의 구체적인 종류나 거래 규모, 그리고 Broadcom이 Fortinet에 의존하는 관계에 대한 정보는 서술되어 있지 않습니다. 또한, Fortinet이 Broadcom의 직접적인 고객인지 또는 계약 제조업체를 통해 부품을 조달하는지에 대한 상세한 내용은 언급되지 않았습니다.",target_absent,"Some of the components important to our business, including certain Central Processing Units (“CPUs”) from Intel Corporation (“Intel”) and Advanced Micro Devices, Inc. (“AMD”), network and wireless chips from Broadcom Inc. (“Broadcom”), Marvell Technology Group Ltd. (“Marvell”), Qualcomm Incorporated (“Qualcomm”) and Intel and memory devices from Intel, Micron Technology (“Micron”), ADATA Technology Co., Ltd. (“ADATA”), Toshiba Corporation (“Toshiba”), Samsung Electronics Co., Ltd.",FTNT 10-K FY2025 · Item 1 사업,FTNT는 'our business'로 언급되며 사업에 중요한 부품을 사용하는 주체로 등장. AVGO는 'Broadcom Inc.'으로 언급되며 FTNT의 사업에 필요한 네트워크 및 무선 칩을 공급하는 회사 중 하나로 등장.,근거 문장에 상대 종목 미등장 — 관계 근거로 불충분,"FTNT: 전 세계적으로 광범위하고 통합된 자동화된 사이버 보안 솔루션을 제공하며, FortiGate 하드웨어 및 소프트웨어 라이선스를 판매합니다.
방화벽, 침입 방지, 멀웨어 방지 등 다양한 보안 및 네트워킹 기능을 제공하며, 통합 사이버 보안 시장의 선두 주자입니다.","AVGO: 브로드컴은 반도체 및 인프라 소프트웨어 솔루션을 설계, 개발, 판매하는 글로벌 기술 기업입니다.
데이터 센터, 광대역 통신, 엔터프라이즈 스토리지 등 다양한 최종 시장에서 선도적인 위치를 차지합니다. (일반 지식 기반)","The components included in our products are sourced from various suppliers by us or, more frequently, by our contract manufacturers. Some of the components important to our business, including certain Central Processing Units (“CPUs”) from Intel Corporation (“Intel”) and Advanced Micro Devices, Inc. (“AMD”), network and wireless chips from Broadcom Inc. (“Broadcom”), Marvell Technology Group Ltd. (“Marvell”), Qualcomm Incorporated (“Qualcomm”) and Intel and memory devices from Intel, Micron Technology (“Micron”), ADATA Technology Co., Ltd. (“ADATA”), Toshiba Corporation (“Toshiba”), Samsung Electronics Co., Ltd. (“Samsung”), and Western Digital Technologies, Inc. (“Western Digital”), are available from limited or sole sources of supply.",,OK,문단에서 Fortinet(FTNT) 제품에 필요한 네트워크 및 무선 칩을 Broadcom(AVGO)으로부터 공급받는다고 명시적으로 서술함.
FTNT↔DIS,DEPENDS_ON,"SEC 10-K: Some of the components important to our business, including certain Central Processing Units (“CPUs”",,False,,pending,pending,False,True,0.0,True,pending,pending,False,False,False,,"이 문단은 Fortinet의 10-K 보고서에 포함된 것으로, Fortinet 제품에 사용되는 부품의 조달원과 공급망 의존성에 대해 설명합니다. 이 문단에서는 Fortinet의 중요한 부품 공급업체들이 열거되어 있지만, 월트 디즈니 컴퍼니(The Walt Disney Company, DIS)는 이 목록에 포함되어 있지 않습니다. 주어진 문단과 두 회사 프로필만으로는 Fortinet과 디즈니 간의 구체적인 관계를 파악할 수 없습니다. 문서에는 두 회사 사이에 어떠한 제품 공급, 서비스 이용, 또는 다른 형태의 상업적 연관성에 대한 서술이 전혀 없습니다. 따라서 문서에 기반한 두 회사 간의 관계는 확인되지 않습니다.",target_absent,"Some of the components important to our business, including certain Central Processing Units (“CPUs”) from Intel Corporation (“Intel”) and Advanced Micro Devices, Inc. (“AMD”), network and wireless chips from Broadcom Inc. (“Broadcom”), Marvell Technology Group Ltd. (“Marvell”), Qualcomm Incorporated (“Qualcomm”) and Intel and memory devices from Intel, Micron Technology (“Micron”), ADATA Technology Co., Ltd. (“ADATA”), Toshiba Corporation (“Toshiba”), Samsung Electronics Co., Ltd.",FTNT 10-K FY2025 · Item 1 사업,FTNT는 'our business'로 언급되며 사업에 중요한 부품을 사용하는 주체로 등장. DIS 미등장.,근거 문장에 상대 종목 미등장 — 관계 근거로 불충분,"FTNT: 전 세계적으로 광범위하고 통합된 자동화된 사이버 보안 솔루션을 제공하며, FortiGate 하드웨어 및 소프트웨어 라이선스를 판매합니다.
방화벽, 침입 방지, 멀웨어 방지 등 다양한 보안 및 네트워킹 기능을 제공하며, 통합 사이버 보안 시장의 선두 주자입니다.","DIS: 전 세계적으로 미디어 및 엔터테인먼트 콘텐츠 제작과 배급, 그리고 테마파크, 리조트 사업을 영위합니다.
디즈니+, 마블, 스타워즈, 픽사 등 강력한 브랜드와 지적재산권을 기반으로 글로벌 엔터테인먼트 시장을 선도합니다.","The components included in our products are sourced from various suppliers by us or, more frequently, by our contract manufacturers. Some of the components important to our business, including certain Central Processing Units (“CPUs”) from Intel Corporation (“Intel”) and Advanced Micro Devices, Inc. (“AMD”), network and wireless chips from Broadcom Inc. (“Broadcom”), Marvell Technology Group Ltd. (“Marvell”), Qualcomm Incorporated (“Qualcomm”) and Intel and memory devices from Intel, Micron Technology (“Micron”), ADATA Technology Co., Ltd. (“ADATA”), Toshiba Corporation (“Toshiba”), Samsung Electronics Co., Ltd. (“Samsung”), and Western Digital Technologies, Inc. (“Western Digital”), are available from limited or sole sources of supply.",,DROP,"두 회사는 산업군이 다르며, 문단에서 두 회사 간의 관계를 명시적으로 서술하지 않음."
FTNT↔INTC,DEPENDS_ON,"SEC 10-K: Some of the components important to our business, including certain Central Processing Units (“CPUs”",CPU,True,,pending,pending,False,True,0.9,True,pending,pending,False,False,False,반도체·메모리,"이 문단은 Fortinet의 10-K 보고서에 실려 있으며, Fortinet 제품에 사용되는 핵심 부품의 조달 방식과 주요 공급처를 설명하는 맥락에서 작성되었습니다. Fortinet은 자사 제품에 필요한 부품들을 직접 또는 계약 제조업체를 통해 조달합니다. 이 중요한 부품들 중에는 Intel Corporation(Intel)에서 생산하는 특정 중앙 처리 장치(CPU)뿐만 아니라, 네트워크 및 무선 칩, 그리고 메모리 장치도 포함됩니다. 따라서 Intel은 Fortinet의 사이버 보안 제품을 구성하는 다양한 핵심 반도체 부품을 공급하는 중요한 역할을 합니다. 문서에는 Fortinet이 Intel로부터 공급받는 각 부품의 구체적인 종류나 규모, 또는 Intel이 Fortinet에 의존하는 관계에 대한 서술은 없습니다. Fortinet이 Intel의 직접 고객인지 또는 계약 제조업체를 통해 부품을 조달하는지에 대한 상세 내용은 명시되어 있지 않습니다.",target_absent,"Some of the components important to our business, including certain Central Processing Units (“CPUs”) from Intel Corporation (“Intel”) and Advanced Micro Devices, Inc. (“AMD”), network and wireless chips from Broadcom Inc. (“Broadcom”), Marvell Technology Group Ltd. (“Marvell”), Qualcomm Incorporated (“Qualcomm”) and Intel and memory devices from Intel, Micron Technology (“Micron”), ADATA Technology Co., Ltd. (“ADATA”), Toshiba Corporation (“Toshiba”), Samsung Electronics Co., Ltd.",FTNT 10-K FY2025 · Item 1 사업,"FTNT는 'our business'로 언급되며 사업에 중요한 부품을 사용하는 주체로 등장. INTC는 'Intel Corporation'으로 언급되며 FTNT의 사업에 필요한 CPU, 네트워크 및 무선 칩, 메모리 장치를 공급하는 회사 중 하나로 등장.",근거 문장에 상대 종목 미등장 — 관계 근거로 불충분,"FTNT: 전 세계적으로 광범위하고 통합된 자동화된 사이버 보안 솔루션을 제공하며, FortiGate 하드웨어 및 소프트웨어 라이선스를 판매합니다.
방화벽, 침입 방지, 멀웨어 방지 등 다양한 보안 및 네트워킹 기능을 제공하며, 통합 사이버 보안 시장의 선두 주자입니다.","INTC: 인텔은 중앙 처리 장치(CPU), 칩셋, 시스템 온 칩 등 다양한 컴퓨터 제품과 기술을 설계, 제조 및 판매합니다.
PC 및 서버용 프로세서 시장을 선도하며 데이터 센터, 인공지능 등 광범위한 컴퓨팅 생태계의 핵심 기반을 제공합니다.","The components included in our products are sourced from various suppliers by us or, more frequently, by our contract manufacturers. Some of the components important to our business, including certain Central Processing Units (“CPUs”) from Intel Corporation (“Intel”) and Advanced Micro Devices, Inc. (“AMD”), network and wireless chips from Broadcom Inc. (“Broadcom”), Marvell Technology Group Ltd. (“Marvell”), Qualcomm Incorporated (“Qualcomm”) and Intel and memory devices from Intel, Micron Technology (“Micron”), ADATA Technology Co., Ltd. (“ADATA”), Toshiba Corporation (“Toshiba”), Samsung Electronics Co., Ltd. (“Samsung”), and Western Digital Technologies, Inc. (“Western Digital”), are available from limited or sole sources of supply.",,OK,문단에서 Fortinet(FTNT) 제품에 필요한 CPU를 Intel(INTC)로부터 공급받는다고 명시적으로 서술함.
FTNT↔MU,DEPENDS_ON,"SEC 10-K: Some of the components important to our business, including certain Central Processing Units (“CPUs”",,False,DEPENDS_ON,pending,pending,False,True,0.0,True,noise_self_contradiction,pending,True,False,False,,"이 문단은 Fortinet의 10-K 보고서에 실린 것으로, Fortinet 제품에 사용되는 부품의 조달원과 공급망의 중요성을 설명하는 맥락에서 작성되었습니다. Fortinet은 자사 제품에 필요한 다양한 부품들을 직접 조달하거나, 주로 계약 제조업체를 통해 공급받습니다. 이 중요한 부품들 중에는 Micron Technology(Micron)에서 생산하는 메모리 장치가 포함되어 있습니다. 따라서 Micron은 Fortinet의 사이버 보안 제품에 필수적인 메모리 부품을 제공하는 공급업체 중 하나입니다. 문서에는 Fortinet이 Micron으로부터 공급받는 메모리 장치의 구체적인 종류나 거래 규모, 그리고 Micron이 Fortinet에 의존하는 관계에 대한 서술은 없습니다. Fortinet이 Micron의 직접적인 고객인지 여부도 문서에 언급되어 있지 않습니다.",target_absent,"Some of the components important to our business, including certain Central Processing Units (“CPUs”) from Intel Corporation (“Intel”) and Advanced Micro Devices, Inc. (“AMD”), network and wireless chips from Broadcom Inc. (“Broadcom”), Marvell Technology Group Ltd. (“Marvell”), Qualcomm Incorporated (“Qualcomm”) and Intel and memory devices from Intel, Micron Technology (“Micron”), ADATA Technology Co., Ltd. (“ADATA”), Toshiba Corporation (“Toshiba”), Samsung Electronics Co., Ltd.",FTNT 10-K FY2025 · Item 1 사업,FTNT는 'our business'로 언급되며 사업에 중요한 부품을 사용하는 주체로 등장. MU는 'Micron Technology'로 언급되며 FTNT의 사업에 필요한 메모리 장치를 공급하는 회사 중 하나로 등장.,근거 문장에 상대 종목 미등장 — 관계 근거로 불충분,"FTNT: 전 세계적으로 광범위하고 통합된 자동화된 사이버 보안 솔루션을 제공하며, FortiGate 하드웨어 및 소프트웨어 라이선스를 판매합니다.
방화벽, 침입 방지, 멀웨어 방지 등 다양한 보안 및 네트워킹 기능을 제공하며, 통합 사이버 보안 시장의 선두 주자입니다.","MU: DRAM(동적 랜덤 액세스 메모리), NAND(비휘발성 플래시 메모리), NOR 메모리 등 메모리 및 스토리지 제품을 설계, 제조 및 판매합니다.
컴퓨팅, 네트워킹, 모바일, 스토리지 및 임베디드 시장에 첨단 메모리 솔루션을 제공하는 글로벌 반도체 기업입니다.","The components included in our products are sourced from various suppliers by us or, more frequently, by our contract manufacturers. Some of the components important to our business, including certain Central Processing Units (“CPUs”) from Intel Corporation (“Intel”) and Advanced Micro Devices, Inc. (“AMD”), network and wireless chips from Broadcom Inc. (“Broadcom”), Marvell Technology Group Ltd. (“Marvell”), Qualcomm Incorporated (“Qualcomm”) and Intel and memory devices from Intel, Micron Technology (“Micron”), ADATA Technology Co., Ltd. (“ADATA”), Toshiba Corporation (“Toshiba”), Samsung Electronics Co., Ltd. (“Samsung”), and Western Digital Technologies, Inc. (“Western Digital”), are available from limited or sole sources of supply.",OK,OK,문단에서 Fortinet(FTNT) 제품에 필요한 메모리 장치를 Micron Technology(MU)로부터 공급받는다고 명시적으로 서술함.
FTNT↔QCOM,DEPENDS_ON,"SEC 10-K: Some of the components important to our business, including certain Central Processing Units (“CPUs”",중앙처리장치,True,,pending,pending,False,True,0.6,True,pending,pending,False,False,False,중앙처리장치,"이 문단은 Fortinet의 10-K 보고서에 실린 것으로, Fortinet 제품에 사용되는 핵심 부품의 조달원과 공급망의 중요성을 설명하는 맥락에서 작성되었습니다. Fortinet은 자사 제품에 필요한 다양한 부품들을 직접 조달하거나, 주로 계약 제조업체를 통해 공급받습니다. 이 중요한 부품들 중에는 Qualcomm Incorporated(Qualcomm)에서 생산하는 네트워크 및 무선 칩이 포함되어 있습니다. 따라서 Qualcomm은 Fortinet의 사이버 보안 제품에 필수적인 통신 관련 반도체 부품을 제공하는 공급업체 중 하나입니다. 문서에는 Fortinet이 Qualcomm으로부터 공급받는 칩의 구체적인 종류나 거래 규모, 그리고 Qualcomm이 Fortinet에 의존하는 관계에 대한 서술은 없습니다. Fortinet이 Qualcomm의 직접적인 고객인지 여부도 문서에 언급되어 있지 않습니다.",target_absent,"Some of the components important to our business, including certain Central Processing Units (“CPUs”) from Intel Corporation (“Intel”) and Advanced Micro Devices, Inc. (“AMD”), network and wireless chips from Broadcom Inc. (“Broadcom”), Marvell Technology Group Ltd. (“Marvell”), Qualcomm Incorporated (“Qualcomm”) and Intel and memory devices from Intel, Micron Technology (“Micron”), ADATA Technology Co., Ltd. (“ADATA”), Toshiba Corporation (“Toshiba”), Samsung Electronics Co., Ltd.",FTNT 10-K FY2025 · Item 1 사업,FTNT는 'our business'로 언급되며 사업에 중요한 부품을 사용하는 주체로 등장. QCOM은 'Qualcomm Incorporated'로 언급되며 FTNT의 사업에 필요한 네트워크 및 무선 칩을 공급하는 회사 중 하나로 등장.,근거 문장에 상대 종목 미등장 — 관계 근거로 불충분,"FTNT: 전 세계적으로 광범위하고 통합된 자동화된 사이버 보안 솔루션을 제공하며, FortiGate 하드웨어 및 소프트웨어 라이선스를 판매합니다.
방화벽, 침입 방지, 멀웨어 방지 등 다양한 보안 및 네트워킹 기능을 제공하며, 통합 사이버 보안 시장의 선두 주자입니다.","QCOM: 3G/4G/5G 및 기타 무선 통신 기술 기반의 집적 회로, 시스템 소프트웨어 개발 및 공급, 그리고 기술 라이선스를 전 세계적으로 제공합니다.
모바일 통신용 반도체(칩셋) 및 무선 기술 라이선싱 시장의 글로벌 선두 주자입니다.","The components included in our products are sourced from various suppliers by us or, more frequently, by our contract manufacturers. Some of the components important to our business, including certain Central Processing Units (“CPUs”) from Intel Corporation (“Intel”) and Advanced Micro Devices, Inc. (“AMD”), network and wireless chips from Broadcom Inc. (“Broadcom”), Marvell Technology Group Ltd. (“Marvell”), Qualcomm Incorporated (“Qualcomm”) and Intel and memory devices from Intel, Micron Technology (“Micron”), ADATA Technology Co., Ltd. (“ADATA”), Toshiba Corporation (“Toshiba”), Samsung Electronics Co., Ltd. (“Samsung”), and Western Digital Technologies, Inc. (“Western Digital”), are available from limited or sole sources of supply.",,OK,문단에서 Fortinet(FTNT) 제품에 필요한 네트워크 및 무선 칩을 Qualcomm(QCOM)으로부터 공급받는다고 명시적으로 서술함.
GDDY↔META,DEPENDS_ON,SEC 10-K: Our customers and their businesses rely heavily on tools and solutions that help them manage and gro,,False,COMPETES_WITH,pending,pending,False,True,0.1,True,pending,pending,False,False,False,,"이 문단은 GoDaddy의 10-K 보고서에 수록된 것으로, 고객의 온라인 존재 관리 및 성장을 돕는 도구와 솔루션에 대한 의존도를 설명하며, 특히 소셜 미디어 채널의 중요성과 GoDaddy 서비스와의 상호 운용성에 대한 맥락에서 작성되었습니다. GoDaddy의 고객들은 자신들의 온라인 존재를 관리하고 성장시키기 위해 Meta와 같은 소셜 미디어 채널을 많이 활용합니다. 이처럼 소셜 미디어 채널에 대한 의존도가 증가함에 따라, 도메인 이름, 웹사이트 등 GoDaddy의 주요 서비스 가치가 하락할 수 있다는 우려를 표합니다. 또한, GoDaddy는 자사 제품이 Meta를 포함한 이러한 채널, 애플리케이션 및 모바일 장치와의 상호 운용성에 의존하고 있으며, 효과적으로 통합하지 못할 경우 시장 점유율을 잃을 수 있다고 언급합니다. 이 문단에서는 GoDaddy와 Meta 간의 직접적인 상업적 거래나 파트너십에 대한 서술은 없습니다.",target_absent|truncated,"If internet users' preferences or practices shift away from recognizing and relying on web addresses or they were to significantly decrease their use of web browsers in favor of apps or AI-based tools to locate and access content, demand for domain names in the gTLDs we operate could be negatively affected.
26
Table of Contents
Our customers and their businesses rely heavily on tools and solutions that help them manage and grow their Presence, including dedicated websites, online stores and social media channels, such as Meta, TikTok, Snapchat, X and WeChat. As reliance on social media channels, applications and AI-powered tools increases, domain names, websites and online stores and marketplaces may become less prominent, and their value may decline.",GDDY 10-K FY2025 · Item 1A 위험,GDDY는 'Our customers'의 주체로 언급되며 고객들이 Meta와 같은 소셜 미디어 채널을 사용한다고 서술. META는 'Meta'로 언급되며 GDDY 고객들이 존재감 관리 및 성장을 위해 사용하는 소셜 미디어 채널 중 하나로 등장.,근거 문장에 상대 종목 미등장 — 관계 근거로 불충분,"GDDY: 클라우드 기반 기술 제품을 설계 및 개발하며, 도메인 이름 등록 및 웹사이트 호스팅 서비스를 제공합니다.
웹사이트 분석, SSL 인증서 등 다양한 솔루션을 제공하며, 중소기업을 위한 온라인 존재 구축 시장의 주요 플랫폼 제공업체입니다.","META: 모바일 장치, 개인용 컴퓨터 및 기타 플랫폼을 통해 사람들이 친구 및 가족과 연결하고 공유할 수 있는 제품을 개발합니다.
페이스북, 인스타그램, 왓츠앱 등 세계 최대 소셜 미디어 플랫폼을 운영하며 메타버스 기술을 선도합니다.","Our customers and their businesses rely heavily on tools and solutions that help them manage and grow their Presence, including dedicated websites, online stores and social media channels, such as Meta, TikTok, Snapchat, X and WeChat. As reliance on social media channels, applications and AI-powered tools increases, domain names, websites and online stores and marketplaces may become less prominent, and their value may decline. In addition, we are dependent on the interoperability of our products with these channels, applications and mobile devices. If we are unable to effectively integrate our solutions with and within these channels and applications or on these devices, we may lose market share.",,OK,"문단에서 GoDaddy(GDDY)의 고객들이 Meta와 같은 소셜 미디어 채널에 의존하며, GoDaddy 제품의 이러한 채널과의 상호 운용성이 중요하다고 명시적으로 서술함."
GDDY↔MSFT,DEPENDS_ON,"SEC 10-K: We rely on certain relationships with partners to offer and support key products and services, some ",,True,,pending,pending,False,True,0.3,True,pending,pending,False,False,False,,"GoDaddy는 핵심 제품과 서비스를 제공하고 지원하기 위해 파트너와의 관계를 설명하는 맥락에서 이 문단을 작성했습니다. GoDaddy는 고객에게 이메일 및 관련 생산성 도구를 제공하기 위해 Microsoft Corporation과 파트너 관계를 맺고 있습니다. 이 파트너십을 통해 GoDaddy는 Microsoft 365의 서비스를 활용하여 이메일 솔루션을 제공합니다. Microsoft는 GoDaddy의 이메일 서비스 제공에 있어 중요한 공급자 역할을 하며, GoDaddy의 이메일 서비스 제공 능력은 Microsoft와의 파트너십에 크게 의존합니다. GoDaddy의 이메일 서비스는 많은 고객의 생산성과 일상 운영에 필수적인 핵심 구성 요소로 설명됩니다. 문서에는 두 회사 간의 구체적인 상업적 조건이나 파트너십 계약의 상세 내용은 서술되어 있지 않습니다.",target_absent|truncated,"We rely on certain relationships with partners to offer and support key products and services, some of whom create integrations with our products, including Microsoft Corporation, a critical provider of email and related productivity tools through Microsoft 365, and others that create integrations with third-party applications and platforms used by our customers, such as advanced email security provided by ProofPoint, Inc., email backup and migration services provided by SkyKick and email archiving services provided by Barracuda. Our email offerings are a core component of many customers' productivity and daily operations and our ability to provide these services at scale depends, in significant part, on the continued availability, functionality and commercial terms of our partnerships, including with Microsoft and other email providers.",GDDY 10-K FY2025 · Item 1 사업,GDDY는 'We' 및 'Our email offerings'로 언급되며 파트너십에 의존하여 핵심 제품 및 서비스를 제공하고 이메일 서비스를 제공하는 주체로 등장. MSFT는 'Microsoft Corporation'으로 언급되며 GDDY의 핵심 제품 및 서비스를 지원하는 파트너이자 Microsoft 365를 통해 이메일 및 생산성 도구를 제공하는 주체로 등장.,근거 문장에 상대 종목 미등장 — 관계 근거로 불충분,"GDDY: 클라우드 기반 기술 제품을 설계 및 개발하며, 도메인 이름 등록 및 웹사이트 호스팅 서비스를 제공합니다.
웹사이트 분석, SSL 인증서 등 다양한 솔루션을 제공하며, 중소기업을 위한 온라인 존재 구축 시장의 주요 플랫폼 제공업체입니다.","MSFT: 소프트웨어, 서비스, 장치 및 솔루션을 개발하고 지원합니다.
Windows 운영체제, Office 생산성 소프트웨어, Azure 클라우드 서비스 등을 제공하는 글로벌 기술 기업입니다.","We rely on certain relationships with partners to offer and support key products and services, some of whom create integrations with our products, including Microsoft Corporation, a critical provider of email and related productivity tools through Microsoft 365, and others that create integrations with third-party applications and platforms used by our customers, such as advanced email security provided by ProofPoint, Inc., email backup and migration services provided by SkyKick and email archiving services provided by Barracuda. Our email offerings are a core component of many customers' productivity and daily operations and our ability to provide these services at scale depends, in significant part, on the continued availability, functionality and commercial terms of our partnerships, including with Microsoft and other email providers. We also maintain partnerships to help provide other core services to our customers, including with Norton Small Business, a provider of device security, cloud backup and other security tools, LegalZoom.com, Inc. and ZenBusiness, Inc., providers of business formation services, and with other providers that assist our customers with e-signatures, insurance and bookkeeping. We also work to make certain of our products interoperable with services such as Yelp, Google, Amazon, WhatsApp and Instagram and, we provide various payment options for customers, including through our partnerships and technical integrations with providers such as PayPal, Stripe, Block and Mercado Libre.",,OK,문단에서 GoDaddy가 Microsoft 365를 통해 이메일 및 관련 생산성 도구를 제공하는 핵심 파트너로 Microsoft에 의존하고 있다고 명시적으로 서술하고 있습니다.
GPN↔USB,DEPENDS_ON,"SEC 10-K: Elavon, Inc., a subsidiary of U.S. Bancorp",금융 서비스,False,COMPETES_WITH,pending,pending,True,True,0.3,True,pending,pending,False,True,False,금융·결제·거래소,"Global Payments는 자사의 가맹점 솔루션 부문이 경쟁하는 시장 환경과 주요 경쟁사들을 설명하는 맥락에서 이 문단을 작성했습니다. Global Payments의 가맹점 솔루션 부문은 U.S. Bancorp의 자회사인 Elavon, Inc.와 경쟁 관계에 있습니다. Elavon, Inc.는 Global Payments와 마찬가지로 기업에 가맹점 인수, 사업 관리 소프트웨어 및 관련 서비스를 제공하는 금융 기관 중 하나입니다. 따라서 Global Payments는 가맹점 솔루션 시장에서 U.S. Bancorp의 한 부문과 경쟁합니다. 문서에는 Global Payments와 U.S. Bancorp (또는 그 자회사) 사이에 경쟁 관계 외의 다른 사업적 협력이나 상호 작용에 대해서는 서술되어 있지 않습니다.",indirect|list|truncated,"(""Fiserv""), Chase Paymentech Solutions, LLC, Elavon, Inc., a subsidiary of U.S. Bancorp, Bank of America Merchant Services, Wells Fargo Merchant Services, Toast, Inc., Stripe, Inc. (""Stripe""), Shopify Inc.",GPN 10-K FY2025 · Item 1 사업,"GPN 미등장. USB는 'U.S. Bancorp'로 언급되며 Elavon, Inc.의 모회사로 등장.",,"GPN: 아메리카, 유럽, 아시아 태평양 지역에서 카드, 전자, 수표 및 디지털 기반 결제를 위한 기술 및 소프트웨어 솔루션을 제공합니다.
가맹점 솔루션, 발행사 솔루션, 비즈니스 및 소비자 솔루션을 통해 전 세계 결제 기술 및 금융 서비스 시장의 주요 플레이어입니다.","USB: 미국에서 개인, 기업, 기관 고객에게 다양한 예금, 대출, 신용카드 등 금융 서비스를 제공하는 지주회사입니다.
미국 내 주요 지역 은행 중 하나로, 폭넓은 금융 서비스 포트폴리오를 보유하고 있습니다.","Our Merchant Solutions segment competes with financial institutions, merchant acquirers and other financial technology companies that provide businesses with merchant acquiring, business management software and related services. In the United States, we compete with a large number of providers, including but not limited to Fiserv, Inc. (""Fiserv""), Chase Paymentech Solutions, LLC, Elavon, Inc., a subsidiary of U.S. Bancorp, Bank of America Merchant Services, Wells Fargo Merchant Services, Toast, Inc., Stripe, Inc. (""Stripe""), Shopify Inc. and Block Inc. (""Block""). While these are our primary competitors in the merchant acquiring space, our vertically focused businesses in the United States compete with numerous other providers in their respective verticals.",,OK,"문단에서 GPN이 U.S. Bancorp의 자회사인 Elavon, Inc.와 경쟁한다고 명시적으로 서술하고 있습니다."
GS↔GS,DEPENDS_ON,SEC 10-K: Goldman Sachs Asset Management BV is subject to similar requirements as a management company license,자산 관리,False,,pending,pending,True,True,0.7,True,pending,pending,False,False,False,자산 관리,"골드만삭스는 유럽 자회사들이 MiFID II 및 관련 규제를 준수해야 하는 맥락에서 이 문단을 작성했습니다. 이 문단은 골드만삭스 그룹 내의 여러 자회사와 사업 부문 간의 내부적인 관계를 설명합니다. 유럽 자회사인 GSBE와 GSAMI는 MiFID II 규제를 받으며, Goldman Sachs Asset Management BV는 UCITS 및 AIFM 지침에 따라 인가된 관리 회사로서 유사한 규제 요건을 충족합니다. 골드만삭스의 유럽 및 영국 자산 관리 사업은 그룹 내 다른 계열사에게 활동의 일부를 위임하는 능력에 크게 의존합니다. 따라서 이 문단은 단일 회사(골드만삭스)의 다른 법인 또는 사업부 간의 내부 의존 관계를 보여줍니다. 골드만삭스라는 단일 회사 내의 관계이므로, 외부 회사와의 관계에 대한 서술은 문서에 없습니다.",truncated,Goldman Sachs Asset Management BV is subject to similar requirements as a management company licensed under the E.U. Undertakings for Collective Investment in Transferable Securities (UCITS) Directive and the E.U. Alternative Investment Fund Managers (AIFM) Directive with additional authorizations for certain activities regulated under MiFID II. Our asset management business in the E.U.,GS 10-K FY2025 · Item 7 MD&A,"GS는 'Goldman Sachs Asset Management BV'와 'Our asset management business in the E.U.'로 언급되며, 각각 EU 규제 요건을 따르는 운용사 및 EU 내 자산 관리 사업의 주체로 등장.",,"GS: 골드만삭스는 기업, 금융기관, 정부 및 개인에게 투자 은행, 글로벌 마켓, 자산 관리 등의 광범위한 금융 서비스를 제공합니다.
전 세계적으로 금융 자문, 자산 운용 및 거래 시장 분야에서 핵심적인 역할을 하는 선도적인 글로벌 금융 기관입니다.","GS: 골드만삭스는 기업, 금융기관, 정부 및 개인에게 투자 은행, 글로벌 마켓, 자산 관리 등의 광범위한 금융 서비스를 제공합니다.
전 세계적으로 금융 자문, 자산 운용 및 거래 시장 분야에서 핵심적인 역할을 하는 선도적인 글로벌 금융 기관입니다.","Certain of our European subsidiaries, including GSBE in the E.U. and GSAMI in the U.K., are subject to MiFID II and/or related regulations (including the U.K. legislation making such regulations part of U.K. law), which govern the approval, organizational, marketing and reporting requirements of E.U. or U.K.-based investment managers and the ability of investment fund managers located outside the E.U. or the U.K. to access those markets. Goldman Sachs Asset Management BV is subject to similar requirements as a management company licensed under the E.U. Undertakings for Collective Investment in Transferable Securities (UCITS) Directive and the E.U. Alternative Investment Fund Managers (AIFM) Directive with additional authorizations for certain activities regulated under MiFID II. Our asset management business in the E.U. and the U.K. significantly depends on our ability to delegate parts of our activities to other affiliates.",,DROP,"문단은 Goldman Sachs의 유럽 자회사 및 계열사 간의 내부 운영 및 규제 준수에 대한 설명으로, 두 개의 별개 회사 간의 관계를 서술하지 않습니다."
HWM↔AEE,DEPENDS_ON,SEC 10-K: Arconic Architectural Products SAS (“AAP SAS”) (now a subsidiary of Arconic Corporation) supplied Re,건축 제품,False,SUPPLIES_TO,pending,pending,True,True,0.0,True,pending,pending,False,False,False,건축 제품,"이 문단은 Arconic Architectural Products SAS (이하 AAP SAS)와 관련된 규제 조사 및 공공 조사의 맥락에서 작성되었습니다. 이는 그렌펠 타워 화재와 관련된 과거 제품 공급 및 법적 절차에 대한 설명을 포함합니다. 문단은 AAP SAS가 그렌펠 타워의 외장 시스템 구성 요소인 Reynobond PE를 고객에게 공급한 사실을 언급합니다. 이후 그렌펠 타워 화재에 대한 규제 조사 및 공공 조사가 진행 중이며, AAP SAS가 이 과정에 참여하고 있음을 밝힙니다. Howmet Aerospace (HWM)와 Ameren Corporation (AEE) 사이의 제품, 시장, 거래 또는 법적 관계에 대해서는 이 문서에 전혀 서술되어 있지 않습니다. 이 문단에서 Howmet Aerospace 또는 Ameren Corporation에 대한 어떠한 직접적인 언급도 없습니다.",truncated,"on June 14, 2017 (“Grenfell Fire”), including the following: 
(i) 
Regulatory Investigations
.
 Arconic Architectural Products SAS (“AAP SAS”) (now a subsidiary of Arconic Corporation) supplied Reynobond PE to its customer who used the product as one component of the overall cladding system on Grenfell Tower. Regulatory Investigations into the overall Grenfell Fire are being conducted, including a criminal investigation by the London Metropolitan Police Service and a Public Inquiry by the British government (regarding which AAP SAS is a participant) (together, the “U.K.",HWM 10-K FY2025 · Item 1 사업,HWM 미등장. AEE 미등장.,,"HWM: 하우멧 에어로스페이스는 항공우주 및 운송 산업을 위한 엔진 부품, 체결 시스템, 단조 휠 등 정교한 엔지니어링 솔루션을 제공합니다.
항공기 엔진, 구조물 및 운송용 부품 시장에서 첨단 소재 및 제조 기술을 활용하는 선도적인 기업입니다.","AEE: 아메렌 코퍼레이션은 미국에서 규제 대상 전기 발전, 송전, 배전 및 천연가스 배전 사업을 운영하는 공공 유틸리티 지주회사입니다.
미주리주와 일리노이주에서 전력 및 천연가스 서비스를 제공하며, 다양한 발전원을 활용하고 있습니다.","Arconic Architectural Products SAS (“AAP SAS”) (now a subsidiary of Arconic Corporation) supplied Reynobond PE to its customer who used the product as one component of the overall cladding system on Grenfell Tower. Regulatory Investigations into the overall Grenfell Fire are being conducted, including a criminal investigation by the London Metropolitan Police Service and a Public Inquiry by the British government (regarding which AAP SAS is a participant) (together, the “U.K. Proceedings”). On September 4, 2024, the Public Inquiry published its Phase 2 report on the Grenfell fire. (ii)",,DROP,"문단은 Arconic Corporation의 자회사가 제품을 공급한 사건에 대해 서술하며, AEE(Ameren Corp)는 전혀 언급되지 않았고 두 회사의 산업군이 서로 다릅니다."
NVR↔NVR,DEPENDS_ON,"SEC 10-K: Because NVRM originates mortgage loans exclusively for our homebuilding customers, NVRM is dependent",모기지 대출,True,,auto_candidate,pending,True,True,1.0,True,auto_candidate,pending,False,False,False,모기지 대출,"NVR은 자사의 주택담보대출 관련 서비스와 주택 건설 사업 간의 내부적인 관계를 설명하는 맥락에서 이 문단을 작성했습니다. 이 문단은 NVR이라는 단일 회사 내의 여러 사업 부문 또는 자회사 간의 관계를 설명합니다. NVR은 자사의 주택 건설 고객에게 주택담보대출 관련 서비스를 제공하며, 이를 위해 NVRM이라는 주택담보대출 사업 부문을 운영합니다. NVRM은 NVR의 주택 건설 고객만을 대상으로 주택담보대출을 취급하므로, NVR의 주택 건설 부문에 의존적인 관계를 가집니다. NVR의 주택담보대출 사업은 소유권 보험 중개 및 소유권 검색을 수행하는 별도의 자회사를 포함합니다. NVR과 외부의 다른 회사 간의 관계에 대한 서술은 문서에 없습니다.",truncated,"Because NVRM originates mortgage loans exclusively for our homebuilding customers, NVRM is dependent on our homebuilding segment. In 2025, NVRM closed approximately 16,400 loans with an aggregate principal amount of approximately $6.0 billion as compared to approximately 17,300 loans with an aggregate principal amount of approximately $6.3 billion in 2024.",NVR 10-K FY2025 · Item 7 MD&A,symbol_a는 NVRM의 모회사이자 주택 건설 사업부를 포함하는 회사이다. symbol_b는 NVRM의 모회사이자 주택 건설 사업부를 포함하는 회사이다.,,"NVR: 미국에서 단독 주택, 타운홈, 콘도미니엄 건설 및 판매를 주요 사업으로 하며, 주택담보대출 관련 서비스도 제공합니다.
미국의 주택 건설 시장에서 여러 브랜드를 통해 다양한 구매자층을 대상으로 활동하고 있습니다.","NVR: 미국에서 단독 주택, 타운홈, 콘도미니엄 건설 및 판매를 주요 사업으로 하며, 주택담보대출 관련 서비스도 제공합니다.
미국의 주택 건설 시장에서 여러 브랜드를 통해 다양한 구매자층을 대상으로 활동하고 있습니다.","We provide a number of mortgage related services to our homebuilding customers through our mortgage banking operations. Our mortgage banking operations also include separate subsidiaries that broker title insurance and perform title searches for which they receive commissions and fees. Because NVRM originates mortgage loans exclusively for our homebuilding customers, NVRM is dependent on our homebuilding segment. In 2025, NVRM closed approximately 16,400 loans with an aggregate principal amount of approximately $6.0 billion as compared to approximately 17,300 loans with an aggregate principal amount of approximately $6.3 billion in 2024. NVRM’s mortgage loans in process that had not closed had an aggregate principal balance of approximately $2.1 billion as of December 31, 2025 compared to approximately $2.9 billion as of December 31, 2024.",,DROP,"문단은 NVR의 주택담보대출 부문이 주택 건설 부문에 의존하는 등 NVR의 내부 사업 부문 간의 관계를 서술하고 있어, 두 개의 별개 회사 간의 관계가 아닙니다."
NWSA↔AMZN,DEPENDS_ON,"SEC 10-K: For example, the Company relies on Amazon Web Services to supply cloud-based services used in many o",클라우드 서비스,True,,auto_candidate,pending,True,True,1.0,True,auto_candidate,pending,False,False,False,클라우드·엔터프라이즈SW,"News Corp는 자사 사업 활동에 필요한 특정 제품, 서비스, 데이터 및 정보를 외부 공급업체에 의존하는 맥락에서 이 문단을 작성했습니다. News Corp는 자사의 다양한 사업 활동에 필요한 클라우드 기반 서비스를 Amazon Web Services (AWS)에 의존하고 있습니다. AWS는 News Corp의 비즈니스 활동 전반에 걸쳐 사용되는 클라우드 서비스를 공급하는 외부 공급업체입니다. 따라서 Amazon은 News Corp에 중요한 IT 인프라 서비스를 제공하는 공급자이며, News Corp의 사업은 AWS의 서비스 가용성에 의존합니다. 문서에는 Amazon의 다른 사업 부문(예: 전자상거래, 디지털 스트리밍)이 News Corp와 직접적으로 얽히는 관계에 대해서는 서술되어 있지 않습니다.",indirect|truncated,"For example, the Company relies on Amazon Web Services to supply cloud-based services used in many of the Company’s business activities and Google to provide workspace and other enterprise services. The Company also obtains significant data and information through contractual arrangements with content suppliers, some of which may be competitors.",NWSA 10-K FY2025 · Item 1A 위험,symbol_a는 아마존 웹 서비스의 클라우드 기반 서비스를 이용하는 회사이다. symbol_b는 회사에 클라우드 기반 서비스를 공급하는 Amazon Web Services의 모회사이다.,,"NWSA: 미디어 및 정보 서비스 회사로, '월스트리트저널', '배런스' 등 권위 있는 콘텐츠와 데이터 제품을 전 세계에 유통합니다.
디지털 부동산 서비스, 구독형 비디오, 뉴스 미디어, 도서 출판 등 다양한 미디어 및 정보 서비스 시장에서 운영됩니다.","AMZN: 아마존은 전자상거래, 클라우드 컴퓨팅(AWS), 디지털 스트리밍, 인공지능 등 다양한 사업을 영위합니다.
세계 최대의 온라인 소매업체이자 클라우드 서비스 제공업체로서 글로벌 시장에서 독보적인 위치를 차지합니다. (일반 지식 기반)","The Company’s businesses depend on a single or limited number of third-party suppliers for certain products, services, data and information. For example, the Company relies on Amazon Web Services to supply cloud-based services used in many of the Company’s business activities and Google to provide workspace and other enterprise services. The Company also obtains significant data and information through contractual arrangements with content suppliers, some of which may be competitors.",,OK,문단에서 News Corp(NWSA)가 자사의 많은 사업 활동에서 클라우드 기반 서비스를 공급하기 위해 Amazon Web Services(AMZN의 자회사)에 의존하고 있다고 명시적으로 서술하고 있습니다.
NWSA↔GOOGL,DEPENDS_ON,SEC 10-K: and Google to provide workspace and other enterprise services.,기업용 솔루션,True,,auto_candidate,pending,True,True,0.9,True,auto_candidate,pending,False,False,False,기타,"News Corp는 자사 사업 활동에 필요한 특정 제품, 서비스, 데이터 및 정보를 외부 공급업체에 의존하는 맥락에서 이 문단을 작성했습니다. News Corp는 자사의 사업 활동에 필요한 작업 공간(workspace) 및 기타 엔터프라이즈 서비스를 Google로부터 제공받고 있습니다. Google은 News Corp에 이러한 서비스를 공급하는 외부 공급업체입니다. News Corp는 특정 제품, 서비스, 데이터 및 정보를 위해 소수의 외부 공급업체에 의존하고 있으며, Google은 이 중 하나입니다. 문서에는 Google이 News Corp에 제공하는 구체적인 'other enterprise services'의 상세 내용은 서술되어 있지 않습니다. 또한 두 회사 간의 경쟁 관계나 다른 유형의 사업적 협력에 대한 내용은 언급되지 않았습니다.",indirect,"For example, the Company relies on Amazon Web Services to supply cloud-based services used in many of the Company’s business activities and Google to provide workspace and other enterprise services. The Company also obtains significant data and information through contractual arrangements with content suppliers, some of which may be competitors.",NWSA 10-K FY2025 · Item 1A 위험,symbol_a는 구글의 작업 공간 및 기업 서비스를 이용하는 회사이다. symbol_b는 회사에 작업 공간 및 기타 기업 서비스를 제공하는 구글이다.,,"NWSA: 미디어 및 정보 서비스 회사로, '월스트리트저널', '배런스' 등 권위 있는 콘텐츠와 데이터 제품을 전 세계에 유통합니다.
디지털 부동산 서비스, 구독형 비디오, 뉴스 미디어, 도서 출판 등 다양한 미디어 및 정보 서비스 시장에서 운영됩니다.","GOOGL: Google의 모회사로, 온라인 광고, 클라우드 컴퓨팅, 가전제품 및 인공지능을 포함한 다양한 기술 분야에서 사업을 운영합니다.
세계에서 가장 큰 기술 기업 중 하나로, 혁신적인 제품과 서비스를 통해 글로벌 기술 및 인터넷 서비스 시장을 선도합니다.","The Company’s businesses depend on a single or limited number of third-party suppliers for certain products, services, data and information. For example, the Company relies on Amazon Web Services to supply cloud-based services used in many of the Company’s business activities and Google to provide workspace and other enterprise services. The Company also obtains significant data and information through contractual arrangements with content suppliers, some of which may be competitors.",,OK,문단에서 News Corp(NWSA)가 작업 공간 및 기타 엔터프라이즈 서비스를 제공하기 위해 Google(GOOGL의 주요 사업부)에 의존하고 있다고 명시적으로 서술하고 있습니다.
ORCL↔CVX,DEPENDS_ON,"SEC 10-K: For example, following our acquisition of Cerner Corporation, we also face competition from large he",,False,COMPETES_WITH,pending,pending,True,False,0.0,True,pending,pending,False,False,False,,"Oracle은 자사의 엔터프라이즈 클라우드, 소프트웨어 및 하드웨어 제품이 경쟁하는 시장 환경과 주요 경쟁사들을 설명하는 맥락에서 이 문단을 작성했습니다. 이 문단은 Oracle의 경쟁사들을 나열하고 시장 경쟁 상황을 설명하는 내용으로 구성되어 있습니다. Oracle이 나열한 경쟁사들은 주로 기술 및 IT 솔루션 제공업체들입니다. 이 문단에는 Chevron (CVX)에 대한 언급이 전혀 없습니다. 따라서 Oracle과 Chevron (CVX) 간의 제품, 시장, 거래 또는 다른 유형의 사업적 관계에 대해서는 이 문서에 전혀 서술되어 있지 않습니다.",m&a|truncated,"For example, following our acquisition of Cerner Corporation, we also face competition from large healthcare IT providers such as Allscripts Healthcare Solutions, Inc., Arcadia Solutions, athenahealth, Inc., Epic Systems Corporation and InterSystems Corporation, among others. Moreover, we or our competitors may take certain strategic actions—including acquisitions, partnerships and joint ventures or repositioning of product lines—which invite even greater competition in one or more product offering categories.
 

11

Table of Contents

 
 

Key competitive factors in each of the segments in which we currently compete and may compete in the future include: total cost of ownership, performance, scalability, reliability, security, functionality, efficiency, ease of use, speed to production and quality of technical support.",ORCL 10-K FY2026 · Item 7 MD&A,"symbol_a는 Cerner Corporation을 인수한 회사이며, 경쟁에 직면해 있는 주체이다. symbol_b 미등장.",,"ORCL: 전 세계 기업 고객을 대상으로 클라우드 기반 ERP, EPM, SCM, HCM 등 다양한 소프트웨어 서비스(SaaS)와 산업별 솔루션을 제공합니다.
글로벌 엔터프라이즈 소프트웨어 및 클라우드 인프라(IaaS, PaaS) 시장의 주요 선두 기업 중 하나입니다.","CVX: 전 세계적으로 원유 및 천연가스 탐사, 개발, 생산, 운송 등 통합 에너지 사업을 영위합니다.
업스트림(탐사 및 생산)과 다운스트림(정제 및 판매) 부문을 통해 석유화학 제품 제조 및 마케팅도 수행하는 주요 에너지 기업입니다.","Our customers are demanding less complexity, more cost-effective and higher performance and availability in the implementation, sourcing, integration and ongoing maintenance of their IT environments. Our enterprise cloud, software and hardware offerings compete directly with certain offerings from some of the largest and most competitive companies in the world, including Adobe Systems Incorporated, Alphabet Inc., Amazon.com, Inc., Cisco Systems, Inc., Intel Corporation, International Business Machines Corporation, Microsoft Corporation, Salesforce, Inc. and SAP SE, as well as other companies like Hewlett-Packard Enterprise and Workday, Inc. In addition, due to the low barriers to entry in many of our market segments, new technologies and new and growing competitors frequently emerge to challenge our offerings. Our competitors range from companies offering broad IT solutions across many of our lines of business to vendors providing point solutions, or offerings focused on a specific functionality, product area or industry. In addition, as we expand into new market segments, we face increased competition as we compete with existing competitors, as well as firms that may be partners in other areas of our business and other firms with whom we have not previously competed. For example, following our acquisition of Cerner Corporation, we also face competition from large healthcare IT providers such as Allscripts Healthcare Solutions, Inc., Arcadia Solutions, athenahealth, Inc., Epic Systems Corporation and InterSystems Corporation, among others. Moreover, we or our competitors may take certain strategic actions—including acquisitions, partnerships and joint ventures or repositioning of product lines—which invite even greater competition in one or more product offering categories.",,DROP,"문단에서 Chevron(CVX)은 전혀 언급되지 않았고, 두 회사는 소프트웨어/클라우드와 에너지 산업으로 서로 다른 산업군에 속합니다."
PCAR↔CMI,DEPENDS_ON,"SEC 10-K: A loss of supply from Cummins, Eaton, ZF or Magna, and the resulting interruption in the production ",엔진,True,,auto_candidate,pending,True,True,0.95,True,auto_candidate,pending,False,True,False,자동차·부품·산업재,"이 문단은 PACCAR가 트럭 생산에 필요한 주요 부품 조달 전략과 공급망 위험을 설명하는 맥락에서 작성되었습니다. PACCAR는 'Kenworth'와 'Peterbilt' 브랜드를 통해 상업용 트럭을 제조하며, 이 트럭에 필요한 엔진 중 자체 생산하지 않는 부분은 Cummins로부터 구매합니다. 구체적으로, PACCAR는 미국 및 캐나다에서 판매되는 Kenworth 및 Peterbilt 대형 트럭의 약 29%에 자체 엔진을 사용하고, 나머지 엔진을 Cummins Inc.로부터 조달합니다. 양사는 공급의 연속성을 보장하기 위해 장기 계약을 체결하고 있으며, Cummins로부터의 공급 중단은 PACCAR의 사업 결과에 중대한 영향을 미칠 수 있다고 명시되어 있습니다. 문서에는 PACCAR가 Cummins에게 엔진 외 다른 제품을 공급받는다는 서술은 없습니다. 또한, Cummins가 PACCAR 외 다른 회사에 엔진을 공급하는지에 대한 내용은 문서에 없습니다.",list|truncated,"A loss of supply from Cummins, Eaton, ZF or Magna, and the resulting interruption in the production of trucks, would have a material effect on the Company’s results. Purchased materials and parts include raw materials, partially processed materials, such as castings, and finished components manufactured by independent suppliers.",PCAR 10-K FY2025 · Item 1 사업,symbol_a는 Cummins의 공급 중단으로 영향을 받을 수 있는 회사이다. symbol_b는 회사에 부품을 공급하는 주체 중 하나이다.,,"PCAR: 'Kenworth', 'Peterbilt', 'DAF' 브랜드를 통해 경/중/대형 상업용 트럭을 설계, 제조, 유통하며 부품 및 금융 서비스도 제공합니다.
북미, 유럽 등 전 세계 상업용 트럭 제조 및 유통 시장에서 주요 글로벌 플레이어입니다.","CMI: 디젤 및 천연가스 엔진, 전기 및 하이브리드 파워트레인과 관련 부품을 설계, 제조, 유통 및 서비스합니다.
상용차, 건설, 광업, 해양 등 다양한 산업 분야에서 동력 솔루션을 제공하는 글로벌 선두 기업입니다.",", such as engines, transmissions and axles, as well as a substantial percentage of other components, are purchased from component manufacturers pursuant to PACCAR and customer specifications. DAF, which is more vertically integrated, manufactures PACCAR engines and axles and a higher percentage of other components for its heavy truck models. The Company also manufactures engines at its Columbus, Mississippi facility. In 2025, the Company installed PACCAR engines in approximately 29% of the Company’s Kenworth and Peterbilt heavy-duty trucks in the U.S. and Canada and substantially all of the DAF heavy-duty trucks sold throughout the world. Engines not manufactured by the Company are purchased from Cummins Inc. (Cummins). The Company purchased a significant portion of its transmissions from Eaton Corporation Plc. (Eaton) and ZF Friedrichshafen AG (ZF). The Company also purchased a significant portion of North America stampings used for cabs from Magna International Inc. (Magna). The Company has long-term agreements with Cummins, Eaton, ZF and Magna to provide for continuity of supply. A loss of supply from Cummins, Eaton, ZF or Magna, and the resulting interruption in the production of trucks, would have a material effect on the Company’s results. Purchased materials and parts include raw materials, partially processed materials, such as castings, and finished components manufactured by independent suppliers. The Company and its suppliers rely on semiconductors as an essential component in the production of its trucks and aftermarket parts. The Company and its suppliers source semiconductors from various suppliers. Raw materials, partially processed materials and finished components typically make up approximately 85% of the cost of new trucks. The value of finished truck components manufactured by independent suppliers is lower in Europe due to a higher level of vertical integration as compared to North America. In addition to materials, the Company’s cost of sales includes labor and factory overhead, vehicle delivery and warranty. Accordingly, except for certain factory overhead costs such as facilities depreciation, property taxes and utilities, the Company’s c",,OK,PCAR이 CMI로부터 트럭 엔진을 구매한다고 문단에 명시되어 있다.
PCAR↔ETN,DEPENDS_ON,"SEC 10-K: A loss of supply from Cummins, Eaton, ZF or Magna, and the resulting interruption in the production ",트럭 부품 공급,True,,auto_candidate,pending,True,True,0.9,True,auto_candidate,pending,False,True,False,자동차·부품·산업재,"이 문단은 PACCAR가 트럭 제조에 필요한 주요 부품을 외부 공급업체로부터 조달하는 방식과 그에 따른 잠재적 위험을 설명하는 맥락에서 작성되었습니다. PACCAR는 'Kenworth'와 'Peterbilt' 등의 브랜드로 상업용 트럭을 제조하며, 이 트럭에 사용되는 변속기의 상당 부분을 Eaton Corporation Plc.로부터 구매합니다. PACCAR는 Eaton과의 장기 계약을 통해 변속기 공급의 연속성을 확보하고 있습니다. 만약 Eaton으로부터의 공급이 중단될 경우, PACCAR의 트럭 생산에 차질이 생겨 회사 실적에 중대한 부정적 영향을 미칠 수 있다고 언급됩니다. 문서에는 Eaton이 PACCAR 외 다른 회사에 변속기나 관련 제품을 공급하는지에 대한 서술은 없습니다. 또한, 양사 간의 경쟁 관계에 대한 내용은 문서에 없습니다.",list|truncated,"A loss of supply from Cummins, Eaton, ZF or Magna, and the resulting interruption in the production of trucks, would have a material effect on the Company’s results. Purchased materials and parts include raw materials, partially processed materials, such as castings, and finished components manufactured by independent suppliers.",PCAR 10-K FY2025 · Item 1 사업,symbol_a는 Eaton의 공급 중단으로 영향을 받을 수 있는 회사이다. symbol_b는 회사에 부품을 공급하는 주체 중 하나이다.,,"PCAR: 'Kenworth', 'Peterbilt', 'DAF' 브랜드를 통해 경/중/대형 상업용 트럭을 설계, 제조, 유통하며 부품 및 금융 서비스도 제공합니다.
북미, 유럽 등 전 세계 상업용 트럭 제조 및 유통 시장에서 주요 글로벌 플레이어입니다.","ETN: 전 세계적으로 전력 관리 제품 및 서비스를 제공하며, 전기 및 산업 구성 요소, 전력 분배 시스템 등을 생산합니다.
다양한 산업 분야에서 전력 효율성, 안정성 및 안전성을 향상시키는 솔루션을 제공하는 전력 관리 시장의 주요 기업입니다.",", such as engines, transmissions and axles, as well as a substantial percentage of other components, are purchased from component manufacturers pursuant to PACCAR and customer specifications. DAF, which is more vertically integrated, manufactures PACCAR engines and axles and a higher percentage of other components for its heavy truck models. The Company also manufactures engines at its Columbus, Mississippi facility. In 2025, the Company installed PACCAR engines in approximately 29% of the Company’s Kenworth and Peterbilt heavy-duty trucks in the U.S. and Canada and substantially all of the DAF heavy-duty trucks sold throughout the world. Engines not manufactured by the Company are purchased from Cummins Inc. (Cummins). The Company purchased a significant portion of its transmissions from Eaton Corporation Plc. (Eaton) and ZF Friedrichshafen AG (ZF). The Company also purchased a significant portion of North America stampings used for cabs from Magna International Inc. (Magna). The Company has long-term agreements with Cummins, Eaton, ZF and Magna to provide for continuity of supply. A loss of supply from Cummins, Eaton, ZF or Magna, and the resulting interruption in the production of trucks, would have a material effect on the Company’s results. Purchased materials and parts include raw materials, partially processed materials, such as castings, and finished components manufactured by independent suppliers. The Company and its suppliers rely on semiconductors as an essential component in the production of its trucks and aftermarket parts. The Company and its suppliers source semiconductors from various suppliers. Raw materials, partially processed materials and finished components typically make up approximately 85% of the cost of new trucks. The value of finished truck components manufactured by independent suppliers is lower in Europe due to a higher level of vertical integration as compared to North America. In addition to materials, the Company’s cost of sales includes labor and factory overhead, vehicle delivery and warranty. Accordingly, except for certain factory overhead costs such as facilities depreciation, property taxes and utilities, the Company’s c",,OK,PCAR이 Eaton으로부터 변속기를 구매하고 장기 계약을 맺고 있다고 문단에 명시되어 있다.
PCAR↔LII,DEPENDS_ON,"SEC 10-K: A loss of supply from Cummins, Eaton, ZF or Magna, and the resulting interruption in the production ",,False,DEPENDS_ON,pending,pending,False,True,0.0,True,noise_self_contradiction,pending,True,True,False,,"이 문단은 PACCAR가 트럭 생산을 위해 다양한 외부 부품 제조업체로부터 엔진, 변속기 등 주요 구성 요소를 조달하는 방식과 관련된 공급망 전략을 설명합니다. 문단 내용은 PACCAR의 주요 부품 공급업체에 초점을 맞추고 있습니다. 주어진 문단에는 Lennox International Inc.(LII)에 대한 어떠한 언급도 포함되어 있지 않습니다. 따라서 PACCAR가 LII로부터 제품이나 서비스를 구매하는지, 또는 LII가 PACCAR의 사업 활동에 어떤 방식으로든 관련되어 있는지에 대한 정보는 문서에 전혀 서술되어 있지 않습니다. 두 회사 간의 비즈니스 관계나 상호 작용에 대한 어떠한 사실도 이 문단을 통해 확인할 수 없습니다.",list|target_absent|truncated,"A loss of supply from Cummins, Eaton, ZF or Magna, and the resulting interruption in the production of trucks, would have a material effect on the Company’s results. Purchased materials and parts include raw materials, partially processed materials, such as castings, and finished components manufactured by independent suppliers.",PCAR 10-K FY2025 · Item 1 사업,symbol_a는 공급 중단으로 영향을 받을 수 있는 회사이다. symbol_b 미등장.,근거 문장에 상대 종목 미등장 — 관계 근거로 불충분,"PCAR: 'Kenworth', 'Peterbilt', 'DAF' 브랜드를 통해 경/중/대형 상업용 트럭을 설계, 제조, 유통하며 부품 및 금융 서비스도 제공합니다.
북미, 유럽 등 전 세계 상업용 트럭 제조 및 유통 시장에서 주요 글로벌 플레이어입니다.","LII: 주거용 및 상업용 난방, 환기, 공조(HVAC), 냉동 시장을 위한 다양한 제품을 설계, 제조 및 판매합니다.
미국, 캐나다 및 국제 시장에서 HVAC 및 냉동 솔루션을 제공하는 선도적인 기업입니다.",", such as engines, transmissions and axles, as well as a substantial percentage of other components, are purchased from component manufacturers pursuant to PACCAR and customer specifications. DAF, which is more vertically integrated, manufactures PACCAR engines and axles and a higher percentage of other components for its heavy truck models. The Company also manufactures engines at its Columbus, Mississippi facility. In 2025, the Company installed PACCAR engines in approximately 29% of the Company’s Kenworth and Peterbilt heavy-duty trucks in the U.S. and Canada and substantially all of the DAF heavy-duty trucks sold throughout the world. Engines not manufactured by the Company are purchased from Cummins Inc. (Cummins). The Company purchased a significant portion of its transmissions from Eaton Corporation Plc. (Eaton) and ZF Friedrichshafen AG (ZF). The Company also purchased a significant portion of North America stampings used for cabs from Magna International Inc. (Magna). The Company has long-term agreements with Cummins, Eaton, ZF and Magna to provide for continuity of supply. A loss of supply from Cummins, Eaton, ZF or Magna, and the resulting interruption in the production of trucks, would have a material effect on the Company’s results. Purchased materials and parts include raw materials, partially processed materials, such as castings, and finished components manufactured by independent suppliers. The Company and its suppliers rely on semiconductors as an essential component in the production of its trucks and aftermarket parts. The Company and its suppliers source semiconductors from various suppliers. Raw materials, partially processed materials and finished components typically make up approximately 85% of the cost of new trucks. The value of finished truck components manufactured by independent suppliers is lower in Europe due to a higher level of vertical integration as compared to North America. In addition to materials, the Company’s cost of sales includes labor and factory overhead, vehicle delivery and warranty. Accordingly, except for certain factory overhead costs such as facilities depreciation, property taxes and utilities, the Company’s c",DROP,DROP,"문단에 두 회사 간의 관계가 명시되어 있지 않으며, 두 회사의 산업군이 상이하다."
PSA↔GOOGL,DEPENDS_ON,"SEC 10-K: Marketing initiatives, including our increasing dependence on Google to source customers, may fail t",디지털 마케팅,True,,auto_candidate,pending,True,True,1.0,True,auto_candidate,pending,False,False,False,디지털 마케팅,"이 문단은 PSA가 신규 고객을 유치하기 위한 마케팅 활동의 효과와 Google 검색에 대한 의존성, 그리고 이로 인한 잠재적 위험을 설명하는 맥락에서 작성되었습니다. PSA는 셀프 스토리지 고객 확보를 위해 Google의 검색 엔진에 크게 의존하고 있습니다. 2025년 기준, PSA의 신규 스토리지 고객 중 절반 이상이 Google의 유료 또는 무료 검색 캠페인을 통해 직간접적으로 유입되었습니다. PSA는 대다수의 잠재 고객이 셀프 스토리지를 검색할 때 Google을 사용한다고 보고 있습니다. Google이 검색어 입찰 도구를 제공하여 경쟁이 심화되면서, PSA는 신규 고객 유치에 어려움을 겪거나 고객 획득 비용이 증가할 수 있다고 우려하고 있습니다. 문서에는 PSA가 Google에 지불하는 구체적인 서비스 비용 규모에 대한 서술은 없습니다.",truncated,"Similar restrictions could be imposed in the future, including in response to significant events and these restrictions could adversely impact our operations.
Our marketing and pricing strategies may fail to be effective or may be constrained by factors outside of our control.
Marketing initiatives, including our increasing dependence on Google to source customers, may fail to be effective and could negatively impact financial performance. More than half of our new storage customers in 2025 were sourced directly or indirectly through “unpaid” search and “paid” search campaigns on Google.",PSA 10-K FY2025 · Item 1 사업,symbol_a는 고객 유치를 위해 구글에 의존하는 회사이다. symbol_b는 회사가 고객을 유치하는 데 활용하는 검색 캠페인을 제공하는 플랫폼이다.,,"PSA: 셀프 스토리지 시설을 주로 인수, 개발, 소유 및 운영하는 부동산 투자 신탁(REIT)입니다.
미국과 서유럽에서 광범위한 셀프 스토리지 시설 네트워크를 보유한 글로벌 리더 중 하나입니다.","GOOGL: Google의 모회사로, 온라인 광고, 클라우드 컴퓨팅, 가전제품 및 인공지능을 포함한 다양한 기술 분야에서 사업을 운영합니다.
세계에서 가장 큰 기술 기업 중 하나로, 혁신적인 제품과 서비스를 통해 글로벌 기술 및 인터넷 서비스 시장을 선도합니다.","Marketing initiatives, including our increasing dependence on Google to source customers, may fail to be effective and could negatively impact financial performance. More than half of our new storage customers in 2025 were sourced directly or indirectly through “unpaid” search and “paid” search campaigns on Google. We believe that the vast majority of customers searching for self-storage use Google at some stage in their shopping experience. Google is providing tools to allow smaller and less sophisticated operators to bid for search terms, increasing competition for self-storage search terms. The predominance of Google in the shopping experience, as well as Google’s enabling of additional competitors to bid for placements in self-storage search terms, may reduce the number of new customers that we can procure, and/or increase our costs to obtain new customers.",,OK,PSA가 Google을 통해 고객을 유치하며 Google에 의존하고 있다는 관계가 문단에 명시되어 있다.
SMCI↔ALGN,DEPENDS_ON,SEC 10-K: Ablecom also coordinates the manufacturing of chassis for us.,,False,,pending,pending,False,True,0.0,True,pending,pending,False,False,False,,"이 문단은 SMCI가 제품 설계 및 개발에 집중하기 위해 외부 계약 제조업체를 활용하는 제조 전략을 설명하고 있습니다. 특히, SMCI는 관계사인 Ablecom Technology, Inc. 및 Compuware Technology, Inc.로부터 계약 설계 및 제조 조정 지원을 받는다고 명시되어 있습니다. 그러나 주어진 문단에는 Align Technology(ALGN)에 대한 어떠한 언급도 포함되어 있지 않습니다. 따라서 SMCI가 ALGN으로부터 제품이나 서비스를 공급받는지, 혹은 ALGN이 SMCI의 고객인지에 대한 정보는 문서에 전혀 서술되어 있지 않습니다. 두 회사 간의 비즈니스 관계나 상호 작용에 대한 어떠한 사실도 이 문단을 통해서는 확인할 수 없습니다.",target_absent,"Ablecom also coordinates the manufacturing of chassis for us. In addition to providing a large volume of contract manufacturing services to us, Ablecom warehouses multiple components and subassemblies manufactured by various suppliers before shipping them to our facilities in the United States, Europe, and Asia.",SMCI 10-K FY2025 · Item 1 사업,symbol_a는 Ablecom으로부터 계약 제조 서비스를 받고 섀시 제조를 조율받는 회사이다. symbol_b 미등장.,근거 문장에 상대 종목 미등장 — 관계 근거로 불충분,"SMCI: 모듈식 개방형 아키텍처 기반의 고성능 서버 및 스토리지 솔루션을 개발 및 제조합니다.
서버, 스토리지 시스템, 블레이드 서버 및 관련 소프트웨어 솔루션 분야에서 전 세계적으로 선도적인 위치를 차지하고 있습니다.","ALGN: 얼라인 테크놀로지는 인비절라인 투명 교정 장치와 아이테로 구강 스캐너 및 관련 서비스를 설계, 제조, 판매하는 의료 기기 회사입니다.
교정 및 심미 치과 분야에서 혁신적인 디지털 솔루션을 제공하며 전 세계 시장을 선도합니다.","We use several third-party suppliers and contract manufacturers for materials and sub-assemblies. We believe that selectively using outsourced manufacturing services allows us to focus on our core competencies in product design and development, and increases our operational flexibility. We believe our manufacturing strategy allows us to adjust manufacturing capacity in response to changes in customer demand and to rapidly introduce new products to the market. We use Ablecom Technology, Inc. (“Ablecom”) and its affiliate Compuware Technology, Inc. (“Compuware”), both of which are related parties, for contract design and manufacturing coordination support. We work with Ablecom to optimize modular designs for our chassis and several other components. Ablecom also coordinates the manufacturing of chassis for us. In addition to providing a large volume of contract manufacturing services to us, Ablecom warehouses multiple components and subassemblies manufactured by various suppliers before shipping them to our facilities in the United States, Europe, and Asia. We also have a series of agreements with Compuware, including multiple product development, production and service agreements, as well as product manufacturing agreements and lease agreements for office space. See Note 10, “Related Party Transactions” in the notes to the consolidated financial statements and Part III, Item 13, “Certain Relationships and Related Transactions and Director Independence.”",,DROP,"문단에 두 회사 간의 관계가 명시되어 있지 않으며, 두 회사의 산업군이 상이하다."
SNDK↔WDC,DEPENDS_ON,"SEC 10-K: Prior to February 21, 2025, we were wholly owned by WDC.",,True,,auto_candidate,pending,True,True,1.0,True,auto_candidate,pending,False,False,True,,"이 문단은 SanDisk의 과거 기업 지배 구조에 대한 중요한 사실을 설명하는 맥락에서 작성되었습니다. 2025년 2월 21일 이전까지 SanDisk는 Western Digital Corporation(WDC)에 의해 100% 소유된 자회사였습니다. 이는 WDC가 SanDisk의 모회사로서 완전한 지배권을 행사했음을 의미합니다. 과거에는 SanDisk가 WDC 그룹의 일원으로서 스토리지 솔루션 시장에서 활동했습니다. 문서에는 2025년 2월 21일 이후 두 회사 간의 소유 관계가 어떻게 변화했는지에 대한 구체적인 서술은 없습니다. 또한, 현재 두 회사가 서로에게 어떤 제품이나 서비스를 공급하는지, 혹은 시장에서 경쟁 관계에 있는지에 대한 정보도 이 문단을 통해서는 확인할 수 없습니다.",m&a,"Prior to February 21, 2025, we were wholly owned by WDC.",SNDK 10-K FY2025,symbol_a는 2025년 2월 21일 이전에 symbol_b에 의해 전적으로 소유되었던 회사이다. symbol_b는 2025년 2월 21일 이전에 symbol_a를 전적으로 소유했던 회사이다.,,"SNDK: 낸드 플래시 기술 기반의 스토리지 장치 및 솔루션을 개발, 제조, 공급합니다.
솔리드 스테이트 드라이브, 임베디드 제품 및 이동식 카드 등 플래시 메모리 시장의 주요 기업입니다.","WDC: 하드 디스크 드라이브(HDD) 및 솔리드 스테이트 드라이브(SSD)를 포함한 데이터 저장 장치 및 솔루션을 개발, 제조, 판매합니다.
데이터 센터, 클라이언트 장치 및 플래시 기반 임베디드 제품 시장에서 주요 저장 솔루션 공급업체입니다.","Prior to February 21, 2025, we were wholly owned by WDC.",,OK,SNDK가 과거 WDC에 의해 전액 소유되었다는 관계가 문단에 명시되어 있다.
SYF↔FISV,DEPENDS_ON,"SEC 10-K: For example, our principal technology and related services (including credit card transaction proces",신용카드 거래 처리,False,SUPPLIES_TO,pending,pending,False,True,0.1,True,pending,pending,False,False,False,금융·결제·거래소,"이 문단은 Synchrony Financial(SYF)이 핵심 비즈니스 운영을 위해 외부 기술 서비스 제공업체에 의존하는 정도와 관련된 위험을 설명하는 맥락에서 작성되었습니다. SYF는 Fiserv(FISV)와의 계약을 통해 주요 기술 및 관련 서비스를 제공받고 있습니다. 여기에는 신용카드 거래 처리, 고객 명세서 인쇄 및 발송, 그리고 온라인 소매 예금 플랫폼이 포함됩니다. Fiserv는 SYF에게 이러한 서비스를 제공하는 유일하거나 몇 안 되는 공급업체 중 하나이며, Fiserv를 대체하는 것은 SYF의 사업에 중대한 차질을 초래할 수 있다고 명시되어 있습니다. 양사 간의 주요 서비스 계약은 2030년 12월에 만료될 예정입니다. 문서에는 Fiserv가 SYF 외 다른 회사에 유사한 서비스를 제공하는지에 대한 서술은 없습니다.",target_absent|truncated,"For example, our principal technology and related services (including credit card transaction processing, production and related services (including the printing and mailing of customer statements)), and the platform for our online retail deposits are handled via a contractual arrangement with Fiserv. Fiserv, and, in some cases, other third-party vendors, are the sole source or one of a limited number of sources of the services they provide for us.",SYF 10-K FY2025 · Item 7 MD&A,"SYF는 서비스를 받는 주체로 등장하며, FISV는 SYF에게 기술 및 관련 서비스를 제공하는 계약 파트너로 등장한다.",근거 문장에 상대 종목 미등장 — 관계 근거로 불충분,"SYF: 미국에서 소비자 금융 서비스를 제공하며, 신용카드, 상업용 신용 상품 및 소비자 할부 대출을 주력으로 합니다.
프라이빗 라벨, 공동 브랜드 신용카드 및 예금 상품을 통해 소비자 금융 시장에서 중요한 역할을 합니다.","FISV: 전 세계적으로 결제 및 금융 서비스 기술을 제공하며, POS(판매 시점 정보 관리) 가맹점 인수 및 디지털 상거래 서비스를 운영합니다.
Clover와 같은 클라우드 기반 POS 플랫폼을 통해 가맹점 솔루션, 핀테크 및 결제 서비스를 제공하는 금융 서비스 기술 시장의 선두 기업입니다.","Some services important to our business are outsourced to third-party vendors. For example, our principal technology and related services (including credit card transaction processing, production and related services (including the printing and mailing of customer statements)), and the platform for our online retail deposits are handled via a contractual arrangement with Fiserv. Fiserv, and, in some cases, other third-party vendors, are the sole source or one of a limited number of sources of the services they provide for us. It would be difficult and disruptive for us to replace certain of these third-party vendors, particularly Fiserv, in a timely or seamless manner if they were unwilling or unable to continue to provide us with these services in the future (as a result of the pace or level of investment in their business, their ability to execute and deliver enhancements, a deterioration of their financial or business conditions or otherwise), and our business and operations likely would be materially adversely affected. Our principal agreement with Fiserv for technology, production, and online retail deposits services expires in December 2030, unless it is terminated earlier or is extended pursuant to the terms thereof. In addition, if a third-party provider fails to provide the services we require, fails to meet contractual requirements, such as compliance with applicable laws and regulations, or suffers a cyber-attack or other security breach, our business could suffer economic and reputational harm that could have a material adverse effect on our business and results of operations.",,OK,SYF가 Fiserv로부터 주요 기술 및 관련 서비스를 아웃소싱 받고 있다는 관계가 문단에 명시되어 있다.
TTWO↔MSFT,DEPENDS_ON,"SEC 10-K: Accordingly, console manufacturers like Sony or Microsoft could cause unanticipated delays in the re",게임 콘솔,True,,auto_candidate,pending,True,True,0.8,True,auto_candidate,pending,False,False,False,게임 콘솔,"이 문단은 Take-Two Interactive(TTWO)가 콘솔 제조업체와의 관계에서 발생할 수 있는 잠재적 사업 위험을 설명하는 맥락에서 작성되었습니다. Take-Two는 비디오 게임 퍼블리셔로서 Microsoft가 제공하는 하드웨어 플랫폼을 통해 자사 게임을 유통합니다. Microsoft는 Sony와 함께 콘솔 제조업체로 언급되며, Take-Two의 중요한 고객이자 플랫폼 제공자입니다. 문단에 따르면, Microsoft와 같은 콘솔 제조업체가 자체 게임이나 경쟁사 제품에 우선순위를 부여할 경우, Take-Two의 제품 출시가 예상치 못하게 지연되거나 개발, 제조, 마케팅 및 유통 비용이 증가하여 Take-Two의 사업에 부정적인 영향을 미칠 수 있습니다. 따라서 Take-Two는 게임 배포를 위해 Microsoft의 플랫폼에 의존하고 있습니다. 문서에는 Take-Two와 Microsoft가 게임 시장에서 직접적으로 경쟁하는지 여부에 대한 서술은 없습니다.",truncated,"Accordingly, console manufacturers like Sony or Microsoft could cause unanticipated delays in the release of our products, as well as increases to projected development, manufacturing, marketing, or distribution costs, any of which could negatively impact our business.
Furthermore, our customers may also be placed into bankruptcy, become insolvent, or be liquidated due to economic downturns, global credit contractions, or other factors. Bankruptcies or consolidations of certain large retail customers could seriously hurt our business, including as a result of uncollectible accounts receivable from such customers and the concentration of purchasing power among large retailers.",TTWO 10-K FY2025 · Item 7 MD&A,"TTWO는 제품 출시가 지연되거나 비용이 증가할 수 있는 주체로 등장하며, MSFT는 TTWO 제품 출시 및 비용에 영향을 미칠 수 있는 콘솔 제조업체로 등장한다.",,"TTWO: Rockstar Games, 2K 등의 브랜드로 '그랜드 테프트 오토'와 같은 인터랙티브 엔터테인먼트 솔루션을 개발, 퍼블리싱합니다.
전 세계 소비자를 대상으로 하는 비디오 게임 산업의 주요 퍼블리셔 중 하나입니다.","MSFT: 소프트웨어, 서비스, 장치 및 솔루션을 개발하고 지원합니다.
Windows 운영체제, Office 생산성 소프트웨어, Azure 클라우드 서비스 등을 제공하는 글로벌 기술 기업입니다.","In addition, because some of our customers are also publishers of games for their own hardware platforms and may manufacture products for other licensees, such customers may give priority to their own products or those of our competitors. Accordingly, console manufacturers like Sony or Microsoft could cause unanticipated delays in the release of our products, as well as increases to projected development, manufacturing, marketing, or distribution costs, any of which could negatively impact our business.",,OK,Microsoft와 같은 콘솔 제조업체가 TTWO 제품 출시에 영향을 미칠 수 있다는 관계가 문단에 명시되어 있다.
VTRS↔PFE,DEPENDS_ON,SEC 10-K: certain reimbursements related to the Company’s obligation to reimburse Pfizer for certain financing,재무 상환 의무,True,,auto_candidate,pending,True,True,0.8,True,auto_candidate,pending,False,False,False,기타,"이 문단은 '회사'(Viatris)가 인수 및 매각과 관련된 다양한 비용, 특히 재무 및 거래 관련 비용 상환 의무를 보고하는 맥락에 있습니다. Viatris는 과거 비즈니스 결합 계약 및 분리 및 배분 계약에 따라 Pfizer(PFE)에 특정 재무 및 거래 관련 비용을 상환할 의무가 있습니다. 이는 Viatris가 Pfizer의 사업 부문 중 하나였던 업존(Upjohn)과 마일란(Mylan)의 합병으로 설립된 것과 관련이 있습니다. 또한, 공급 계약에 따른 계약상 의무도 언급되어 두 회사 사이에 지속적인 공급 관계가 있음을 시사합니다. 문서에는 이 공급 계약의 구체적인 내용이나 상환 의무가 발생한 상세한 배경은 서술되어 있지 않습니다.",m&a|truncated,"certain reimbursements related to the Company’s obligation to reimburse Pfizer for certain financing and transaction related costs under the Business Combination Agreement and Separation and Distribution Agreement, certain other TSA related set-up and exit costs, and other business transformation and/or optimization initiatives, which are not part of a formal restructuring program, including employee separation and post-employment costs;
•
Other costs, incurred from time to time, related to certain special events or activities that lead to gains or losses, including, but not limited to, incremental manufacturing variances, contractual termination costs, certain remediation activities, asset write-downs, including other-than-temporary impairments of investments in equity or debt instruments, or liability adjustments;
•
Certain costs to further develop and optimize our global enterprise resource planning systems, operations and supply chain; 
•
Gains or losses from divestitures, including impairments of held for sale assets; and
•
The impact of changes related to uncertain tax positions are excluded from adjusted net earnings and adjusted EPS.",VTRS 10-K FY2025 · Item 7 MD&A,"VTRS는 특정 비용을 PFE에 상환할 의무가 있는 회사로 등장하며, PFE는 VTRS가 상환해야 할 비용의 대상 회사로 등장한다.",,"VTRS: 처방약, 제네릭 의약품, 바이오시밀러 및 활성 의약품 성분(API)을 전 세계적으로 제공하는 헬스케어 기업입니다.
다양한 치료 분야에 걸쳐 광범위한 제품 포트폴리오를 가진 글로벌 제약 회사입니다.","PFE: 심혈관, 여성 건강, 면역, 항감염제 및 COVID-19 치료제를 포함한 다양한 치료 분야의 의약품과 백신을 연구, 개발, 제조, 판매합니다.
전 세계 제약 및 바이오 제약 시장에서 광범위한 치료제를 제공하는 주요 글로벌 기업입니다.","Certain acquisition and divestiture costs, including costs relating to integration and planning, contractual obligations, including under supply agreements, advisory and legal fees, certain financing related costs, certain reimbursements related to the Company’s obligation to reimburse Pfizer for certain financing and transaction related costs under the Business Combination Agreement and Separation and Distribution Agreement, certain other TSA related set-up and exit costs, and other business transformation and/or optimization initiatives, which are not part of a formal restructuring program, including employee separation and post-employment costs;",,OK,문단에서 회사가 Pfizer에게 사업 결합 및 분리 계약과 관련된 재정적 의무를 진다고 명시하며 공급 계약도 언급합니다.
WAT↔CI,DEPENDS_ON,SEC 10-K: including tariffs and export restrictions on certain manufacturing components imposed by China,,False,DEPENDS_ON,pending,pending,False,True,0.0,True,noise_self_contradiction,pending,True,False,False,,"이 문단은 '회사'(Waters)의 전 세계적인 사업 운영 및 제조 활동을 설명하며, 특히 미국 정부의 관세 정책과 관련 법원 결정이 회사의 비용 구조와 공급망 계획에 미칠 수 있는 잠재적 영향에 대해 서술하고 있습니다. 문단은 Waters Corporation(WAT)이 관세 및 무역 정책 변화로 인해 직면하는 불확실성과 그 영향을 모니터링하고 있다고 밝힙니다. 그러나 이 문단에는 Cigna(CI)에 대한 어떠한 언급도 없습니다. Waters와 Cigna 사이의 비즈니스 관계에 대한 정보는 문서에 서술되어 있지 않습니다.",target_absent|truncated,"government issued varying levels of tariffs on all imported goods into the U.S., including a baseline 10% tariff, subject to certain exceptions, which have also prompted retaliatory tariffs by a number of countries, including tariffs and export restrictions on certain manufacturing components imposed by China and tariffs pursuant to trade agreements the U.S. has entered into with certain countries.",WAT 10-K FY2025 · Item 1 사업,"WAT 미등장, CI 미등장.",근거 문장에 상대 종목 미등장 — 관계 근거로 불충분,"WAT: 액체 크로마토그래피, 질량 분석기, 열 분석기 등 특수 측정 장비와 분석 워크플로우 솔루션을 제공합니다.
생명 과학, 화학, 식품 안전 등 다양한 산업에서 분석 기기 및 서비스 시장의 주요 플레이어입니다.","CI: 미국에서 의료, 약국, 행동 건강, 치과 보험 및 관련 제품과 서비스를 제공합니다.
에버노스(Evernorth)와 시그나 헬스케어(Cigna Healthcare)를 통해 통합 건강 서비스 및 보험 솔루션을 제공하는 주요 기업입니다.","The Company sells and services its customers in over 35 countries outside of the U.S. and we have manufacturing operations in the U.S., Ireland, U.K. and in Singapore where we utilize subcontractors with worldwide capabilities. In 2025, the U.S. government issued varying levels of tariffs on all imported goods into the U.S., including a baseline 10% tariff, subject to certain exceptions, which have also prompted retaliatory tariffs by a number of countries, including tariffs and export restrictions on certain manufacturing components imposed by China and tariffs pursuant to trade agreements the U.S. has entered into with certain countries. In addition, a number of new tariffs have been threatened, and the U.S. and other countries continue to negotiate trade arrangements and tariff levels. In August 2025, the U.S. Court of Appeals for the Federal Circuit ruled against certain of the U.S. tariffs that have been implemented. On February 20, 2026, the U.S. Supreme Court rendered a decision invalidating tariffs imposed under the International Emergency Economic Powers Act. This decision introduces uncertainty regarding potential refund processes and future trade policy actions and could affect the Company’s cost structure and supply chain planning. The Company continues to monitor developments around the Supreme Court’s decision and evaluate its potential impact on the Company’s future financial results and business.",DROP,DROP,"두 회사는 서로 다른 산업군에 속하며, 문단은 첫 번째 회사(WAT)의 사업 및 관세 영향에 대해서만 설명할 뿐 두 번째 회사(CI)에 대한 언급이나 관계를 서술하지 않습니다."
WDC↔SNDK,DEPENDS_ON,"SEC 10-K: On February 21, 2025 (the “Separation Date”), we completed the separation of our HDD and Flash busin",하드 디스크 드라이브,False,SUPPLIES_TO,pending,pending,False,True,0.7,True,pending,pending,False,True,False,하드 디스크 드라이브,"이 문단은 '회사'(Western Digital)가 HDD 및 플래시 사업부를 두 개의 독립적인 상장 회사로 분리하는 기업 구조조정 맥락에서 작성되었습니다. 2025년 2월 21일, Western Digital(WDC)은 HDD 사업에 집중하고, 한때 회사의 전액 출자 자회사였던 Sandisk Corporation(SNDK)이 플래시 사업을 보유하는 방식으로 분리를 완료했습니다. 이는 과거 Sandisk가 Western Digital의 자회사였으며, 분리를 통해 두 회사가 독립적인 법인으로 전환되었음을 의미합니다. 문서에는 분리 이후 두 회사 간의 지속적인 사업 협력이나 경쟁 관계에 대한 내용은 서술되어 있지 않습니다.",list|m&a|target_absent|truncated,"HDDs provide reliable, cost-effective, high-capacity storage needs for a wide range of applications, ranging from cloud data centers, enterprise storage systems, edge computing, and video surveillance to client and consumer devices.
On February 21, 2025 (the “Separation Date”), we completed the separation of our HDD and Flash business units (the “Separation”) to create two independent public companies, with Western Digital focusing on our existing HDD business and Sandisk Corporation (“Sandisk”), formerly a wholly-owned subsidiary of the Company, holding the Flash business. We believe the Separation better positions each business unit to execute innovative technology and product development, capitalize on unique growth opportunities, extend respective leadership positions, operate more efficiently with distinct capital structures, and pursue capital allocation strategies that maximize long-term shareholder value.
As global data creation continues to accelerate, particularly in the age of AI, and as the need to store and retain data also grows, we believe HDDs will continue to remain the preferred technology for storing large volumes of data as the most economical solution to the large cloud data centers for their mass storage needs.",WDC 10-K FY2025 · Item 1 사업,"WDC는 HDD 사업에 집중하는 분리된 회사로 등장하며, SNDK는 WDC의 플래시 사업을 보유하는 분리된 회사로 등장한다.",근거 문장에 상대 종목 미등장 — 관계 근거로 불충분,"WDC: 하드 디스크 드라이브(HDD) 및 솔리드 스테이트 드라이브(SSD)를 포함한 데이터 저장 장치 및 솔루션을 개발, 제조, 판매합니다.
데이터 센터, 클라이언트 장치 및 플래시 기반 임베디드 제품 시장에서 주요 저장 솔루션 공급업체입니다.","SNDK: 낸드 플래시 기술 기반의 스토리지 장치 및 솔루션을 개발, 제조, 공급합니다.
솔리드 스테이트 드라이브, 임베디드 제품 및 이동식 카드 등 플래시 메모리 시장의 주요 기업입니다.","On February 21, 2025 (the “Separation Date”), we completed the separation of our HDD and Flash business units (the “Separation”) to create two independent public companies, with Western Digital focusing on our existing HDD business and Sandisk Corporation (“Sandisk”), formerly a wholly-owned subsidiary of the Company, holding the Flash business. We believe the Separation better positions each business unit to execute innovative technology and product development, capitalize on unique growth opportunities, extend respective leadership positions, operate more efficiently with distinct capital structures, and pursue capital allocation strategies that maximize long-term shareholder value.",,OK,"문단은 Sandisk Corporation이 이전에 회사의 완전 소유 자회사였으며, 현재 두 독립적인 회사로 분리되었다고 명시적으로 서술합니다."
ABBV↔ABT,PARTNER_WITH,"SEC 10-K: On January 1, 2013, AbbVie became an independent, publicly-traded company as a result of the distrib",,False,COMPETES_WITH,pending,pending,False,True,0.7,True,pending,pending,False,False,False,,"이 문단은 AbbVie가 독립적인 상장 회사로 출범하게 된 과정을 설명하는 맥락에서 작성되었습니다. 2013년 1월 1일, AbbVie(ABBV)는 Abbott Laboratories(ABT)가 AbbVie의 발행 주식 100%를 Abbott 주주들에게 분배한 결과로 독립적인 회사가 되었습니다. 이는 AbbVie가 과거 Abbott Laboratories의 사업 부문이었으며, Abbott가 AbbVie를 스핀오프(분할)하여 별도의 법인으로 분리했음을 의미합니다. 문서에는 이 분할 이후 두 회사 간에 어떠한 비즈니스 관계나 협력, 또는 경쟁 관계가 지속되는지에 대한 정보는 서술되어 있지 않습니다.",m&a|target_absent|truncated,"On January 1, 2013, AbbVie became an independent, publicly-traded company as a result of the distribution by Abbott Laboratories (Abbott) of 100% of the outstanding common stock of AbbVie to Abbott's shareholders.",ABBV 10-K FY2025,"ABBV는 ABT로부터 분리되어 독립적인 상장 회사가 된 주체로 등장하며, ABT는 ABBV의 보통주를 주주들에게 배분하여 ABBV를 분리한 회사로 등장한다.",근거 문장에 상대 종목 미등장 — 관계 근거로 불충분,"ABBV: 애브비는 전 세계적으로 의약품을 발견, 개발, 제조 및 판매하는 글로벌 제약회사입니다.
자가면역 질환, 종양학, 신경과학 등 다양한 치료 분야에서 혁신적인 치료제를 제공합니다.","ABT: 애보트 래버러토리스는 전 세계적으로 헬스케어 제품을 발견, 개발, 제조 및 판매하는 다국적 기업입니다.
의약품, 진단 제품, 영양 제품, 의료 기기 등 4개 부문에서 광범위한 헬스케어 솔루션을 제공합니다.","On January 1, 2013, AbbVie became an independent, publicly-traded company as a result of the distribution by Abbott Laboratories (Abbott) of 100% of the outstanding common stock of AbbVie to Abbott's shareholders.",,OK,문단은 AbbVie가 Abbott Laboratories로부터 분리되어 독립적인 상장 회사가 되었다고 명시적으로 서술합니다.
AKAM↔APTV,PARTNER_WITH,SEC 10-K: We market and sell our solutions globally through our field sales and services organization and thro,,False,PARTNER_WITH,pending,pending,False,True,0.0,True,noise_self_contradiction,pending,True,False,False,,"이 문단은 '회사'(Akamai)가 전 세계적으로 솔루션을 판매하고 마케팅하는 전략을 설명하며, 다양한 채널 파트너 및 제휴를 통해 고객 경험을 개선하고 시장을 확장하려는 맥락에 있습니다. Akamai(AKAM)는 여러 채널 파트너를 통해 솔루션을 마케팅하고 판매한다고 언급하지만, Aptiv(APTV)는 이 파트너 목록에 포함되어 있지 않습니다. 따라서 문서에는 Akamai와 Aptiv 간의 어떠한 사업적 관계도 서술되어 있지 않습니다.",target_absent|truncated,"Less than 10% of our total revenue in each of the years ended December 31, 2025, 2024 and 2023 was derived from contracts or subcontracts terminable at the election of the federal government.
Sales, Services and Marketing
We market and sell our solutions globally through our field sales and services organization and through many channel partners, including adidas, AHEAD, Avant, BV Tech, Carahsoft, CPD, Deloitte, Deutsche Telecom, Doyen, Guidepoint, Kyndryl, LevelBlue, Macnica, Microsoft Azure, Netpoleon, Oplium, Optiv, Presidio, SHI, Telefonica Group, Trace3 and WWT. In addition to entering into agreements with resellers, we have several other types of sales and marketing focused alliances with entities such as system integrators, application service providers, technology solution distributors, referral partners and marketplaces.",AKAM 10-K FY2025 · Item 1 사업,"AKAM은 솔루션을 판매하고 마케팅하는 주체로 등장하며, APTV 미등장.",근거 문장에 상대 종목 미등장 — 관계 근거로 불충분,"AKAM: 아카마이 테크놀로지스는 인터넷 콘텐츠 및 비즈니스 애플리케이션의 보안, 전송 및 최적화를 위한 클라우드 서비스를 제공합니다.
전 세계적으로 웹 및 모바일 성능, 미디어 전송, 클라우드 보안 솔루션 시장을 선도하고 있습니다.","APTV: 앱티브는 전 세계적으로 차량 부품을 설계, 제조 및 판매하며, 자동차 및 상용차 시장에 전기, 전자 및 안전 기술 솔루션을 제공합니다.
신호 및 전력 솔루션, 첨단 안전 및 사용자 경험 부문을 통해 자율주행, 커넥티드 카 등 미래 모빌리티 기술 발전에 기여합니다.","We market and sell our solutions globally through our field sales and services organization and through many channel partners, including adidas, AHEAD, Avant, BV Tech, Carahsoft, CPD, Deloitte, Deutsche Telecom, Doyen, Guidepoint, Kyndryl, LevelBlue, Macnica, Microsoft Azure, Netpoleon, Oplium, Optiv, Presidio, SHI, Telefonica Group, Trace3 and WWT. In addition to entering into agreements with resellers, we have several other types of sales and marketing focused alliances with entities such as system integrators, application service providers, technology solution distributors, referral partners and marketplaces. By aligning with these partners, we believe we are better able to market our solutions and leverage partners to add valuable services to complement our offerings and improve the customer experience. Our sales, services and marketing professionals are based in locations across the Americas, Europe, the Middle East and Asia-Pacific and focus on direct and channel sales, sales operations, professional services, account management and technical consulting.",HOLD,DROP,"두 회사는 서로 다른 산업군에 속하며, 문단에 두 번째 회사(APTV)가 채널 파트너 목록에도 언급되어 있지 않으며 어떠한 관계도 서술하지 않습니다."
AKAM↔MSFT,PARTNER_WITH,SEC 10-K: We market and sell our solutions globally through our field sales and services organization and thro,,False,PARTNER_WITH,pending,pending,False,True,0.0,True,noise_self_contradiction,pending,True,False,False,,"이 문단은 '회사'(Akamai)가 전 세계적으로 솔루션을 판매하고 마케팅하는 전략을 설명하며, 다양한 채널 파트너 및 제휴를 통해 고객 경험을 개선하고 시장을 확장하려는 맥락에 있습니다. Akamai(AKAM)는 자사의 솔루션을 마케팅하고 판매하는 여러 채널 파트너 중 하나로 'Microsoft Azure'를 명시적으로 언급하고 있습니다. 이는 Microsoft(MSFT)가 Akamai의 솔루션 유통 및 판매를 돕는 채널 파트너로서 기능함을 나타냅니다. Akamai는 이러한 파트너십을 통해 시장에 더 효과적으로 접근하고, 파트너의 서비스를 활용하여 자사 제품을 보완한다고 설명합니다. 문서에는 이 파트너십의 구체적인 조건이나 다른 협력 관계에 대한 세부 사항은 서술되어 있지 않습니다.",indirect|target_absent|truncated,"Less than 10% of our total revenue in each of the years ended December 31, 2025, 2024 and 2023 was derived from contracts or subcontracts terminable at the election of the federal government.
Sales, Services and Marketing
We market and sell our solutions globally through our field sales and services organization and through many channel partners, including adidas, AHEAD, Avant, BV Tech, Carahsoft, CPD, Deloitte, Deutsche Telecom, Doyen, Guidepoint, Kyndryl, LevelBlue, Macnica, Microsoft Azure, Netpoleon, Oplium, Optiv, Presidio, SHI, Telefonica Group, Trace3 and WWT. In addition to entering into agreements with resellers, we have several other types of sales and marketing focused alliances with entities such as system integrators, application service providers, technology solution distributors, referral partners and marketplaces.",AKAM 10-K FY2025 · Item 1 사업,"AKAM은 솔루션을 판매하고 마케팅하는 주체로 등장하며, MSFT는 AKAM의 채널 파트너 중 하나인 'Microsoft Azure'의 일부로 등장한다.",근거 문장에 상대 종목 미등장 — 관계 근거로 불충분,"AKAM: 아카마이 테크놀로지스는 인터넷 콘텐츠 및 비즈니스 애플리케이션의 보안, 전송 및 최적화를 위한 클라우드 서비스를 제공합니다.
전 세계적으로 웹 및 모바일 성능, 미디어 전송, 클라우드 보안 솔루션 시장을 선도하고 있습니다.","MSFT: 소프트웨어, 서비스, 장치 및 솔루션을 개발하고 지원합니다.
Windows 운영체제, Office 생산성 소프트웨어, Azure 클라우드 서비스 등을 제공하는 글로벌 기술 기업입니다.","We market and sell our solutions globally through our field sales and services organization and through many channel partners, including adidas, AHEAD, Avant, BV Tech, Carahsoft, CPD, Deloitte, Deutsche Telecom, Doyen, Guidepoint, Kyndryl, LevelBlue, Macnica, Microsoft Azure, Netpoleon, Oplium, Optiv, Presidio, SHI, Telefonica Group, Trace3 and WWT. In addition to entering into agreements with resellers, we have several other types of sales and marketing focused alliances with entities such as system integrators, application service providers, technology solution distributors, referral partners and marketplaces. By aligning with these partners, we believe we are better able to market our solutions and leverage partners to add valuable services to complement our offerings and improve the customer experience. Our sales, services and marketing professionals are based in locations across the Americas, Europe, the Middle East and Asia-Pacific and focus on direct and channel sales, sales operations, professional services, account management and technical consulting.",OK,OK,문단은 Microsoft Azure(Microsoft의 일부)를 회사의 채널 파트너 중 하나로 명시적으로 언급하며 관계를 서술합니다.
ANET↔AVGO,PARTNER_WITH,"SEC 10-K: Our product development efforts also depend upon continued collaboration with our key suppliers, suc",,False,DEPENDS_ON,pending,pending,False,True,0.3,True,pending,pending,False,False,False,,"이 문단은 '회사'(Arista Networks)의 제품 개발 노력과 핵심 공급업체와의 협력 관계에 대한 맥락에서 작성되었습니다. Arista Networks(ANET)는 자사의 제품 개발 노력이 Broadcom(AVGO)과 같은 핵심 공급업체와의 지속적인 협력에 달려 있다고 명시합니다. 특히 Arista Networks는 Broadcom과 같은 '상용 실리콘 공급업체'와 긴밀히 협력하여 그들의 실리콘에 향상된 기능이 통합되고, 자사 제품이 이러한 개선 사항을 활용하도록 한다고 설명합니다. 이는 Broadcom이 Arista Networks의 제품에 사용되는 핵심 상용 실리콘을 공급하며, 두 회사 간에 제품 개발 단계에서 긴밀한 협업이 이루어지고 있음을 보여줍니다. 문서에는 Broadcom이 공급하는 실리콘의 구체적인 종류나 이러한 협력이 미치는 다른 사업적 영향에 대한 세부 사항은 서술되어 있지 않습니다.",target_absent|truncated,"Furthermore, our arrangements with contract manufacturers and suppliers typically do not impose purchase obligations for specific quantities beyond the amounts established in our submitted purchase orders or forecasts.
Our product development efforts also depend upon continued collaboration with our key suppliers, such as Broadcom. As we develop our product roadmap and continue to expand our relationships with these and other merchant silicon vendors, it is crucial that we collaborate closely with our key merchant silicon vendors to ensure that their silicon incorporates enhanced features and that our products leverage these improvements.",ANET 10-K FY2025 · Item 1 사업,"ANET은 제품 개발을 위해 공급업체와 협력하는 주체로 등장하며, AVGO는 ANET의 주요 공급업체 중 하나인 'Broadcom'으로 등장한다.",근거 문장에 상대 종목 미등장 — 관계 근거로 불충분,"ANET: 아리스타 네트웍스는 클라우드 네트워킹 솔루션과 기가비트 이더넷 스위칭 및 라우팅 플랫폼을 개발, 판매합니다.
인터넷 기업, 서비스 제공업체 등 다양한 산업에 클라우드 기반 네트워크 인프라를 제공하며 글로벌 시장에 진출해 있습니다.","AVGO: 브로드컴은 반도체 및 인프라 소프트웨어 솔루션을 설계, 개발, 판매하는 글로벌 기술 기업입니다.
데이터 센터, 광대역 통신, 엔터프라이즈 스토리지 등 다양한 최종 시장에서 선도적인 위치를 차지합니다. (일반 지식 기반)","Our product development efforts also depend upon continued collaboration with our key suppliers, such as Broadcom. As we develop our product roadmap and continue to expand our relationships with these and other merchant silicon vendors, it is crucial that we collaborate closely with our key merchant silicon vendors to ensure that their silicon incorporates enhanced features and that our products leverage these improvements. This enables us to focus our development resources on core software competencies and leverage investments made by merchant silicon vendors to achieve cost-effective solutions.",,OK,문단은 Broadcom(AVGO)을 회사의 '핵심 공급업체' 중 하나로 명시적으로 언급하며 협력 관계를 서술합니다.
AXP↔AMZN,PARTNER_WITH,"SEC 10-K: For example, our two largest redemption partners are Amazon and Delta.",리워드 프로그램,True,,auto_candidate,pending,True,True,0.9,True,auto_candidate,pending,False,False,False,기타,"이 문단은 '회사'(American Express)의 사업 성공이 비즈니스 파트너에 크게 의존한다는 맥락에서 작성되었으며, 파트너십의 다양한 측면과 관련 위험을 설명합니다. American Express(AXP)는 Amazon(AMZN)을 자사의 '두 가지 가장 큰 리뎀션(보상 사용) 파트너' 중 하나로 명시합니다. 이는 American Express 고객이 자사의 리워드나 혜택을 Amazon을 통해 사용할 수 있도록 하는 중요한 협력 관계가 존재함을 의미합니다. American Express는 이러한 파트너사와의 제휴가 자사 사업의 상당 부분을 차지하며, 파트너의 성공에 자사의 성공이 달려 있다고 강조합니다. 문서에는 Amazon과의 리뎀션 프로그램의 구체적인 운영 방식이나 파트너십의 다른 측면에 대한 정보는 서술되어 있지 않습니다.",,"For example, our two largest redemption partners are Amazon and Delta. Some of our partners manage certain aspects of our customer relationships, such as our OptBlue program participants.",AXP 10-K FY2025 · Item 7 MD&A,"AXP는 Amazon을 리뎀션 파트너로 두는 주체로 등장하며, AMZN은 AXP의 가장 큰 리뎀션 파트너 중 하나인 'Amazon'으로 등장한다.",,"AXP: 신용 및 선불카드 결제 상품과 여행 관련 서비스를 전 세계적으로 제공합니다.
개인 및 기업 고객을 위한 결제, 금융, 가맹점 네트워크 서비스 시장에서 선두적인 위치를 차지합니다.","AMZN: 아마존은 전자상거래, 클라우드 컴퓨팅(AWS), 디지털 스트리밍, 인공지능 등 다양한 사업을 영위합니다.
세계 최대의 온라인 소매업체이자 클라우드 서비스 제공업체로서 글로벌 시장에서 독보적인 위치를 차지합니다. (일반 지식 기반)","Our success is, in many ways, dependent on the success of our partners. From customer acquisition to cobranding arrangements, from providing rewards and benefits to customers to facilitating B2B supplier payments for our corporate clients, we rely on our business partners across many aspects of our company and our arrangements with business partners represent a significant portion of our business. For example, our two largest redemption partners are Amazon and Delta. Some of our partners manage certain aspects of our customer relationships, such as our OptBlue program participants. To the extent any of our partners fail to effectively promote and support our products, experience a slowdown in their business, operational disruptions, reputational issues or loss of consumer confidence, or are otherwise unable to meet our expectations or those of their other stakeholders, our business may be materially negatively impacted. We also face the risk that existing relationships will be renegotiated with less favorable terms for us or that we may be unable to renegotiate on terms that are acceptable to us. In addition, we may be obligated to make or accelerate payments to certain business partners such as cobrand partners upon the occurrence of certain triggering events such as a",,OK,문단은 Amazon(AMZN)을 회사의 '가장 큰 두 가지 리딤 파트너' 중 하나로 명시적으로 언급하며 관계를 서술합니다.
BKR↔NXT,PARTNER_WITH,"SEC 10-K: Over the past several years, we have made progress in strategic investments and acquisitions in emer",,False,PARTNER_WITH,pending,pending,False,True,0.0,True,noise_self_contradiction,pending,True,False,False,,"이 문단은 Baker Hughes(BKR)가 'New Energy' 솔루션 포트폴리오를 통해 고객의 탄소 발자국 감축 노력을 지원하는 맥락에서 작성되었습니다. Baker Hughes는 지난 몇 년간 CCUS, 수소, 청정 전력 및 e-연료 기술 발전을 위해 전략적 투자와 인수를 진행했습니다. 이 과정에서 Baker Hughes는 NET Power와 같은 회사들과 '전략적 파트너십'을 구축했다고 명시되어 있습니다. NET Power는 전력 산업 기술 개발에 주력하는 회사 프로필을 가지고 있어 Baker Hughes의 청정 전력 기술 발전에 기여할 것으로 보입니다. 문서에는 이 파트너십의 구체적인 내용, 역할 분담, 또는 재정적 조건에 대한 상세한 서술은 없습니다.",m&a|target_absent|truncated,"Over the past several years, we have made progress in strategic investments and acquisitions in emerging energy technologies to advance CCUS, hydrogen, clean power and e-fuels, and have established strategic partnerships with companies such as Fervo Energy, Frontier Carbon Solutions, HIF Global, and NET Power. Our Sustainability Advisory enables us to complement our low-to zero-carbon solutions with expert capabilities that help customers quantify and reduce emissions more efficiently, while also continuing to expand our low-to zero-carbon solutions.
•
Digital & artificial intelligence (""AI"") advancement:
 We are seeing growing demand for more intelligent operations and the adoption of AI-based solutions as part of our customers' digital transformations.",BKR 10-K FY2025 · Item 1 사업,"BKR: 'we'로 지칭되며 전략적 투자 및 인수, 파트너십을 맺고 지속가능성 자문 서비스를 제공하는 주체로 등장합니다. NXT: NXT 미등장.",근거 문장에 상대 종목 미등장 — 관계 근거로 불충분,"BKR: 전 세계 에너지 및 산업 가치 사슬 전반에 걸쳐 기술과 서비스를 제공합니다.
유전 서비스, 장비, 터보 기계 및 디지털 솔루션 분야에서 혁신적인 기술을 공급하는 선도적인 에너지 기술 기업입니다.","NXT: 전력 산업 관련 기술 및 솔루션 개발에 주력하는 것으로 알려져 있습니다.
재생 에너지 및 전력 인프라 기술 시장에서 입지를 다지고 있습니다. (일반 지식 기반)","We are positioned to support our customers' commitments to reduce their carbon footprint with a range of products and services for what we refer to as ""New Energy."" This portfolio includes integrated solutions for flare reduction, CCUS, hydrogen production, transportation, storage and distribution, geothermal and clean power, and emission-abatement solutions. Over the past several years, we have made progress in strategic investments and acquisitions in emerging energy technologies to advance CCUS, hydrogen, clean power and e-fuels, and have established strategic partnerships with companies such as Fervo Energy, Frontier Carbon Solutions, HIF Global, and NET Power. Our Sustainability Advisory enables us to complement our low-to zero-carbon solutions with expert capabilities that help customers quantify and reduce emissions more efficiently, while also continuing to expand our low-to zero-carbon solutions.",OK,HOLD,"두 회사 모두 에너지 산업군에 속하지만, 문단에서 NXT와의 명시적인 관계가 언급되지 않습니다."
BKR↔VLO,PARTNER_WITH,"SEC 10-K: Over the past several years, we have made progress in strategic investments and acquisitions in emer",,False,PARTNER_WITH,pending,pending,False,True,0.0,True,noise_self_contradiction,pending,True,False,False,,"이 문단은 Baker Hughes(BKR)가 자사의 'New Energy' 솔루션 포트폴리오와 고객의 탄소 발자국 감축을 지원하는 역할을 설명하고 있습니다. 문단은 특히 CCUS, 수소, 청정 전력 및 e-연료 기술 발전을 위한 전략적 투자 및 파트너십에 대해 언급하지만, Valero Energy(VLO)에 대한 어떠한 언급도 포함하고 있지 않습니다. 따라서 문서에는 Baker Hughes와 Valero Energy 사이의 어떠한 직접적인 제품, 서비스, 거래 또는 파트너십에 대한 서술이 없습니다.",m&a|target_absent|truncated,"Over the past several years, we have made progress in strategic investments and acquisitions in emerging energy technologies to advance CCUS, hydrogen, clean power and e-fuels, and have established strategic partnerships with companies such as Fervo Energy, Frontier Carbon Solutions, HIF Global, and NET Power. Our Sustainability Advisory enables us to complement our low-to zero-carbon solutions with expert capabilities that help customers quantify and reduce emissions more efficiently, while also continuing to expand our low-to zero-carbon solutions.
•
Digital & artificial intelligence (""AI"") advancement:
 We are seeing growing demand for more intelligent operations and the adoption of AI-based solutions as part of our customers' digital transformations.",BKR 10-K FY2025 · Item 1 사업,"BKR: 'we'로 지칭되며 전략적 투자 및 인수, 파트너십을 맺고 지속가능성 자문 서비스를 제공하는 주체로 등장합니다. VLO: VLO 미등장.",근거 문장에 상대 종목 미등장 — 관계 근거로 불충분,"BKR: 전 세계 에너지 및 산업 가치 사슬 전반에 걸쳐 기술과 서비스를 제공합니다.
유전 서비스, 장비, 터보 기계 및 디지털 솔루션 분야에서 혁신적인 기술을 공급하는 선도적인 에너지 기술 기업입니다.","VLO: 미국, 캐나다, 유럽 등에서 운송 연료 및 석유화학 제품을 제조, 판매합니다.
북미 지역의 주요 독립 정유사이자 재생 디젤 및 에탄올 생산 업체 중 하나입니다.","We are positioned to support our customers' commitments to reduce their carbon footprint with a range of products and services for what we refer to as ""New Energy."" This portfolio includes integrated solutions for flare reduction, CCUS, hydrogen production, transportation, storage and distribution, geothermal and clean power, and emission-abatement solutions. Over the past several years, we have made progress in strategic investments and acquisitions in emerging energy technologies to advance CCUS, hydrogen, clean power and e-fuels, and have established strategic partnerships with companies such as Fervo Energy, Frontier Carbon Solutions, HIF Global, and NET Power. Our Sustainability Advisory enables us to complement our low-to zero-carbon solutions with expert capabilities that help customers quantify and reduce emissions more efficiently, while also continuing to expand our low-to zero-carbon solutions.",HOLD,HOLD,"두 회사 모두 에너지 산업군에 속하지만, 문단에서 VLO와의 명시적인 관계가 언급되지 않습니다."
BLK↔HPQ,PARTNER_WITH,"SEC 10-K: BlackRock recorded approximately $3.0 billion of indefinite-lived management contracts, $2.7 billion",,False,PARTNER_WITH,pending,pending,False,True,0.0,True,noise_self_contradiction,pending,True,False,False,,"이 문단은 BlackRock(BLK)이 2025년 특정 거래(HPS Transaction, Preqin Transaction)와 관련하여 기록된 무형 자산(경영 계약, 투자자 관계, 고객 관계, 기술 관련 무형 자산)에 대해 설명하며 재무 보고 맥락에서 작성되었습니다. 문단에 HP Inc.(HPQ)에 대한 어떠한 언급도 없습니다. 따라서 문서에는 BlackRock과 HP Inc. 사이의 어떠한 제품, 서비스, 거래 또는 파트너십에 대한 서술이 없습니다.",m&a|target_absent|truncated,"Unanticipated events may affect these assumptions.
 
During 2025, BlackRock recorded approximately $3.0 billion of indefinite-lived management contracts, $2.7 billion of finite-lived management contracts and $1.0 billion of finite-lived investor relationships in connection with the HPS Transaction and $1.1 billion of finite-lived customer relationships and $125 million of finite-lived technology-related intangible assets in connection with the Preqin Transaction.
The acquisition date fair value of the indefinite and finite-lived management contracts as well as finite-lived investor relationships recorded in connection with the HPS Transaction were determined using an income approach. The assumptions used in the income approach primarily included discount rates ranging from 8.0%-12.0%, as well as estimated revenue projections, synergies, investor attrition, operating profits and tax rates.
 
The acquisition date fair value of customer relationships and technology-related intangible assets recorded in connection with the Preqin Transaction were determined using an income approach and a replacement cost approach, respectively.",BLK 10-K FY2025 · Item 1 사업,BLK: 'BlackRock'으로 명시되어 HPS Transaction 및 Preqin Transaction과 관련하여 특정 계약 및 자산을 기록한 주체로 등장합니다. HPQ: HPQ 미등장.,근거 문장에 상대 종목 미등장 — 관계 근거로 불충분,"BLK: 기관, 중개 및 개인 투자자를 대상으로 투자 관리, 위험 관리 및 자문 서비스를 제공합니다.
세계 최대의 자산운용사 중 하나로, 다양한 투자 포트폴리오와 솔루션을 통해 글로벌 금융 시장에 영향력을 행사합니다.","HPQ: HP는 개인용 컴퓨터, 프린터 및 관련 이미징 제품, 솔루션 및 서비스를 전 세계에 제공합니다.
개인용 컴퓨팅 및 프린팅 시장에서 선도적인 위치를 차지하며 소비자 및 기업 고객 모두에게 혁신적인 제품을 공급합니다.","During 2025, BlackRock recorded approximately $3.0 billion of indefinite-lived management contracts, $2.7 billion of finite-lived management contracts and $1.0 billion of finite-lived investor relationships in connection with the HPS Transaction and $1.1 billion of finite-lived customer relationships and $125 million of finite-lived technology-related intangible assets in connection with the Preqin Transaction.",DROP,DROP,"두 회사는 다른 산업군에 속하며, 문단에서 HPQ와의 관계가 전혀 언급되지 않습니다."
CAH↔IONQ,PARTNER_WITH,SEC 10-K: The performance of our MSO platforms positively impacted the year-over-year comparison of Pharma seg,,False,COMPETES_WITH,pending,pending,False,True,0.0,True,pending,pending,False,False,False,,"이 문단은 Cardinal Health(CAH)가 MSO(Managed Services Organization) 플랫폼의 실적이 제약 부문 이익에 긍정적인 영향을 미쳤음을 설명하며, 이는 GIA와 'ION'의 인수에 기인한다고 밝히고 있습니다. 문단에서 언급된 'ION'이 프로필의 양자 컴퓨팅 기업인 IonQ와 동일한 회사인지에 대한 서술은 문서에 없습니다. Cardinal Health의 프로필은 헬스케어 서비스 기업이며 MSO 플랫폼 인수는 의료 분야와 관련성이 높으나, IonQ의 프로필은 양자 컴퓨팅 하드웨어 및 소프트웨어 개발이므로, 두 회사가 동일한 회사일 가능성은 낮습니다. 따라서 문서에는 Cardinal Health와 IonQ 사이의 어떠한 직접적인 관계나 거래에 대한 명확한 서술이 없습니다.",m&a|target_absent|truncated,"These risks and uncertainties may impact Pharma segment profit and consolidated operating earnings during fiscal 2026 and beyond.
Management Service Organization Platforms
The performance of our MSO platforms positively impacted the year-over-year comparison of Pharma segment profit during fiscal 2025 due to the acquisitions of GIA and ION. Our ability to successfully provide physician practice support and management services, and to receive the value we expect to receive from our recent acquisition of MSO platforms, depends upon a number of factors, including: the ability to develop or acquire and integrate appropriate practice management and support expertise; the ability to support recruitment, integration, and retention of sufficient numbers of local providers and staff; the ability to successfully support negotiations with vendors, suppliers, and payors; the reimbursement environment; and competition from other healthcare organizations.
Global Medical Products and Distribution Segment
Volumes
Cardinal Health brand medical products sales grew during fiscal 2025 and we expect further growth in fiscal 2026 and beyond.",CAH 10-K FY2025 · Item 7 MD&A,CAH: 'Our' 및 'Cardinal Health'로 지칭되며 MSO 플랫폼의 성과 및 GIA와 ION 인수에 대해 설명하는 주체로 등장합니다. IONQ: 'ION'으로 명시되어 CAH가 2025 회계연도에 인수한 대상 중 하나로 등장합니다.,근거 문장에 상대 종목 미등장 — 관계 근거로 불충분,"CAH: 병원, 약국 등에 제약 및 의료 제품 유통과 맞춤형 헬스케어 솔루션을 제공합니다.
의료 서비스 공급자에게 필수적인 의약품 및 의료용품을 공급하는 통합 헬스케어 서비스 기업입니다.","IONQ: IONQ는 양자 컴퓨팅 하드웨어 및 소프트웨어를 개발하고 클라우드를 통해 제공합니다. (일반 지식 기반)
이온 트랩 기반의 양자 컴퓨터 기술 분야에서 선도적인 위치를 목표로 하는 기업입니다. (일반 지식 기반)","The performance of our MSO platforms positively impacted the year-over-year comparison of Pharma segment profit during fiscal 2025 due to the acquisitions of GIA and ION. Our ability to successfully provide physician practice support and management services, and to receive the value we expect to receive from our recent acquisition of MSO platforms, depends upon a number of factors, including: the ability to develop or acquire and integrate appropriate practice management and support expertise; the ability to support recruitment, integration, and retention of sufficient numbers of local providers and staff; the ability to successfully support negotiations with vendors, suppliers, and payors; the reimbursement environment; and competition from other healthcare organizations.",,OK,"문단에서 CAH가 'ION'을 인수했다고 명시적으로 언급하며, 이는 IONQ를 지칭할 가능성이 높아 명확한 관계를 나타냅니다."
CB↔BLK,PARTNER_WITH,"SEC 10-K: In addition, Chubb has an arrangement with BlackRock, Inc. under which both Chubb and BlackRock, Inc",,True,,auto_candidate,pending,True,True,0.9,True,auto_candidate,pending,False,True,False,,"이 문단은 Chubb(CB)가 ABR Reinsurance Capital Holdings Ltd.의 보통주를 소유하고 있으며, ABR Re를 중심으로 Chubb와 BlackRock(BLK)의 상호 작용을 설명합니다. Chubb는 ABR Re에 재보험 위험을 양도하는 유일한 출처이며, BlackRock은 ABR Re의 투자 관리 서비스 제공업체 역할을 합니다. Chubb는 ABR Re의 재보험 인수 이익과 BlackRock의 투자 관리 서비스를 통해 발생하는 소득 및 자본 이득으로부터 이익을 얻을 것으로 기대됩니다. 또한, Chubb와 BlackRock은 ABR Re와의 재보험 및 투자 관리 계약과 관련하여 특정 수수료를 동등하게 공유하는 별도의 계약을 맺고 있습니다. 문서에는 두 회사 간의 직접적인 상품 또는 서비스 거래에 대한 상세한 서술은 없으며, ABR Re를 매개로 한 간접적인 재정 및 서비스 관계가 주를 이룹니다.",indirect|list|truncated,"In addition, Chubb has an arrangement with BlackRock, Inc. under which both Chubb and BlackRock, Inc. will be entitled to an equal share of the aggregate amount of certain fees, including underwriting and investment management performance related fees, in connection with their respective reinsurance and investment management arrangements with ABR Re. In connection with this arrangement with BlackRock, Inc., we recorded income of $
3
 million, $
12
 million, and $
8
 million in 
2025
, 
2024
, and 
2023
, respectively, which is recorded in Other (income) expense on the Consolidated statements of operations.",CB 10-K FY2025 · Item 1 사업,"CB: 'Chubb'로 명시되어 BlackRock, Inc.와 계약을 맺은 주체이자 ABR Re와의 재보험 및 투자 관리 계약과 관련하여 수익을 기록한 주체로 등장합니다. BLK: 'BlackRock, Inc.'로 명시되어 Chubb와 계약을 맺은 상대방이자 ABR Re와의 재보험 및 투자 관리 계약과 관련하여 특정 수수료의 지분을 가질 주체로 등장합니다.",,"CB: 전 세계적으로 상업 및 개인 재산-손해 보험, 재보험 상품을 제공합니다.
고급 보험 시장과 재보험 부문에서 폭넓은 솔루션을 제공하는 글로벌 보험 기업입니다.","BLK: 기관, 중개 및 개인 투자자를 대상으로 투자 관리, 위험 관리 및 자문 서비스를 제공합니다.
세계 최대의 자산운용사 중 하나로, 다양한 투자 포트폴리오와 솔루션을 통해 글로벌 금융 시장에 영향력을 행사합니다.","percent of the common equity of ABR Reinsurance Capital Holdings Ltd. ABR Reinsurance Capital Holdings Ltd., is the parent company of ABR Reinsurance Ltd. (ABR Re), an independent reinsurance company. Through long-term arrangements, Chubb is the sole source of reinsurance risks ceded to ABR Re, and BlackRock, Inc. serves as an investment management service provider. As an investor, Chubb is expected to benefit from underwriting profit generated by ABR Re’s reinsuring a wide range of Chubb’s primary insurance business and the income and capital appreciation BlackRock, Inc. seeks to deliver through its investment management services. In addition, Chubb has an arrangement with BlackRock, Inc. under which both Chubb and BlackRock, Inc. will be entitled to an equal share of the aggregate amount of certain fees, including underwriting and investment management performance related fees, in connection with their respective reinsurance and investment management arrangements with ABR Re. In connection with this arrangement with BlackRock, Inc., we recorded income of $",,OK,"문단에서 BlackRock, Inc.가 투자 관리 서비스 제공자 역할을 하고 Chubb와 수수료 공유 약정을 맺고 있다고 명시적으로 서술합니다."
CRWD↔AMZN,PARTNER_WITH,"SEC 10-K: To further meet the compliance demands of the government, customers can elect to deploy the Falcon p",,False,,pending,pending,False,True,0.0,True,pending,pending,False,False,False,,"이 문단은 CrowdStrike(CRWD)가 미국 연방 정부 및 주, 지방, 고등 교육 기관 고객 확보에 대한 지속적인 투자를 설명하며, 자사 플랫폼의 규제 준수 역량을 강조합니다. CrowdStrike는 정부 고객의 규제 준수 요구 사항을 충족시키기 위해, 고객들이 자사의 Falcon 플랫폼을 'AWS GovCloud에 배포'하도록 선택할 수 있다고 명시합니다. AWS GovCloud는 Amazon(AMZN)의 클라우드 컴퓨팅 서비스인 AWS의 일부이므로, CrowdStrike는 자사의 솔루션을 Amazon의 클라우드 인프라 위에서 운영할 수 있도록 지원합니다. 이로써 CrowdStrike의 고객은 Amazon의 클라우드 서비스를 활용하여 CrowdStrike의 보안 플랫폼을 사용할 수 있게 됩니다. 문서에는 CrowdStrike와 Amazon 간의 직접적인 상업적 계약이나 파트너십 조건, 재정적 세부 사항에 대한 서술은 없습니다.",target_absent|truncated,"To further meet the compliance demands of the government, customers can elect to deploy the Falcon platform in the AWS GovCloud. We have also successfully been embedded into several strategic government-wide cybersecurity programs and contracts, such as the Department of Homeland Security’s Continuous Diagnostics and Mitigation Approved Products List, which serves to provide federal agencies with innovative security tools.",CRWD 10-K FY2025 · Item 1 사업,CRWD: 'We'로 지칭되며 Falcon 플랫폼을 제공하고 정부 사이버 보안 프로그램에 통합된 주체로 등장합니다. AMZN: 'AWS GovCloud'의 일부로서 Falcon 플랫폼이 배포될 수 있는 클라우드 환경을 제공하는 주체로 등장합니다.,근거 문장에 상대 종목 미등장 — 관계 근거로 불충분,"CRWD: 엔드포인트 및 클라우드 워크로드, ID, 데이터 전반에 걸쳐 클라우드 기반의 사이버 보안 솔루션을 제공합니다.
위협 인텔리전스, 제로 트러스트 ID 보호 등 Falcon 플랫폼 구독 서비스를 전 세계 고객에게 제공하는 선도 기업입니다.","AMZN: 아마존은 전자상거래, 클라우드 컴퓨팅(AWS), 디지털 스트리밍, 인공지능 등 다양한 사업을 영위합니다.
세계 최대의 온라인 소매업체이자 클라우드 서비스 제공업체로서 글로벌 시장에서 독보적인 위치를 차지합니다. (일반 지식 기반)","We continue to invest heavily in the acquisition of customers in the U.S. federal government as well as the state, local, and higher education verticals. Our platform is authorized by several federal agencies via the Federal Risk and Authorization Management Program (“FedRAMP”). Additionally, Department of Defense organizations can rely upon CrowdStrike’s Impact Level 5 provisional authorization to satisfy their cloud-based security requirements. To further meet the compliance demands of the government, customers can elect to deploy the Falcon platform in the AWS GovCloud. We have also successfully been embedded into several strategic government-wide cybersecurity programs and contracts, such as the Department of Homeland Security’s Continuous Diagnostics and Mitigation Approved Products List, which serves to provide federal agencies with innovative security tools. As a result, the Cybersecurity and Infrastructure Security Agency has leveraged a significant investment in our platform to support modernization efforts within the Federal Civilian Executive Branch. Further evidence of our progress into these critical markets is demonstrated by virtue of the fact that 25 of the 50 U.S. states have standardized on CrowdStrike’s platform at the enterprise level.",,OK,"문단에서 CRWD의 Falcon 플랫폼이 AWS GovCloud에 배포될 수 있다고 명시하여, 두 회사 간의 기술적 협력 또는 의존 관계를 보여줍니다."
DAL↔AXP,PARTNER_WITH,"SEC 10-K: This is primarily composed of revenues related to lounge access, including access provided to certai",공항 라운지 서비스,True,,pending,pending,False,True,0.8,True,pending,pending,False,False,False,공항 라운지 서비스,"이 문단은 Delta Air Lines(DAL)의 수익 구성 요소를 설명하며, 특히 라운지 이용, 여행 상품, 코드셰어 협약 등을 언급합니다. Delta Air Lines의 수익 중 일부는 '라운지 이용'과 관련되어 있으며, 이 라운지 이용에는 '특정 American Express 카드 소지자'에게 제공되는 접근 권한이 포함된다고 명시되어 있습니다. 즉, American Express(AXP) 카드 소지자들이 Delta Air Lines의 라운지를 이용할 수 있도록 하는 형태로 두 회사가 얽혀있습니다. 이는 American Express가 Delta Air Lines의 고객 유치 또는 서비스 제공 방식에 영향을 미치는 간접적인 협력 관계를 시사합니다. 문서에는 이 라운지 접근 권한 제공이 어떻게 계약되었는지, American Express가 Delta Air Lines에 어떤 대가를 지불하는지 등 구체적인 상업적 조건은 서술되어 있지 않습니다.",indirect|target_absent|truncated,"During the years ended December 31, 2025 and 2024, the MRO business generated revenues of $822 million and $658 million, respectively.
Miscellaneous.
 This is primarily composed of revenues related to lounge access, including access provided to certain American Express cardholders, travel products (e.g., car rentals or hotels booked with our commercial partners), codeshare agreements and international joint venture partnership contractual settlements. The increase in revenues was primarily driven by growth in travel products, codeshare and lounge access.
Delta Air Lines, Inc.",DAL 10-K FY2025 · Item 7 MD&A,"DAL: 'Delta Air Lines, Inc.'로 명시되어 해당 재무 정보를 보고하는 회사로 등장합니다. AXP: 'American Express cardholders'로 언급되며, 특정 카드 소지자에게 라운지 이용 혜택이 제공되는 대상의 주체로 간접적으로 언급됩니다.",근거 문장에 상대 종목 미등장 — 관계 근거로 불충분,"DAL: 미국 및 전 세계적으로 여객 및 화물에 대한 정기 항공 운송 서비스를 제공합니다.
애틀랜타, 디트로이트 등 주요 국내 허브와 암스테르담, 파리 등 국제 허브를 기반으로 광범위한 항공 네트워크를 운영합니다.","AXP: 신용 및 선불카드 결제 상품과 여행 관련 서비스를 전 세계적으로 제공합니다.
개인 및 기업 고객을 위한 결제, 금융, 가맹점 네트워크 서비스 시장에서 선두적인 위치를 차지합니다.","This is primarily composed of revenues related to lounge access, including access provided to certain American Express cardholders, travel products (e.g., car rentals or hotels booked with our commercial partners), codeshare agreements and international joint venture partnership contractual settlements. The increase in revenues was primarily driven by growth in travel products, codeshare and lounge access.",,OK,"문단에서 특정 American Express 카드 소지자에게 라운지 이용을 제공한다고 명시하여, 두 회사 간의 제휴 관계를 보여줍니다."
DLR↔DLR,PARTNER_WITH,"SEC 10-K: Digital Realty Trust, Inc. (the Parent), through its controlling interest in Digital Realty Trust, L",,False,DEPENDS_ON,pending,pending,True,True,0.9,True,pending,pending,False,True,False,,"이 문단은 Digital Realty Trust, Inc.가 어떻게 조직되어 있고 어떤 사업을 하는지 설명하며, 특히 Digital Realty Trust, Inc.(Parent)와 Digital Realty Trust, L.P.(Operating Partnership 또는 OP) 간의 관계를 명확히 합니다. Digital Realty Trust, Inc.(Parent)는 Digital Realty Trust, L.P.(OP)에 대한 '지배 지분'을 통해 사업을 운영합니다. OP는 Parent가 데이터센터를 소유, 인수, 개발 및 운영하는 사업을 수행하는 실체입니다. 따라서 두 DLR은 독립적인 별개의 회사가 아니라, 하나의 사업체 내에서 서로 다른 법적 실체와 역할을 가진 관계입니다. 문서에는 Parent와 OP 간의 구체적인 내부 거래, 재정적 분할 또는 각 실체의 독립적인 외부 고객 관계에 대한 상세한 서술이 없습니다.",indirect|list|truncated,"Digital Realty Trust, Inc. (the Parent), through its controlling interest in Digital Realty Trust, L.P. (the Operating Partnership or the OP) and the subsidiaries of the OP (collectively, we, our, us or the Company), is a leading global provider of data center (including colocation and interconnection) solutions for customers across a variety of industry verticals ranging from cloud and information technology services, social networking and communications to financial services, manufacturing, energy, healthcare, and consumer products. The OP, a Maryland limited partnership, is the entity through which the Parent, a Maryland corporation, conducts its business of owning, acquiring, developing and operating data centers.",DLR 10-K FY2025 · Item 1 사업,"DLR (symbol_a): 'Digital Realty Trust, Inc.' 및 'the Parent'로 명시되며, 데이터 센터 솔루션의 글로벌 공급업체이자 Operating Partnership을 통해 사업을 운영하는 주체입니다. DLR (symbol_b): 'Digital Realty Trust, L.P.' 및 'the Operating Partnership (OP)'으로 명시되며, Digital Realty Trust, Inc.가 지배 지분을 통해 사업을 수행하는 파트너십 법인으로 등장합니다.",,"DLR: 전 세계 선도 기업 및 서비스 제공업체에 데이터센터, 코로케이션 및 상호 연결 솔루션을 제공합니다.
23개국 48개 대도시에 걸쳐 284개 이상의 시설을 보유한 글로벌 데이터센터 플랫폼 제공업체입니다.","DLR: 전 세계 선도 기업 및 서비스 제공업체에 데이터센터, 코로케이션 및 상호 연결 솔루션을 제공합니다.
23개국 48개 대도시에 걸쳐 284개 이상의 시설을 보유한 글로벌 데이터센터 플랫폼 제공업체입니다.","Digital Realty Trust, Inc. (the Parent), through its controlling interest in Digital Realty Trust, L.P. (the Operating Partnership or the OP) and the subsidiaries of the OP (collectively, we, our, us or the Company), is a leading global provider of data center (including colocation and interconnection) solutions for customers across a variety of industry verticals ranging from cloud and information technology services, social networking and communications to financial services, manufacturing, energy, healthcare, and consumer products. The OP, a Maryland limited partnership, is the entity through which the Parent, a Maryland corporation, conducts its business of owning, acquiring, developing and operating data centers. The Parent operates as a real estate investment trust (“REIT”) for U.S. federal income tax purposes.",,DROP,"두 회사의 심볼이 동일하며, 문단 내용은 Digital Realty Trust의 내부 기업 구조와 운영에 대한 설명일 뿐 두 별개 회사 간의 관계를 서술하지 않습니다."
EA↔MSFT,PARTNER_WITH,"SEC 10-K: Addendum to Xbox Console Publisher License Agreement, effective as of July 1, 2024, between Microsof",비디오 게임,True,,pending,pending,False,True,0.9,True,pending,pending,False,True,False,비디오 게임,"이 문단은 Microsoft와 Electronic Arts 간의 기존 계약에 대한 추가 사항을 설명하며, 이는 두 회사 간의 사업 관계를 문서화하는 맥락입니다. Microsoft는 Xbox 콘솔을 운영하는 회사이고, Electronic Arts는 게임 콘텐츠를 개발하고 퍼블리싱하는 회사입니다. 문단에 따르면, 양사는 2024년 7월 1일부터 적용되는 Xbox 콘솔 퍼블리셔 라이선스 계약 추가 계약을 체결했습니다. 이는 Electronic Arts가 Microsoft의 Xbox 플랫폼에서 게임을 퍼블리싱할 수 있도록 하는 사업적 협력 관계를 나타냅니다. 문서에는 Electronic Arts가 Xbox에 제공하는 특정 게임에 대한 정보나 계약의 구체적인 상업적 조건에 대한 서술이 없습니다. 두 회사가 게임 시장에서 경쟁 관계에 있는지에 대한 언급도 없습니다.",list|target_absent|truncated,"and EA Swiss Sàrl
10-Q
000-17948
11/10/2020
10.19**
Addendum to Xbox Console Publisher License Agreement, effective as of July 1, 2024, between Microsoft Corporation, Electronic Arts Inc. and EA Swiss Sàrl
10-Q
000-17948
8/2/2024
10.20**
Playstation Global Developer & Publisher Agreement, dated April 1, 2018, by and among Electronic Arts Inc., EA International (Studio & Publishing) Ltd., Sony Interactive Entertainment Inc., Sony Interactive Entertainment LLC, and Sony Interactive Entertainment Europe Ltd
10-Q
000-17948
8/8/2018
10.21**
PlayStation 5 Amendment to the PlayStation Global Developer and Publisher Agreement, dated as of October 15, 2020, by and among Electronic Arts Inc., EA Swiss Sàrl, Sony Interactive Entertainment, Inc., Sony Interactive Entertainment LLC, and Sony Interactive Entertainment Europe Limited
10-Q
000-17948
11/10/2020
10.22
Credit Agreement, dated March 22, 2023, by and among Electronic Arts Inc., the lenders from time to time party thereto, and JPMorgan Chase Bank, N.A., as Administrative Agent
8-K
000-17948
3/22/2023
10.23
Voting, Support and Rollover Agreement, by and among Electronic Arts Inc., Oak-Eagle AcquireCo, Inc. and the Public Investment Fund, dated as of September 28, 2025
8-K
000-17948
9/29/2025
10.24
Form of Voting and Support Agreement, by and between Electronic Arts Inc.",EA 10-K FY2026 · Item 1 사업,EA: 'Electronic Arts Inc.'로 명시되어 Microsoft Corporation 및 EA Swiss Sàrl과 Xbox Console Publisher License Agreement의 추가 계약을 체결한 당사자 중 하나로 등장합니다. MSFT: 'Microsoft Corporation'으로 명시되어 Electronic Arts Inc. 및 EA Swiss Sàrl과 Xbox Console Publisher License Agreement의 추가 계약을 체결한 당사자 중 하나로 등장합니다.,근거 문장에 상대 종목 미등장 — 관계 근거로 불충분,"EA: 게임 콘솔, PC, 모바일 플랫폼용 게임 콘텐츠 및 서비스를 개발, 마케팅, 퍼블리싱, 배급합니다.
FIFA, 매든 NFL, 심즈, 에이펙스 레전드 등 인기 브랜드를 통해 글로벌 비디오 게임 시장의 주요 플레이어입니다.","MSFT: 소프트웨어, 서비스, 장치 및 솔루션을 개발하고 지원합니다.
Windows 운영체제, Office 생산성 소프트웨어, Azure 클라우드 서비스 등을 제공하는 글로벌 기술 기업입니다.","Addendum to Xbox Console Publisher License Agreement, effective as of July 1, 2024, between Microsoft Corporation, Electronic Arts Inc. and EA Swiss Sàrl",,OK,문단에서 두 회사 간 Xbox 콘솔 퍼블리셔 라이선스 계약을 명시적으로 서술하고 있습니다.
EQT↔XEL,PARTNER_WITH,"SEC 10-K: Prior to that he served as Senior Director, Technical Accounting and Financial Reporting at Rice Ene",,False,,pending,pending,False,True,0.0,True,pending,pending,False,False,False,,"이 문단은 EQT Corporation의 최고회계책임자로 임명된 Mr. James의 경력 이력을 설명하는 인사 관련 정보입니다. 문단에는 EQT Corporation과 Mr. James의 경력에 대한 정보만 포함되어 있으며, XEL이라는 회사는 전혀 언급되지 않습니다. 따라서 문단만을 기반으로는 EQT와 XEL 간의 어떠한 관계도 확인할 수 없습니다. 문서에는 EQT와 XEL 간의 사업적 거래, 서비스 제공, 경쟁 관계, 또는 기타 어떠한 형태의 협력 관계에 대한 서술이 없습니다.",indirect|m&a|target_absent|truncated,"Prior to that he served as Senior Director, Technical Accounting and Financial Reporting at Rice Energy Inc. from December 2014 through its acquisition by EQT in November 2017 and until February 2018. Prior to joining Rice Energy, Mr.",EQT 10-K FY2025 · Item 1 사업,EQT: Rice Energy Inc.를 2017년 11월에 인수한 주체로 등장합니다. XEL: XEL 미등장.,근거 문장에 상대 종목 미등장 — 관계 근거로 불충분,"EQT: 미국에서 천연가스, 천연가스액(NGLs) 및 원유를 생산하는 에너지 기업입니다.
특히 마르셀러스(Marcellus) 셰일 지층에 광범위한 천연가스 매장량을 보유한 미국 내 주요 천연가스 생산 기업입니다.","XEL: 자회사들을 통해 전기를 생산, 구매, 송전, 배전 및 판매하며 천연가스도 공급합니다.
미국 중서부 지역에서 규제 대상 전기 및 천연가스 유틸리티 서비스의 주요 제공업체입니다.","Mr. James was appointed as Chief Accounting Officer of EQT Corporation in November 2019. Prior to joining EQT, Mr. James served as Corporate Controller and Chief Accounting Officer of L.B. Foster Company (manufacturer and distributor of products and services for transportation and energy infrastructure) from April 2018 to October 2019. Prior to that he served as Senior Director, Technical Accounting and Financial Reporting at Rice Energy Inc. from December 2014 through its acquisition by EQT in November 2017 and until February 2018. Prior to joining Rice Energy, Mr. James was a Senior Manager, Assurance at PricewaterhouseCoopers LLP (public accounting firm), where he worked from August 2005 to November 2014.",,DROP,문단은 개인의 경력을 서술할 뿐 두 회사 간의 어떠한 관계도 명시적으로 언급하지 않습니다.
EXR↔EXR,PARTNER_WITH,"SEC 10-K: The Company’s interest in its stores is held through its operating partnership, Extra Space Storage ",스토리지 운영,True,,auto_candidate,pending,True,True,0.9,True,auto_candidate,pending,False,False,False,기타,"이 문단은 Extra Space Storage Inc.라는 회사(REIT)의 설립 배경, 사업 구조, 그리고 운영 파트너십과의 관계를 설명합니다. 이는 회사의 법적 및 사업적 구조를 명시하는 맥락입니다. 문단에 따르면 Extra Space Storage Inc.('The Company')는 Extra Space Storage LP('Operating Partnership')의 일반 파트너 및 유한 파트너 지분을 보유하고 있습니다. 회사는 이 운영 파트너십을 통해 미국 전역의 셀프 스토리지 매장을 소유하고, 운영하며, 관리하는 사업을 영위합니다. 운영 파트너십은 변동 지분 기업으로 정의되어 Extra Space Storage Inc.의 연결 재무제표에 포함되는 구조입니다. 이는 UPREIT 구조로 알려진, 지주회사와 그 핵심 운영 자회사(파트너십) 간의 지배적 관계를 나타냅니다. 문서에는 Extra Space Storage Inc.와 Extra Space Storage LP 간의 구체적인 내부 거래 조건이나 각 법인의 독립적인 시장 활동에 대한 서술은 없습니다.",truncated,"The Company’s interest in its stores is held through its operating partnership, Extra Space Storage LP (the “Operating Partnership”), which was formed on May 5, 2004. The Company’s primary assets are general partner and limited partner interests in the Operating Partnership, which meets the definition of a variable interest entity and is consolidated.",EXR 10-K FY2025 · Item 1 사업,"symbol_a는 ""The Company""로서 문장 내에서 자사를 지칭합니다. symbol_b는 ""Extra Space Storage LP (the “Operating Partnership”)""로서 symbol_a의 운영 파트너십의 이름입니다.",,"EXR: 미국 전역에 셀프 스토리지 시설을 소유 및 운영하며, 개인 및 기업 고객에게 다양한 보관 공간을 임대합니다.
S&P 500 지수 구성원이자 미국에서 두 번째로 큰 셀프 스토리지 리츠(REIT)로, 해당 시장의 주요 사업자입니다.","EXR: 미국 전역에 셀프 스토리지 시설을 소유 및 운영하며, 개인 및 기업 고객에게 다양한 보관 공간을 임대합니다.
S&P 500 지수 구성원이자 미국에서 두 번째로 큰 셀프 스토리지 리츠(REIT)로, 해당 시장의 주요 사업자입니다.","Extra Space Storage Inc. (the “Company”) is a fully integrated, self-administered and self-managed real estate investment trust (“REIT”), formed as a Maryland corporation on April 30, 2004 to own, operate, manage, acquire, develop and redevelop self-storage properties (“stores”) and provide lending to owners of stores located throughout the United States. The Company was formed to continue the business of Extra Space Storage LLC and its subsidiaries, which had engaged in the self-storage business since 1977. The Company’s interest in its stores is held through its operating partnership, Extra Space Storage LP (the “Operating Partnership”), which was formed on May 5, 2004. The Company’s primary assets are general partner and limited partner interests in the Operating Partnership, which meets the definition of a variable interest entity and is consolidated. This structure is commonly referred to as an umbrella partnership REIT, or UPREIT.",,DROP,"문단은 단일 회사(EXR)의 설립 및 사업 구조를 설명하며, 두 회사 간의 관계를 서술하는 것이 아닙니다."
FTNT↔AMZN,PARTNER_WITH,"SEC 10-K: Depending on the solution or form factor purchased, customers may also access our products via the c",,False,PARTNER_WITH,pending,pending,False,True,0.1,True,noise_self_contradiction,pending,True,False,False,,"이 문단은 Fortinet(FTNT)이 최종 고객에게 자사 제품과 서비스를 제공하는 다양한 방법을 설명하며, 특히 클라우드를 통한 접근 방식을 명시합니다. Fortinet의 최종 고객들은 자사의 제품 및 서비스에 클라우드를 통해 접근할 수 있으며, 이 과정에서 Amazon Web Services(AMZN)와 같은 타사 클라우드 제공업체가 활용됩니다. 이는 Fortinet이 자사 제품의 배포 및 접근성을 위해 Amazon Web Services의 클라우드 인프라를 사용하는 것을 포함함을 의미합니다. 따라서 Amazon Web Services는 Fortinet 고객에게 제품이 도달하는 경로를 제공하는 역할을 합니다. 문서에는 Fortinet과 Amazon Web Services 간의 구체적인 계약 조건, 재정적 거래, 또는 직접적인 경쟁 관계에 대한 서술이 없습니다.",target_absent|truncated,"Depending on the solution or form factor purchased, customers may also access our products via the cloud through our data centers and PoPs, third-party colocations and cloud providers such as Amazon Web Services, 
5
Table of Contents
Microsoft Azure and Google Cloud. Often, our customers also purchase our FortiGuard and other security subscription services and FortiCare technical support services.",FTNT 10-K FY2025 · Item 1 사업,"symbol_a는 ""our products"" 및 ""our data centers""에서 ""our""로 지칭되는 회사입니다. symbol_b는 ""Amazon Web Services""로서, 클라우드 제공업체의 한 예시로 언급됩니다.",근거 문장에 상대 종목 미등장 — 관계 근거로 불충분,"FTNT: 전 세계적으로 광범위하고 통합된 자동화된 사이버 보안 솔루션을 제공하며, FortiGate 하드웨어 및 소프트웨어 라이선스를 판매합니다.
방화벽, 침입 방지, 멀웨어 방지 등 다양한 보안 및 네트워킹 기능을 제공하며, 통합 사이버 보안 시장의 선두 주자입니다.","AMZN: 아마존은 전자상거래, 클라우드 컴퓨팅(AWS), 디지털 스트리밍, 인공지능 등 다양한 사업을 영위합니다.
세계 최대의 온라인 소매업체이자 클라우드 서비스 제공업체로서 글로벌 시장에서 독보적인 위치를 차지합니다. (일반 지식 기반)","Our end-customers are located in over 100 countries and include small, medium and large enterprises and government organizations across a wide range of industries, including financial services, government, manufacturing, retail, technology, education, healthcare and telecommunications. An end-customer deployment may involve as few as one or as many as dozens of different types of integrated products and services from across our broad portfolio that spans secure networking, unified SASE, and security operations. Depending on the solution or form factor purchased, customers may also access our products via the cloud through our data centers and PoPs, third-party colocations and cloud providers such as Amazon Web Services,",OK,OK,문단에서 FTNT의 고객이 AMZN의 클라우드 서비스(AWS)를 통해 FTNT 제품에 접근할 수 있다고 명시하여 두 회사 간의 협력 관계를 서술합니다.
GDDY↔AMZN,PARTNER_WITH,"SEC 10-K: We also work to make certain of our products interoperable with services such as Yelp, Google, Amazo",서비스 연동,True,,pending,pending,False,True,0.9,True,pending,pending,False,True,False,기타,"이 문단은 GoDaddy(GDDY)가 고객에게 핵심 제품과 서비스를 제공하기 위해 의존하는 파트너십 및 통합 관계를 설명합니다. 이는 GoDaddy의 사업 운영 및 서비스 제공 방식을 명시하는 맥락입니다. GoDaddy는 자사의 특정 제품들이 Amazon의 서비스와 상호 운용될 수 있도록 노력한다고 언급합니다. 이는 GoDaddy가 자사 고객들의 편의를 위해 자사의 플랫폼이나 서비스가 Amazon의 플랫폼과 기능적으로 연동되도록 기술적 노력을 기울이고 있음을 의미합니다. 이러한 상호 운용성은 GoDaddy 고객이 Amazon의 서비스를 GoDaddy 제품과 함께 활용할 수 있도록 지원하는 관계입니다. 문서에는 GoDaddy와 Amazon 간의 구체적인 계약 조건, 재정적 거래 규모, 또는 직접적인 경쟁 관계에 대한 서술이 없습니다. Amazon이 GoDaddy에 어떤 특정 서비스를 제공하는지에 대한 명확한 서술도 없습니다.",list|target_absent|truncated,"We also work to make certain of our products interoperable with services such as Yelp, Google, Amazon, WhatsApp and Instagram and, we provide various payment options for customers, including through our partnerships and technical integrations with providers such as PayPal, Stripe, Block and Mercado Libre. 
We have invested and will continue to invest in our partnerships to provide these product offerings and tools to our customers, to assist us in expanding the suite of solutions and tools we can offer to our customers and to help us attract new customers and retain and grow our existing customers.",GDDY 10-K FY2025 · Item 1 사업,"symbol_a는 ""We"" 및 ""our products""에서 ""We"" 및 ""our""로 지칭되는 회사입니다. symbol_b는 ""Amazon""으로서, 제품 상호 운용성을 확보하려는 서비스 중 하나로 언급됩니다.",근거 문장에 상대 종목 미등장 — 관계 근거로 불충분,"GDDY: 클라우드 기반 기술 제품을 설계 및 개발하며, 도메인 이름 등록 및 웹사이트 호스팅 서비스를 제공합니다.
웹사이트 분석, SSL 인증서 등 다양한 솔루션을 제공하며, 중소기업을 위한 온라인 존재 구축 시장의 주요 플랫폼 제공업체입니다.","AMZN: 아마존은 전자상거래, 클라우드 컴퓨팅(AWS), 디지털 스트리밍, 인공지능 등 다양한 사업을 영위합니다.
세계 최대의 온라인 소매업체이자 클라우드 서비스 제공업체로서 글로벌 시장에서 독보적인 위치를 차지합니다. (일반 지식 기반)","We rely on certain relationships with partners to offer and support key products and services, some of whom create integrations with our products, including Microsoft Corporation, a critical provider of email and related productivity tools through Microsoft 365, and others that create integrations with third-party applications and platforms used by our customers, such as advanced email security provided by ProofPoint, Inc., email backup and migration services provided by SkyKick and email archiving services provided by Barracuda. Our email offerings are a core component of many customers' productivity and daily operations and our ability to provide these services at scale depends, in significant part, on the continued availability, functionality and commercial terms of our partnerships, including with Microsoft and other email providers. We also maintain partnerships to help provide other core services to our customers, including with Norton Small Business, a provider of device security, cloud backup and other security tools, LegalZoom.com, Inc. and ZenBusiness, Inc., providers of business formation services, and with other providers that assist our customers with e-signatures, insurance and bookkeeping. We also work to make certain of our products interoperable with services such as Yelp, Google, Amazon, WhatsApp and Instagram and, we provide various payment options for customers, including through our partnerships and technical integrations with providers such as PayPal, Stripe, Block and Mercado Libre.",,OK,문단에서 GDDY가 자사 제품을 AMZN의 서비스와 상호 운용 가능하게 만들기 위해 협력한다고 명시적으로 서술합니다.
GDDY↔GOOGL,PARTNER_WITH,"SEC 10-K: We also work to make certain of our products interoperable with services such as Yelp, Google, Amazo",웹 서비스 연동,True,,auto_candidate,pending,True,True,0.9,True,auto_candidate,pending,False,True,False,기타,"이 문단은 GoDaddy(GDDY)가 고객에게 핵심 제품과 서비스를 제공하기 위해 의존하는 파트너십 및 통합 관계를 설명합니다. 이는 GoDaddy의 사업 운영 및 서비스 제공 방식을 명시하는 맥락입니다. GoDaddy는 자사의 제품들이 Google의 서비스와 상호 운용될 수 있도록 노력한다고 언급합니다. 이는 GoDaddy가 자사 고객들의 편의를 위해 자사의 플랫폼이나 서비스가 Google의 플랫폼과 기능적으로 연동되도록 기술적 노력을 기울이고 있음을 의미합니다. 이러한 상호 운용성은 GoDaddy 고객이 Google의 서비스를 GoDaddy 제품과 함께 활용할 수 있도록 지원하는 관계입니다. 문서에는 GoDaddy와 Google 간의 구체적인 계약 조건, 재정적 거래 규모, 또는 직접적인 경쟁 관계에 대한 서술이 없습니다. Google이 GoDaddy에 어떤 특정 서비스를 제공하는지에 대한 명확한 서술도 없습니다.",list|truncated,"We also work to make certain of our products interoperable with services such as Yelp, Google, Amazon, WhatsApp and Instagram and, we provide various payment options for customers, including through our partnerships and technical integrations with providers such as PayPal, Stripe, Block and Mercado Libre. 
We have invested and will continue to invest in our partnerships to provide these product offerings and tools to our customers, to assist us in expanding the suite of solutions and tools we can offer to our customers and to help us attract new customers and retain and grow our existing customers.",GDDY 10-K FY2025 · Item 1 사업,"symbol_a는 ""We"" 및 ""our products""에서 ""We"" 및 ""our""로 지칭되는 회사입니다. symbol_b는 ""Google""로서, 제품 상호 운용성을 확보하려는 서비스 중 하나로 언급됩니다.",,"GDDY: 클라우드 기반 기술 제품을 설계 및 개발하며, 도메인 이름 등록 및 웹사이트 호스팅 서비스를 제공합니다.
웹사이트 분석, SSL 인증서 등 다양한 솔루션을 제공하며, 중소기업을 위한 온라인 존재 구축 시장의 주요 플랫폼 제공업체입니다.","GOOGL: Google의 모회사로, 온라인 광고, 클라우드 컴퓨팅, 가전제품 및 인공지능을 포함한 다양한 기술 분야에서 사업을 운영합니다.
세계에서 가장 큰 기술 기업 중 하나로, 혁신적인 제품과 서비스를 통해 글로벌 기술 및 인터넷 서비스 시장을 선도합니다.","We rely on certain relationships with partners to offer and support key products and services, some of whom create integrations with our products, including Microsoft Corporation, a critical provider of email and related productivity tools through Microsoft 365, and others that create integrations with third-party applications and platforms used by our customers, such as advanced email security provided by ProofPoint, Inc., email backup and migration services provided by SkyKick and email archiving services provided by Barracuda. Our email offerings are a core component of many customers' productivity and daily operations and our ability to provide these services at scale depends, in significant part, on the continued availability, functionality and commercial terms of our partnerships, including with Microsoft and other email providers. We also maintain partnerships to help provide other core services to our customers, including with Norton Small Business, a provider of device security, cloud backup and other security tools, LegalZoom.com, Inc. and ZenBusiness, Inc., providers of business formation services, and with other providers that assist our customers with e-signatures, insurance and bookkeeping. We also work to make certain of our products interoperable with services such as Yelp, Google, Amazon, WhatsApp and Instagram and, we provide various payment options for customers, including through our partnerships and technical integrations with providers such as PayPal, Stripe, Block and Mercado Libre.",,OK,문단에서 GDDY가 자사 제품을 GOOGL의 서비스와 상호 운용 가능하게 만들기 위해 협력한다고 명시적으로 서술합니다.
GDDY↔META,PARTNER_WITH,"SEC 10-K: We also work to make certain of our products interoperable with services such as Yelp, Google, Amazo",,False,PARTNER_WITH,pending,pending,False,True,0.0,True,noise_self_contradiction,pending,True,True,False,,"이 문단은 GoDaddy(GDDY)가 고객에게 핵심 제품과 서비스를 제공하기 위해 의존하는 파트너십 및 통합 관계를 설명합니다. 이는 GoDaddy의 사업 운영 및 서비스 제공 방식을 명시하는 맥락입니다. GoDaddy는 자사의 제품들이 WhatsApp 및 Instagram과 같은 서비스들과 상호 운용될 수 있도록 노력한다고 명시합니다. WhatsApp과 Instagram은 Meta(META)의 자회사 또는 주요 서비스이므로, 이는 GoDaddy가 Meta의 주요 플랫폼들과의 기술적 연동을 통해 고객들에게 더 넓은 서비스 범위를 제공하려는 관계를 나타냅니다. 이 통합을 통해 GoDaddy의 고객들은 Meta의 소셜 미디어 플랫폼을 비즈니스 운영에 활용할 수 있습니다. 문서에는 GoDaddy와 Meta 간의 구체적인 계약 조건, 재정적 거래, 또는 직접적인 경쟁 관계에 대한 서술이 없습니다. Meta가 GoDaddy에 어떤 서비스를 제공하는지에 대한 명확한 서술도 없습니다.",indirect|list|target_absent|truncated,"We also work to make certain of our products interoperable with services such as Yelp, Google, Amazon, WhatsApp and Instagram and, we provide various payment options for customers, including through our partnerships and technical integrations with providers such as PayPal, Stripe, Block and Mercado Libre. 
We have invested and will continue to invest in our partnerships to provide these product offerings and tools to our customers, to assist us in expanding the suite of solutions and tools we can offer to our customers and to help us attract new customers and retain and grow our existing customers.",GDDY 10-K FY2025 · Item 1 사업,"symbol_a는 ""We"" 및 ""our products""에서 ""We"" 및 ""our""로 지칭되는 회사입니다. symbol_b는 ""Instagram"" 및 ""WhatsApp""으로서, 언급된 서비스 중 하나입니다.",근거 문장에 상대 종목 미등장 — 관계 근거로 불충분,"GDDY: 클라우드 기반 기술 제품을 설계 및 개발하며, 도메인 이름 등록 및 웹사이트 호스팅 서비스를 제공합니다.
웹사이트 분석, SSL 인증서 등 다양한 솔루션을 제공하며, 중소기업을 위한 온라인 존재 구축 시장의 주요 플랫폼 제공업체입니다.","META: 모바일 장치, 개인용 컴퓨터 및 기타 플랫폼을 통해 사람들이 친구 및 가족과 연결하고 공유할 수 있는 제품을 개발합니다.
페이스북, 인스타그램, 왓츠앱 등 세계 최대 소셜 미디어 플랫폼을 운영하며 메타버스 기술을 선도합니다.","We rely on certain relationships with partners to offer and support key products and services, some of whom create integrations with our products, including Microsoft Corporation, a critical provider of email and related productivity tools through Microsoft 365, and others that create integrations with third-party applications and platforms used by our customers, such as advanced email security provided by ProofPoint, Inc., email backup and migration services provided by SkyKick and email archiving services provided by Barracuda. Our email offerings are a core component of many customers' productivity and daily operations and our ability to provide these services at scale depends, in significant part, on the continued availability, functionality and commercial terms of our partnerships, including with Microsoft and other email providers. We also maintain partnerships to help provide other core services to our customers, including with Norton Small Business, a provider of device security, cloud backup and other security tools, LegalZoom.com, Inc. and ZenBusiness, Inc., providers of business formation services, and with other providers that assist our customers with e-signatures, insurance and bookkeeping. We also work to make certain of our products interoperable with services such as Yelp, Google, Amazon, WhatsApp and Instagram and, we provide various payment options for customers, including through our partnerships and technical integrations with providers such as PayPal, Stripe, Block and Mercado Libre.",OK,OK,"문단에서 GDDY가 자사 제품을 META의 서비스(WhatsApp, Instagram)와 상호 운용 가능하게 만들기 위해 협력한다고 명시적으로 서술합니다."
GDDY↔XYZ,PARTNER_WITH,"SEC 10-K: we provide various payment options for customers, including through our partnerships and technical i",결제 서비스,True,,pending,pending,False,True,0.3,True,pending,pending,False,False,False,금융·결제·거래소,"이 문단은 GoDaddy(GDDY)가 고객에게 다양한 결제 옵션을 제공하기 위해 파트너십 및 기술 통합을 활용하는 방법을 설명합니다. 문단에는 GoDaddy가 PayPal, Stripe, Block, Mercado Libre와 같은 제공업체들과의 파트너십 및 기술 통합을 통해 고객들에게 다양한 결제 옵션을 제공한다고 명시되어 있습니다. 그러나 `XYZ`라는 회사명은 이 문단에서 직접적으로 언급되지 않습니다. 따라서 문단에 제시된 정보만으로는 GoDaddy와 `XYZ` 간의 어떠한 직접적인 사업적 관계도 확인할 수 없습니다. 문서에는 GoDaddy와 `XYZ` 사이에 어떤 종류의 거래, 협력 또는 경쟁 관계가 있는지에 대한 서술이 전혀 없습니다. `XYZ` 자체가 문단에 언급되지 않았습니다.",target_absent|truncated,"We also work to make certain of our products interoperable with services such as Yelp, Google, Amazon, WhatsApp and Instagram and, we provide various payment options for customers, including through our partnerships and technical integrations with providers such as PayPal, Stripe, Block and Mercado Libre. 
We have invested and will continue to invest in our partnerships to provide these product offerings and tools to our customers, to assist us in expanding the suite of solutions and tools we can offer to our customers and to help us attract new customers and retain and grow our existing customers.",GDDY 10-K FY2025 · Item 1 사업,"symbol_a는 ""We"" 및 ""our products""에서 ""We"" 및 ""our""로 지칭되는 회사입니다. symbol_b 미등장.",근거 문장에 상대 종목 미등장 — 관계 근거로 불충분,"GDDY: 클라우드 기반 기술 제품을 설계 및 개발하며, 도메인 이름 등록 및 웹사이트 호스팅 서비스를 제공합니다.
웹사이트 분석, SSL 인증서 등 다양한 솔루션을 제공하며, 중소기업을 위한 온라인 존재 구축 시장의 주요 플랫폼 제공업체입니다.","XYZ: 판매자가 카드 결제를 수락하고 보고 및 분석, 익일 정산 등을 가능하게 하는 도구를 제공합니다.
소기업을 위한 결제 처리 하드웨어, 소프트웨어 및 금융 서비스를 제공하는 핀테크 기업입니다.","We rely on certain relationships with partners to offer and support key products and services, some of whom create integrations with our products, including Microsoft Corporation, a critical provider of email and related productivity tools through Microsoft 365, and others that create integrations with third-party applications and platforms used by our customers, such as advanced email security provided by ProofPoint, Inc., email backup and migration services provided by SkyKick and email archiving services provided by Barracuda. Our email offerings are a core component of many customers' productivity and daily operations and our ability to provide these services at scale depends, in significant part, on the continued availability, functionality and commercial terms of our partnerships, including with Microsoft and other email providers. We also maintain partnerships to help provide other core services to our customers, including with Norton Small Business, a provider of device security, cloud backup and other security tools, LegalZoom.com, Inc. and ZenBusiness, Inc., providers of business formation services, and with other providers that assist our customers with e-signatures, insurance and bookkeeping. We also work to make certain of our products interoperable with services such as Yelp, Google, Amazon, WhatsApp and Instagram and, we provide various payment options for customers, including through our partnerships and technical integrations with providers such as PayPal, Stripe, Block and Mercado Libre.",,DROP,"문단에서 XYZ가 명시적으로 언급되지 않았으며, GDDY가 다른 결제 서비스 제공업체와 협력한다고 서술할 뿐 XYZ와의 직접적인 관계는 드러나지 않습니다."
HCA↔HCA,PARTNER_WITH,"SEC 10-K: The terms “HCA,” “Company,” “we,” “our,” or “us,” as used herein, refer to HCA Healthcare, Inc. and ",,False,PARTNER_WITH,pending,pending,True,True,0.0,True,noise_self_contradiction,pending,True,True,True,,"이 문단은 HCA Healthcare의 연결재무제표에 대한 맥락을 설명하며, 'HCA', '회사', '우리' 등의 용어가 HCA Healthcare, Inc.와 그 계열사를 지칭함을 명시합니다. 따라서, 두 HCA 기호는 HCA Healthcare, Inc.와 그 자회사, 파트너십 및 합작 투자를 포함하는 내부적인 기업 구조 내 관계를 나타냅니다. 즉, 한 HCA는 모회사를, 다른 HCA는 그 모회사에 직접 또는 간접적으로 소속된 법인들을 의미합니다. 이들은 하나의 통합된 재무 보고 주체로서 묶여 있습니다. 문서에는 이들 간의 구체적인 사업 운영, 제품 또는 시장 경쟁 관계에 대한 서술은 없습니다.",indirect|list|truncated,"The terms “HCA,” “Company,” “we,” “our,” or “us,” as used herein, refer to HCA Healthcare, Inc. and its affiliates. The term “affiliates” means direct and indirect subsidiaries of HCA Healthcare, Inc. and partnerships and joint ventures in which such subsidiaries are partners.
 
Forward-Looking Statements
This annual report on Form 10-K includes certain disclosures that contain “forward-looking statements,” within the meaning of the federal securities laws, which involve risks and uncertainties. Forward-looking statements include statements regarding expected capital expenditures, expected dividends, expected share repurchases, expected net claim payments, expected inflationary pressures and all other statements that do not relate solely to historical or current facts, and can be identified by the use of words like “may,” “believe,” “will,” “expect,” “project,” “estimate,” “anticipate,” “plan,” “initiative” or “continue.” These forward-looking statements are based on our current plans and expectations and are subject to a number of known and unknown uncertainties and risks, many of which are beyond our control, which could significantly affect current plans and expectations and our future financial position and results of operations.",HCA 10-K FY2025 · Item 7 MD&A,"symbol_a는 ""HCA,"" ""Company,"" ""we,"" ""our,"" 또는 ""us""로 지칭되며 HCA Healthcare, Inc.와 그 계열사를 의미합니다. symbol_b는 ""HCA Healthcare, Inc.""로서 symbol_a가 지칭하는 대상의 공식 명칭으로 언급됩니다.",,"HCA: HCA 헬스케어는 미국 내에서 일반 병원, 급성기 치료 병원 및 외래 의료 시설을 운영하며 광범위한 의료 서비스를 제공합니다.
미국에서 가장 큰 독립 병원 운영 기업 중 하나로, 다양한 의료 서비스 분야에서 시장을 선도합니다.","HCA: HCA 헬스케어는 미국 내에서 일반 병원, 급성기 치료 병원 및 외래 의료 시설을 운영하며 광범위한 의료 서비스를 제공합니다.
미국에서 가장 큰 독립 병원 운영 기업 중 하나로, 다양한 의료 서비스 분야에서 시장을 선도합니다.","The accompanying consolidated financial statements present certain information with respect to the financial position, results of operations and cash flows of HCA Healthcare, Inc. which should be read in conjunction with the following discussion and analysis. The terms “HCA,” “Company,” “we,” “our,” or “us,” as used herein, refer to HCA Healthcare, Inc. and its affiliates. The term “affiliates” means direct and indirect subsidiaries of HCA Healthcare, Inc. and partnerships and joint ventures in which such subsidiaries are partners.",OK,OK,"문단에서 HCA Healthcare, Inc.와 그 계열사(affiliates)의 관계를 명시적으로 정의하며, 계열사에는 파트너십과 합작 투자가 포함된다고 설명한다."
INCY↔REGN,PARTNER_WITH,"SEC 10-K: in 2022 and 2023, we decided to terminate our collaborations with Calithera Biosciences, Inc. and Sy",,False,PARTNER_WITH,pending,pending,False,True,0.0,True,noise_self_contradiction,pending,True,True,False,,"이 문단은 Incyte(‘우리’로 지칭)가 신약 후보 물질의 라이선스 확보 및 공동 개발에 있어 겪을 수 있는 위험 요소를 설명합니다. Incyte는 더 많은 자원을 가진 경쟁자들이 동일한 약물 후보 물질의 인-라이선스를 추구하거나, 경쟁자들이 통제하는 약물 후보 물질에 대한 라이선스를 얻지 못할 수 있다고 언급합니다. Regeneron은 전 세계적으로 다양한 의약품을 발굴, 개발, 생산, 판매하는 생명공학 제약 시장의 주요 기업입니다. 따라서 Incyte는 Regeneron과 같은 주요 제약사들과 잠재적으로 동일한 신약 후보 물질의 라이선스를 확보하기 위해 경쟁하는 관계에 놓일 수 있음을 시사합니다. 문서에는 Incyte와 Regeneron 간의 구체적인 경쟁 사례나 협력 관계에 대한 서술은 없습니다.",list|target_absent|truncated,"For example, in January 2022, we decided to opt-out of the continued development with Merus of MCLA-145, which was the most advanced compound under our collaboration with Merus, and in 2022 and 2023, we decided to terminate our collaborations with Calithera Biosciences, Inc. and Syros Pharmaceuticals, Inc. If we make or incur contractual obligations to make significant upfront payments in connection with licenses for late-stage drug candidates, and if any of those drug candidates do not receive marketing approval or commercial sales as anticipated or we have to fund additional clinical trials before marketing approval can be obtained, we will have expended significant funds that might have been applied for other uses or we may have to expend funds that were not otherwise budgeted or anticipated in connection with the collaboration, and such developments could have a material adverse effect on our stock price and our ability to pursue other transactions.",INCY 10-K FY2025 · Item 1 사업,"symbol_a는 ""we""로 지칭되는 회사입니다. symbol_b 미등장.",근거 문장에 상대 종목 미등장 — 관계 근거로 불충분,"INCY: 인사이트는 자가 면역 질환, 암 등 다양한 질병 치료를 위한 독점적인 생물 의약품을 발굴, 개발 및 상용화하는 기업입니다.
혈액암 및 기타 중증 질환 분야에서 혁신적인 치료제를 제공하는 생명공학 제약 시장의 주요 기업입니다.","REGN: 전 세계 다양한 질병 치료를 위한 의약품을 발굴, 개발, 생산, 판매합니다.
안과 질환 치료제 '아이리아'와 아토피 피부염 치료제 '듀피젠트' 등 혁신 신약으로 생명공학 시장을 선도합니다.","in our expertise may not be available to us on terms that are acceptable to us or because competitors with greater resources seek to in-license the same drug candidates. Drug candidates that we would like to develop or commercialize may not be available to us because they are controlled by competitors who are unwilling to license the rights to the drug candidate to us. In addition, we may enter into license agreements that are unsuccessful and our business and operations might be adversely affected if we are unable to realize the expected economic benefits of a collaboration or other licensing arrangement, by the termination of a drug candidate and termination and winding down of the related license agreement, or due to other business or regulatory issues, including financial difficulties, that may adversely affect a licensor’s ability to continue to perform its obligations under an in-license agreement. For example, in January 2022, we decided to opt-out of the continued development with Merus of MCLA-145, which was the most advanced compound under our collaboration with Merus, and in 2022 and 2023, we decided to terminate our collaborations with Calithera Biosciences, Inc. and Syros Pharmaceuticals, Inc. If we make or incur contractual obligations to make significant upfront payments in connection with licenses for late-stage drug candidates, and if any of those drug candidates do not receive marketing approval or commercial sales as anticipated or we have to fund additional clinical trials before marketing approval can be obtained, we will have expended significant funds that might have been applied for other uses or we may have to expend funds that were not otherwise budgeted or anticipated in connection with the collaboration, and such developments could have a material adverse effect on our stock price and our ability to pursue other transactions. As discussed above under “Other Risks Relating to Our Business—We depend on our collaborators and licensees for the future development and commercialization of some of our drug candidates. Conflicts may arise between our collaborators and licensees and us, or our collaborators and licensees may choose to terminat",CHANGE:COMPETES_WITH,HOLD,"두 회사 모두 제약 산업에 속하지만, 문단에서 두 회사 간의 명시적인 협력, 경쟁 또는 다른 관계를 직접적으로 언급하지 않는다."
KDP↔KO,PARTNER_WITH,"SEC 10-K: These bottlers may be affiliated with Coca-Cola or with PepsiCo, or they may be independent.",,False,COMPETES_WITH,pending,pending,True,True,0.0,True,pending,pending,False,False,False,,이 문단은 Keurig Dr Pepper(‘우리’로 지칭)가 미국과 캐나다에서 탄산음료(CSDs)의 제조 및 유통 라이선스를 부여하는 방식을 설명합니다. Keurig Dr Pepper는 특정 지역에 대해 독점적이고 장기적인 라이선스를 보틀러들에게 부여합니다. 이 문단은 이러한 보틀러들이 코카콜라(symbol_b) 또는 펩시코와 계열 관계를 맺을 수 있다고 명시합니다. 이는 코카콜라 계열의 보틀러들이 Keurig Dr Pepper의 CSD 제품을 제조하고 유통하는 라이선스를 가지고 있음을 의미합니다. 문서에는 Keurig Dr Pepper와 코카콜라 간의 직접적인 경쟁 관계나 다른 사업적 협력 관계에 대한 서술은 없습니다.,indirect,"These bottlers may be affiliated with Coca-Cola or with PepsiCo, or they may be independent. These agreements prohibit bottlers and distributors from selling the licensed products outside their exclusive territory and from selling any imitative products in that territory.",KDP 10-K FY2025 · Item 1 사업,"symbol_a 미등장. symbol_b는 ""Coca-Cola""로 언급되며, 보틀러들이 제휴를 맺을 수 있는 회사 중 하나입니다.",,"KDP: K-Cup 포드 및 브루어와 같은 커피 시스템 관련 제품, 포장 음료 및 음료 농축액을 제조 및 유통합니다.
미국 및 국제 시장에서 커피 시스템과 다양한 무알코올 음료를 공급하는 주요 음료 회사입니다.","KO: 코카콜라, 환타 등 탄산음료와 물, 주스, 커피, 차 등 다양한 비알코올 음료 및 농축액을 제조, 판매합니다.
전 세계적으로 가장 잘 알려진 음료 브랜드를 다수 보유하며 글로벌 음료 시장을 선도하는 기업입니다.","In the U.S. and Canada, we generally grant manufacturing and distribution licenses for our CSDs to bottlers for specific geographic areas that are typically exclusive and long-term. These bottlers may be affiliated with Coca-Cola or with PepsiCo, or they may be independent. These agreements prohibit bottlers and distributors from selling the licensed products outside their exclusive territory and from selling any imitative products in that territory. Generally, we may terminate bottling and distribution agreements only for cause or change in control, and the bottler or distributor may terminate without cause upon giving certain specified notice and complying with other applicable conditions. These bottlers and distributor agreements may also contain provisions for fountain distribution rights, which are not exclusive for a territory, but generally do restrict bottlers from carrying imitative product in the territory.",,OK,문단에서 KDP의 보틀러들이 코카콜라(Coca-Cola)와 제휴할 수 있다고 명시적으로 언급하여 KDP 사업의 일부로서 KO와의 잠재적 관계를 서술한다.
KDP↔PEP,PARTNER_WITH,"SEC 10-K: These bottlers may be affiliated with Coca-Cola or with PepsiCo, or they may be independent.",,False,COMPETES_WITH,pending,pending,True,True,0.0,True,pending,pending,False,False,False,,이 문단은 Keurig Dr Pepper(‘우리’로 지칭)가 미국과 캐나다에서 자사의 탄산음료(CSDs) 제조 및 유통을 위해 라이선스 계약을 체결하는 방식에 대해 설명합니다. Keurig Dr Pepper는 특정 지리적 영역에 대해 독점적이고 장기적인 제조 및 유통 라이선스를 보틀러들에게 부여합니다. 문단에 따르면 이러한 보틀러들은 펩시코(symbol_b) 또는 코카콜라와 계열 관계를 맺고 있을 수 있습니다. 이는 펩시코와 계열 관계를 맺은 보틀러들이 Keurig Dr Pepper의 CSD 제품에 대한 제조 및 유통 라이선스를 보유하고 있음을 나타냅니다. 문서에는 Keurig Dr Pepper와 펩시코 간의 직접적인 경쟁 관계나 다른 사업적 협력 관계에 대한 서술은 없습니다.,indirect,"These bottlers may be affiliated with Coca-Cola or with PepsiCo, or they may be independent. These agreements prohibit bottlers and distributors from selling the licensed products outside their exclusive territory and from selling any imitative products in that territory.",KDP 10-K FY2025 · Item 1 사업,"symbol_a 미등장. symbol_b는 ""PepsiCo""로 언급되며, 보틀러들이 제휴를 맺을 수 있는 회사 중 하나입니다.",,"KDP: K-Cup 포드 및 브루어와 같은 커피 시스템 관련 제품, 포장 음료 및 음료 농축액을 제조 및 유통합니다.
미국 및 국제 시장에서 커피 시스템과 다양한 무알코올 음료를 공급하는 주요 음료 회사입니다.","PEP: 다양한 음료와 스낵 식품을 제조, 마케팅, 유통, 판매하며, 'Frito-Lay', 'Quaker Foods', 'PepsiCo Beverages' 브랜드를 보유합니다.
전 세계 식음료 시장에서 스낵과 음료 부문의 주요 글로벌 선두 기업 중 하나입니다.","In the U.S. and Canada, we generally grant manufacturing and distribution licenses for our CSDs to bottlers for specific geographic areas that are typically exclusive and long-term. These bottlers may be affiliated with Coca-Cola or with PepsiCo, or they may be independent. These agreements prohibit bottlers and distributors from selling the licensed products outside their exclusive territory and from selling any imitative products in that territory. Generally, we may terminate bottling and distribution agreements only for cause or change in control, and the bottler or distributor may terminate without cause upon giving certain specified notice and complying with other applicable conditions. These bottlers and distributor agreements may also contain provisions for fountain distribution rights, which are not exclusive for a territory, but generally do restrict bottlers from carrying imitative product in the territory.",,OK,문단에서 KDP의 보틀러들이 펩시코(PepsiCo)와 제휴할 수 있다고 명시적으로 언급하여 KDP 사업의 일부로서 PEP와의 잠재적 관계를 서술한다.
KDP↔SBUX,PARTNER_WITH,"SEC 10-K: Our partner brands include Starbucks, Dunkin', Folgers, and Peet's, among others.",커피 제품,True,,auto_candidate,pending,True,True,1.0,True,auto_candidate,pending,False,True,False,커피 제품,"이 문단은 Keurig Dr Pepper(‘우리’로 지칭)의 K-Cup 팟 제조 및 판매 사업을 설명합니다. Keurig Dr Pepper는 자사의 자체 브랜드 및 라이선스 브랜드의 K-Cup 팟을 제조 및 판매하며, 파트너 브랜드들의 K-Cup 팟도 제조합니다. 문단은 스타벅스(symbol_b)를 이러한 파트너 브랜드 중 하나로 명시합니다. 즉, Keurig Dr Pepper는 스타벅스 브랜드의 K-Cup 팟을 제조하고, 스타벅스는 이를 소매업체와 소비자에게 판매합니다. Keurig Dr Pepper는 또한 이러한 파트너 브랜드 제품을 자사의 유통 채널을 통해 소비자에게 직접 판매할 수도 있습니다. 이는 K-Cup 팟 제조와 유통에 있어 Keurig Dr Pepper가 스타벅스의 제조 파트너 역할을 하는 협력 관계를 나타냅니다. 문서에는 이들 간의 구체적인 계약 조건이나 경쟁 관계에 대한 서술은 없습니다.",list,"Our partner brands include Starbucks, Dunkin', Folgers, and Peet's, among others. We have agreements for manufacturing, distributing, and selling K-Cup pods for tea under brands such as Celestial Seasonings and Bigelow.",KDP 10-K FY2025 · Item 1 사업,"KDP는 (자사의) 파트너 브랜드들과 K-Cup 포드 제조, 유통 및 판매 계약을 맺고 있는 주체입니다. SBUX는 KDP의 파트너 브랜드 중 하나입니다.",,"KDP: K-Cup 포드 및 브루어와 같은 커피 시스템 관련 제품, 포장 음료 및 음료 농축액을 제조 및 유통합니다.
미국 및 국제 시장에서 커피 시스템과 다양한 무알코올 음료를 공급하는 주요 음료 회사입니다.","SBUX: 전 세계적으로 스페셜티 커피를 로스팅, 마케팅, 소매 판매하는 글로벌 커피 기업입니다.
북미, 국제 및 채널 개발 부문을 통해 매장 운영과 라이선스 사업으로 전 세계 커피 시장을 선도합니다.","We manufacture and sell 100% of the K-Cup pods of our owned and licensed brands, including Green Mountain Coffee Roasters, McCafé, and The Original Donut Shop, to retailers, away from home channel participants, and end-use consumers. We manufacture K-Cup pods for our partner brands, who in turn sell them to retailers and consumers. Our partner brands include Starbucks, Dunkin', Folgers, and Peet's, among others. We have agreements for manufacturing, distributing, and selling K-Cup pods for tea under brands such as Celestial Seasonings and Bigelow. We produce and sell K-Cup pods for cocoa, including through a licensing agreement for the Swiss Miss brand, and hot apple cider, including under our own brand, Mott's. Generally, we are able to sell these partner brands to our away from home channel participants and directly to consumers through our website at www.keurig.com. We also participate in private label manufacturing arrangements.",,OK,문단에서 KDP가 K-Cup 포드를 제조하는 '파트너 브랜드' 중 하나로 스타벅스(Starbucks)를 명시적으로 언급하여 두 회사 간의 파트너십 관계를 서술한다.
LEN↔INVH,PARTNER_WITH,"SEC 10-K: In April 2024, Upward America entered into a joint venture agreement and property management agreeme",단독 주택 임대,True,,pending,pending,False,True,0.9,True,pending,pending,False,False,False,단독 주택 임대,"이 문단은 Lennar(‘우리’로 지칭)가 'Upward America'의 총괄 파트너이자 관리자로서의 역할을 설명합니다. Lennar는 'Upward America'와 관련하여 배당금과 관리 수수료를 수령합니다. 2024년 4월, 'Upward America'는 Invitation Homes(symbol_b)와 합작 투자 계약 및 자산 관리 계약을 체결했습니다. 나아가 Lennar는 'Upward America' 벤처를 위한 특정 자산 관리 서비스를 Invitation Homes에 위탁했습니다. 이는 Invitation Homes가 Lennar가 관리하는 'Upward America'와 합작 투자 및 재산 관리 서비스를 통해 얽혀 있음을 보여줍니다. 문서에는 Lennar와 Invitation Homes 간의 직접적인 경쟁 관계나 이외의 사업 관계에 대한 서술은 없습니다.",indirect|target_absent|truncated,"In April 2024, Upward America entered into a joint venture agreement and property management agreement with Invitation Homes. In addition, Lennar engaged Invitation Homes to provide certain asset management services for the Upward America Venture.",LEN 10-K FY2025 · Item 1 사업,LEN은 Invitation Homes에 Upward America Venture를 위한 자산 관리 서비스 제공을 위탁한 주체입니다. INVH는 Upward America와 합작 투자 및 자산 관리 계약을 체결하고 Lennar에게 자산 관리 서비스를 제공하는 주체입니다.,근거 문장에 상대 종목 미등장 — 관계 근거로 불충분,"LEN: 단독 및 다가구 주택 건설 및 판매, 주거용 토지 개발 및 판매, 임대 주택 관리 등 주택 건설 사업을 영위합니다.
미국에서 레나(Lennar) 브랜드를 중심으로 주택 건설 및 주거용 부동산 관련 금융 서비스를 제공하는 주요 주택 건설사입니다.","INVH: 인비테이션 홈즈는 미국 전역에서 고품질의 단독 주택을 임대하는 프리미어 리스 회사입니다.
단독 주택 임대 시장에서 선도적인 위치를 차지하며, 편리한 주거 솔루션을 제공합니다.","As owner of the general partner of Upward America, Lennar has the right to receive, in addition to distributions regarding its own commitments, distributions based on the amounts by which returns to limited partners exceed specified amounts (i.e., carried interests). As the manager of Upward America, Lennar receives management and acquisition fees. Lennar subsidiaries may also receive fees for property management, leasing, construction management and other services that they render through subcontractors. In April 2024, Upward America entered into a joint venture agreement and property management agreement with Invitation Homes. In addition, Lennar engaged Invitation Homes to provide certain asset management services for the Upward America Venture.",,OK,문단에서 레나(Lennar)의 Upward America 벤처가 인비테이션 홈즈(Invitation Homes)와 합작 투자 및 자산 관리 서비스를 위한 계약을 체결했다고 명시적으로 언급하여 두 회사 간의 제휴 관계를 서술한다.
MCK↔APO,PARTNER_WITH,"SEC 10-K: on April 20, 2026, we announced a definitive agreement under which funds managed by affiliates of Ap",,True,,pending,pending,False,True,0.8,True,pending,pending,False,False,False,,"이 문단은 McKesson(‘우리’로 지칭)의 의료-외과 솔루션 사업 부문을 설명하며, 이 부문을 독립 회사로 분리할 계획을 밝힙니다. 분리 전략의 일환으로, 2026년 4월 20일 McKesson은 Apollo Global Management, Inc.(symbol_b)의 계열사가 운용하는 펀드(Apollo Funds)와의 최종 계약을 발표했습니다. 이 계약에 따라 Apollo Funds는 McKesson의 의료-외과 솔루션 사업 부문에 약 12억 5천만 달러를 투자하여 약 13%의 소수 지분을 취득할 예정입니다. 이 투자는 해당 부문의 전환상환우선주 형태이며, Apollo는 이 부문의 미래 독립 회사에 대한 재무적 투자자 역할을 수행합니다. 문서에는 McKesson과 Apollo Global Management 간의 투자 외 다른 사업적 관계나 경쟁 관계에 대한 서술은 없습니다.",indirect|m&a|target_absent|truncated,"As a part of the separation strategy, on April 20, 2026, we announced a definitive agreement under which funds managed by affiliates of Apollo Global Management, Inc. (“Apollo Funds”) will acquire approximately 13% minority ownership interest in our Medical‑Surgical Solutions segment through an investment of approximately $1.25 billion in the segment’s convertible preferred equity. This transaction is subject to regulatory approvals and customary closing conditions.
Our former Norwegian operations, which provided distribution and services to wholesale and retail customers in Norway where we owned, partnered, or franchised with retail pharmacies, were included in Other.",MCK 10-K FY2026 · Item 1 사업,"MCK는 Medical-Surgical Solutions 부문의 소수 지분을 Apollo Global Management, Inc.의 펀드에 매각하기로 합의한 주체입니다. APO는 Apollo Global Management, Inc.의 계열사가 운용하는 펀드를 통해 MCK의 Medical-Surgical Solutions 부문 소수 지분을 취득하는 주체입니다.",근거 문장에 상대 종목 미등장 — 관계 근거로 불충분,"MCK: 미국 및 전 세계적으로 제약 유통, 의료-외과 솔루션, 처방 기술 솔루션 등 다양한 헬스케어 서비스를 제공합니다.
브랜드 의약품, 제네릭 의약품, 전문 의약품 등을 병원, 약국 등에 유통하는 선도적인 글로벌 헬스케어 서비스 기업입니다.","APO: 아폴로 글로벌 매니지먼트는 신용, 사모펀드 및 부동산 시장에 전문적으로 투자하는 글로벌 대체 자산 운용사입니다.
전통적인 바이아웃, 기업 구조조정, 성장 자본 등 다양한 투자 전략을 통해 기관 투자자들에게 서비스를 제공합니다.","Our Medical-Surgical Solutions segment is a leading provider of medical-surgical supplies, laboratory equipment, and pharmaceutical distribution, logistics, and other services to non-acute settings in the U.S. These include healthcare providers operating in ambulatory care environments, such as physician offices, surgery centers, and hospital reference labs, as well as extended care settings, including nursing homes, hospice and home health care agencies, government markets, and online marketplaces and retailers. This segment offers more than 270,000 national brand medical-surgical products as well as its own line of more than 4,000 high-quality products through a network of distribution centers in the U.S. During fiscal 2026, we announced our intention to separate this segment into an independent company. As a part of the separation strategy, on April 20, 2026, we announced a definitive agreement under which funds managed by affiliates of Apollo Global Management, Inc. (“Apollo Funds”) will acquire approximately 13% minority ownership interest in our Medical‑Surgical Solutions segment through an investment of approximately $1.25 billion in the segment’s convertible preferred equity. This transaction is subject to regulatory approvals and customary closing conditions.",,OK,문단에서 아폴로 글로벌 매니지먼트(Apollo Global Management)의 펀드가 맥케슨(McKesson)의 Medical-Surgical Solutions 사업부에 소수 지분 투자를 할 것이라는 확정 계약을 명시적으로 언급하여 두 회사 간의 투자 관계를 서술한다.
MCK↔WMT,PARTNER_WITH,SEC 10-K: We also source generic pharmaceutical drugs through our ClarusONE Sourcing Services LLP joint ventur,제네릭 의약품,True,,pending,pending,False,True,0.9,True,pending,pending,False,False,False,헬스케어·의료기기·제약,"이 문단은 McKesson(‘우리’로 지칭)의 북미 제약 사업 부문의 서비스와 고객에 대해 설명합니다. McKesson은 미국과 캐나다에서 다양한 의약품의 유통 및 물류 서비스를 제공합니다. 문단은 McKesson이 Walmart Inc.(symbol_b)와 함께하는 'ClarusONE Sourcing Services LLP'라는 합작 투자를 통해 제네릭 의약품을 조달한다고 명시합니다. 이는 McKesson과 Walmart가 제네릭 의약품 조달을 위한 공동 사업인 'ClarusONE'을 운영하며 긴밀한 협력 관계를 맺고 있음을 보여줍니다. 즉, Walmart는 McKesson의 제네릭 의약품 소싱 활동의 주요 합작 투자 파트너입니다. 문서에는 이 합작 투자의 구체적인 상업적 조건이나 이외의 McKesson과 Walmart 간의 사업적 관계나 경쟁 관계에 대한 서술은 없습니다.",target_absent|truncated,"We also source generic pharmaceutical drugs through our ClarusONE Sourcing Services LLP joint venture with Walmart Inc. (“ClarusONE”).
4
Table of Contents
Item 1 Index
McKESSON CORPORATION
U.S. Pharmaceutical
Our U.S.",MCK 10-K FY2026 · Item 1 사업,MCK는 Walmart Inc.와의 합작 투자 회사인 ClarusONE Sourcing Services LLP를 통해 제네릭 의약품을 조달하는 주체입니다. WMT는 MCK와의 합작 투자 회사인 ClarusONE Sourcing Services LLP의 파트너입니다.,근거 문장에 상대 종목 미등장 — 관계 근거로 불충분,"MCK: 미국 및 전 세계적으로 제약 유통, 의료-외과 솔루션, 처방 기술 솔루션 등 다양한 헬스케어 서비스를 제공합니다.
브랜드 의약품, 제네릭 의약품, 전문 의약품 등을 병원, 약국 등에 유통하는 선도적인 글로벌 헬스케어 서비스 기업입니다.","WMT: 하이퍼마켓, 할인점, 식료품점을 운영하며 다양한 상품을 저렴한 가격으로 판매합니다.
전 세계적으로 가장 큰 소매업체이자 전자상거래 시장에서도 강력한 입지를 가진 리더입니다. (일반 지식 기반)","Our North American Pharmaceutical segment provides distribution and logistics services for branded, generic, specialty, biosimilar, and OTC pharmaceutical drugs along with other healthcare-related products to customers in the U.S. and Canada. This business provides solutions and services to pharmacies, hospitals, pharmaceutical manufacturers, physicians, payors, and patients. We also source generic pharmaceutical drugs through our ClarusONE Sourcing Services LLP joint venture with Walmart Inc. (“ClarusONE”).",,OK,문단에서 맥케슨(McKesson)이 월마트(Walmart Inc.)와의 합작 투자(joint venture)인 'ClarusONE Sourcing Services LLP'를 통해 제네릭 의약품을 조달한다고 명시적으로 언급하여 두 회사 간의 제휴 관계를 서술한다.
MMM↔SOLV,PARTNER_WITH,"SEC 10-K: On April 1, 2024, the Company completed the planned spin-off of its Health Care business as an indep",헬스케어 사업,False,DEPENDS_ON,pending,pending,False,True,0.9,True,pending,pending,False,False,False,헬스케어·의료기기·제약,"이 문단은 MMM(The Company)의 10-K에서 헬스케어 사업부를 독립 회사인 Solventum(SOLV)으로 분사한 기업 구조조정 맥락을 설명하고 있습니다. MMM은 2024년 4월 1일, 헬스케어 사업부를 SOLV로 성공적으로 분사 완료했습니다. 분사와 동시에 MMM과 SOLV는 전환 합의서, 분리 및 배분 합의서를 포함한 여러 합의서에 서명했습니다. 이 합의서들은 양측 간에 이전될 자산, 인수할 부채, 면책 및 방어 의무, 그리고 이전될 계약 등을 명시했습니다. 따라서 SOLV는 이전에 MMM의 헬스케어 사업부였으며, 두 회사는 분사를 통해 독립된 법인이 되었고, 이 과정에서 포괄적인 계약 관계를 맺었습니다. 문서에는 두 회사가 분사 이후 어떤 제품이나 서비스를 서로 공급하는지, 혹은 시장에서 경쟁하는지에 대한 구체적인 서술은 없습니다.",m&a|target_absent|truncated,"For those insured matters where the Company has not recorded an accrued liability because the liability is not probable or the amount of the liability is not estimable, or both, but where the Company has incurred an expense in defending itself, the Company records receivables for the amount of insurance that it concludes as recognizable for the expense incurred.
Impact of Solventum Spin-Off
: On April 1, 2024, the Company completed the planned spin-off of its Health Care business as an independent company known as Solventum. Concurrent with the spin-off, the Company and Solventum entered into various agreements, including transition agreements and a separation and distribution agreement that, among other things, identified the assets to be transferred, the liabilities to be assumed, indemnification and defense obligations, and the contracts to be transferred to Solventum and 3M as part of the spin-off. 
The following sections first describe the significant legal proceedings in which the Company is involved and then describe the liabilities and associated insurance recoveries the Company has recorded relating to its significant legal proceedings.
Respirator Mask/Asbestos Litigation: 
As of December 31, 2025, the Company is a named defendant, with multiple co-defendants, in numerous lawsuits in various courts that purport to represent approximately 
3,700
 individual claimants, compared to approximately 
3,500
 individual claimants with actions pending as of December 31, 2024.
The vast majority of the lawsuits and claims resolved by and currently pending against the Company allege use of some of the Company’s mask and respirator products and seek damages from the Company and other defendants for alleged personal injury from workplace exposures to asbestos, silica, coal mine dust or other occupational dusts found in products manufactured by other defendants or generally in the workplace.",MMM 10-K FY2025 · Item 1 사업,MMM은 Solventum을 독립 회사로 분사한 주체이자 Solventum과 분사에 따른 여러 계약을 체결한 당사자입니다. SOLV는 MMM의 헬스케어 사업부에서 분사되어 독립 회사가 된 주체이자 MMM과 분사에 따른 여러 계약을 체결한 당사자입니다.,근거 문장에 상대 종목 미등장 — 관계 근거로 불충분,"MMM: 안전 및 산업용 제품, 운송 및 전자 제품, 헬스케어, 소비재 등 다양한 분야에서 기술 기반 제품을 개발, 제조 및 판매합니다.
산업용 연마재부터 의료기기, 소비재에 이르기까지 폭넓은 포트폴리오를 보유한 다각화된 글로벌 기술 기업입니다.","SOLV: 의료 분야의 주요 고객 및 환자 요구를 해결하는 솔루션을 개발, 제조 및 상용화하는 헬스케어 기업입니다.
수술용품, 치과 솔루션, 의료 정보 시스템 및 정화 여과 부문에서 혁신적인 의료 기술을 제공합니다.",": On April 1, 2024, the Company completed the planned spin-off of its Health Care business as an independent company known as Solventum. Concurrent with the spin-off, the Company and Solventum entered into various agreements, including transition agreements and a separation and distribution agreement that, among other things, identified the assets to be transferred, the liabilities to be assumed, indemnification and defense obligations, and the contracts to be transferred to Solventum and 3M as part of the spin-off.",,OK,"문단은 Solventum이 3M의 헬스케어 사업부에서 분사되었으며, 분사와 동시에 여러 계약을 체결했음을 명시적으로 서술한다."
MNST↔PEP,PARTNER_WITH,"SEC 10-K: For example, PepsiCo entered into a long-term strategic distribution arrangement with Celsius Holdin",,False,PARTNER_WITH,pending,pending,True,True,0.0,True,noise_self_contradiction,pending,True,False,False,,"이 문단은 MNST(We)의 10-K에서 에너지 드링크 시장의 경쟁 환경과 그로 인한 자사 제품의 경쟁 심화 가능성을 설명하는 부분입니다. MNST는 에너지 드링크 시장에서 새로운 진입자들로 인해 경쟁이 치열해질 것으로 예상하고 있습니다. PEP는 2022년 8월, 에너지 드링크 시장의 경쟁사 중 하나인 Celsius Holdings, Inc.와 장기적인 전략적 유통 계약을 체결했습니다. 이로 인해 PEP는 MNST의 경쟁사 제품 유통에 참여함으로써 MNST가 직면한 경쟁 압력을 간접적으로 증가시키는 역할을 합니다. 따라서 PEP는 MNST의 직접적인 경쟁자는 아니지만, MNST의 경쟁사 제품을 유통하는 전략적 제휴를 통해 MNST의 시장 경쟁 환경에 영향을 미치고 있습니다. 문서에는 MNST와 PEP가 서로에게 직접 제품을 공급하거나, 특정 사업을 공동으로 수행하는 관계에 대한 서술은 없습니다.",indirect|truncated,"For example, PepsiCo entered into a long-term strategic distribution arrangement with Celsius Holdings, Inc., a competitor in the energy drink space, in August 2022. Additionally, competition in the alcohol beverage space—including from craft brewers and craft distilleries, ready-to-drink spirits and similar products—continues to evolve.",MNST 10-K FY2025 · Item 1 사업,MNST 미등장. PEP는 에너지 드링크 분야의 경쟁사와 장기 전략적 유통 계약을 체결한 주체입니다.,,"MNST: 몬스터 에너지 드링크를 비롯한 탄산 에너지 음료, 무탄산 RTD 차, 주스 칵테일 등 다양한 음료를 개발, 판매 및 유통합니다.
미국 및 국제 시장에서 에너지 드링크를 주력으로 하는 음료 산업의 주요 기업입니다.","PEP: 다양한 음료와 스낵 식품을 제조, 마케팅, 유통, 판매하며, 'Frito-Lay', 'Quaker Foods', 'PepsiCo Beverages' 브랜드를 보유합니다.
전 세계 식음료 시장에서 스낵과 음료 부문의 주요 글로벌 선두 기업 중 하나입니다.","We anticipate competition will remain robust due to a number of new entrants in the energy drink category. Some competitors are consolidating (as evidenced by business combinations of substantial value carried out by significant competitors in recent years), building more capacity, expanding geographically, and/or adding more SKUs and styles. For example, PepsiCo entered into a long-term strategic distribution arrangement with Celsius Holdings, Inc., a competitor in the energy drink space, in August 2022. Additionally, competition in the alcohol beverage space—including from craft brewers and craft distilleries, ready-to-drink spirits and similar products—continues to evolve. Market dynamics have been influenced by broader competitive trends and regulatory focus on market structure, including analyses and recommendations contained in the February 2022 U.S. Treasury report, “Competition in the Markets for Beer, Wine, and Spirits,” which assesses competitive conditions and potential barriers to entry. Actual growth in specific segments, such as hard seltzers, craft products, and other beverage categories, varies over time and may be affected by changing consumer preferences, regulatory developments and economic conditions. As a result of such increased competition for our products, we may face competitive pricing pressures and the demand for and market share of our products may fluctuate and possibly decline.",HOLD,OK,문단은 PepsiCo가 Monster의 경쟁사인 Celsius와 유통 계약을 맺어 Monster가 직면하는 경쟁 환경에 영향을 미치고 있음을 명시적으로 서술한다.
MSCI↔BLK,PARTNER_WITH,"SEC 10-K: Certain of our clients are also significant shareholders, competitors or distributors of our content",,True,,pending,pending,False,False,0.5,True,pending,pending,False,False,False,,"이 문단은 MSCI(We)의 10-K에서 고객, 주주, 콘텐츠 유통업체 및 경쟁사를 포함한 다양한 관계에서 발생할 수 있는 잠재적 이해 상충과 그로 인한 사업 위험을 설명하는 맥락에 있습니다. MSCI에 따르면, BlackRock(BLK)은 MSCI의 가장 큰 고객 중 하나입니다. 동시에 BLK는 MSCI의 중요한 주주이거나, 경쟁사이거나, 또는 MSCI 콘텐츠의 유통업체 중 하나일 수 있습니다. 이러한 복합적인 관계는 MSCI에게 경쟁 압력을 초래할 수 있으며, 이는 고객 관계의 종료, 사업 손실 또는 매출 감소로 이어질 수 있습니다. 또한, 이러한 관계는 MSCI가 자체 제품 개발 전략을 결정하는 데 영향을 미칠 수 있다고 언급됩니다. 문서에는 BLK가 MSCI와 구체적으로 어떤 제품이나 서비스로 경쟁하는지, 또는 어떤 콘텐츠를 유통하는지에 대한 상세한 서술은 없습니다.",target_absent|truncated,"Certain of our clients are also significant shareholders, competitors or distributors of our content, including some of our largest clients, such as BlackRock. This dynamic may introduce competitive pressures that could cause these clients to terminate all or a portion of the relationship and result in a loss of business or reduced revenue or influence our strategic decisions, such as whether to prioritize the client relationship over the development or enhancement of products that directly compete with those clients’ offerings.",MSCI 10-K FY2025 · Item 7 MD&A,"MSCI는 블랙록과 같은 주요 고객을 보유하며, 이 고객들이 주주, 경쟁자 또는 유통업체이기도 한 주체입니다. BLK는 MSCI의 주요 고객 중 하나이며, MSCI의 콘텐츠에 대한 주요 주주, 경쟁자 또는 유통업체일 수도 있는 주체입니다.",근거 문장에 상대 종목 미등장 — 관계 근거로 불충분,"MSCI: 전 세계 고객에게 투자 의사결정 지원 도구를 제공하며, 지수(Index), 분석(Analytics), ESG 및 기후 솔루션 등을 공급합니다.
상장지수펀드(ETF), 뮤추얼 펀드 등 다양한 금융 상품의 기초 지수를 제공하는 선도적인 글로벌 투자 정보 제공 기업입니다.","BLK: 기관, 중개 및 개인 투자자를 대상으로 투자 관리, 위험 관리 및 자문 서비스를 제공합니다.
세계 최대의 자산운용사 중 하나로, 다양한 투자 포트폴리오와 솔루션을 통해 글로벌 금융 시장에 영향력을 행사합니다.","We have complex relationships with various parties, including clients, shareholders, distributors of our content and competitors, which may present potential conflicts of interest that could adversely affect our business. Certain of our clients are also significant shareholders, competitors or distributors of our content, including some of our largest clients, such as BlackRock. This dynamic may introduce competitive pressures that could cause these clients to terminate all or a portion of the relationship and result in a loss of business or reduced revenue or influence our strategic decisions, such as whether to prioritize the client relationship over the development or enhancement of products that directly compete with those clients’ offerings.",,OK,"문단은 BlackRock이 MSCI의 가장 큰 고객 중 하나이며, 또한 경쟁사, 주주 또는 콘텐츠 유통업자일 수 있다고 명시적으로 서술한다."
MTB↔MTB,PARTNER_WITH,"SEC 10-K: At December 31, 2025, M&T had two wholly-owned bank subsidiaries: M&T Bank and Wilmington Trust, N.A",은행 서비스,False,DEPENDS_ON,pending,pending,True,True,1.0,True,pending,pending,False,False,False,금융·결제·거래소,"이 문단은 MTB(M&T Bank Corporation)의 10-K에서 자사의 기업 구조와 자회사 현황을 설명하는 맥락에서 제시되었습니다. 2025년 12월 31일 기준으로 MTB는 두 개의 100% 소유 은행 자회사를 보유하고 있었으며, 그 중 하나가 M&T Bank입니다. 따라서 이 문단에 따르면 MTB는 M&T Bank의 지주회사이며, M&T Bank는 MTB가 전액 출자한 자회사로서 금융 서비스를 제공합니다. 이는 모회사와 핵심 운영 자회사 간의 직접적인 소유 및 지배 관계를 나타냅니다. 문서에는 두 회사 간의 구체적인 사업 운영 방식이나 재정적 거래에 대한 추가적인 서술은 없습니다.",truncated,"At December 31, 2025, M&T had two wholly-owned bank subsidiaries: M&T Bank and Wilmington Trust, N.A.",MTB 10-K FY2025,"MTB는 M&T Bank와 Wilmington Trust, N.A.를 완전 소유 은행 자회사로 보유하고 있는 주체입니다.",,"MTB: 상업 및 소매 뱅킹 서비스를 제공하는 은행 지주회사로, 예금, 대출, 현금 관리 등 다양한 금융 상품을 취급합니다.
소기업, 중견기업 및 대기업 고객, 그리고 상업용 부동산 시장에 특화된 서비스를 제공하는 지역 은행입니다.","MTB: 상업 및 소매 뱅킹 서비스를 제공하는 은행 지주회사로, 예금, 대출, 현금 관리 등 다양한 금융 상품을 취급합니다.
소기업, 중견기업 및 대기업 고객, 그리고 상업용 부동산 시장에 특화된 서비스를 제공하는 지역 은행입니다.","At December 31, 2025, M&T had two wholly-owned bank subsidiaries: M&T Bank and Wilmington Trust, N.A.",,OK,문단은 M&T(MTB)가 M&T Bank라는 완전 소유 자회사를 가지고 있음을 명시적으로 서술한다.
ORCL↔CVX,PARTNER_WITH,"SEC 10-K: For example, following our acquisition of Cerner Corporation, we also face competition from large he",,False,,pending,pending,True,False,0.0,True,pending,pending,False,False,False,,"이 문단은 ORCL(Our)의 10-K에서 자사의 엔터프라이즈 클라우드, 소프트웨어 및 하드웨어 제품이 직면한 경쟁 환경을 설명하고 있습니다. ORCL은 IT 환경 구현, 소싱, 통합 및 유지 보수 분야에서 고객들이 더 적은 복잡성, 더 높은 비용 효율성, 더 나은 성능 및 가용성을 요구한다고 밝힙니다. 문단에는 Adobe, Alphabet, Amazon, Microsoft, SAP 등 ORCL의 다양한 경쟁사들이 열거되어 있습니다. 그러나 제공된 문단에는 CVX(Chevron)에 대한 언급이 전혀 없습니다. 따라서 문서에는 ORCL과 CVX 간의 어떤 종류의 관계도 서술되어 있지 않습니다.",m&a|truncated,"For example, following our acquisition of Cerner Corporation, we also face competition from large healthcare IT providers such as Allscripts Healthcare Solutions, Inc., Arcadia Solutions, athenahealth, Inc., Epic Systems Corporation and InterSystems Corporation, among others. Moreover, we or our competitors may take certain strategic actions—including acquisitions, partnerships and joint ventures or repositioning of product lines—which invite even greater competition in one or more product offering categories.
 

11

Table of Contents

 
 

Key competitive factors in each of the segments in which we currently compete and may compete in the future include: total cost of ownership, performance, scalability, reliability, security, functionality, efficiency, ease of use, speed to production and quality of technical support.",ORCL 10-K FY2026 · Item 7 MD&A,ORCL은 Cerner Corporation을 인수한 후 대형 헬스케어 IT 공급업체들과 경쟁하며 전략적 조치를 취할 수 있는 주체입니다. CVX 미등장.,,"ORCL: 전 세계 기업 고객을 대상으로 클라우드 기반 ERP, EPM, SCM, HCM 등 다양한 소프트웨어 서비스(SaaS)와 산업별 솔루션을 제공합니다.
글로벌 엔터프라이즈 소프트웨어 및 클라우드 인프라(IaaS, PaaS) 시장의 주요 선두 기업 중 하나입니다.","CVX: 전 세계적으로 원유 및 천연가스 탐사, 개발, 생산, 운송 등 통합 에너지 사업을 영위합니다.
업스트림(탐사 및 생산)과 다운스트림(정제 및 판매) 부문을 통해 석유화학 제품 제조 및 마케팅도 수행하는 주요 에너지 기업입니다.","Our customers are demanding less complexity, more cost-effective and higher performance and availability in the implementation, sourcing, integration and ongoing maintenance of their IT environments. Our enterprise cloud, software and hardware offerings compete directly with certain offerings from some of the largest and most competitive companies in the world, including Adobe Systems Incorporated, Alphabet Inc., Amazon.com, Inc., Cisco Systems, Inc., Intel Corporation, International Business Machines Corporation, Microsoft Corporation, Salesforce, Inc. and SAP SE, as well as other companies like Hewlett-Packard Enterprise and Workday, Inc. In addition, due to the low barriers to entry in many of our market segments, new technologies and new and growing competitors frequently emerge to challenge our offerings. Our competitors range from companies offering broad IT solutions across many of our lines of business to vendors providing point solutions, or offerings focused on a specific functionality, product area or industry. In addition, as we expand into new market segments, we face increased competition as we compete with existing competitors, as well as firms that may be partners in other areas of our business and other firms with whom we have not previously competed. For example, following our acquisition of Cerner Corporation, we also face competition from large healthcare IT providers such as Allscripts Healthcare Solutions, Inc., Arcadia Solutions, athenahealth, Inc., Epic Systems Corporation and InterSystems Corporation, among others. Moreover, we or our competitors may take certain strategic actions—including acquisitions, partnerships and joint ventures or repositioning of product lines—which invite even greater competition in one or more product offering categories.",,DROP,"두 회사는 서로 다른 산업군에 속하며, 문단은 두 회사 간의 어떠한 실제 관계도 서술하지 않는다."
PANW↔IBM,PARTNER_WITH,"SEC 10-K: In June 2025, we amended the terms of our contingent consideration arrangement with International Bu",,False,SUPPLIES_TO,pending,pending,True,True,0.7,True,pending,pending,False,False,False,,"이 문단은 PANW(We)의 10-K에서 재무적 합의 변경 사항을 설명하는 맥락에 있습니다. PANW는 2025년 6월에 International Business Machines Corporation(IBM)과의 우발적 대가 합의(contingent consideration arrangement) 조건을 수정했습니다. 이 합의 수정에 따라 PANW는 2025년 7월 31일로 마감된 3개월 동안 IBM에 지급할 미래 현금 지급액 추정치를 하향 조정했습니다. 이는 고객의 신규 적격 거래 체결 규모와 가능성, 경쟁 산업 환경 및 현재 시장 상황에 대한 분기별 평가를 반영한 것입니다. 이러한 우발적 대가 합의는 일반적으로 기업 인수합병(M&A) 거래에서 발생하며, 과거에 PANW가 IBM과 관련된 특정 사업 부문이나 자산을 인수했을 가능성을 시사합니다. 문서에는 이 합의가 어떤 구체적인 사업 거래에서 비롯되었는지, 예를 들어 PANW가 IBM으로부터 어떤 자산이나 사업부를 인수했는지에 대한 직접적인 서술은 없습니다.",m&a|truncated,"A significant change in any of these assumptions could have a material impact to the fair value of our contingent consideration liability.
In June 2025, we amended the terms of our contingent consideration arrangement with International Business Machines Corporation (“IBM”). During the three months ended July 31, 2025, we reduced our estimate of future cash payments based on the amended terms and our quarterly assessment of assumptions, including the magnitude and likelihood of customers entering into qualified new transactions, the competitive industry environment, and current market conditions.",PANW 10-K FY2025 · Item 1 사업,PANW는 IBM과의 우발적 대가 계약 조건을 수정하고 미래 현금 지급 추정치를 조정한 주체입니다. IBM은 PANW가 우발적 대가 계약 조건을 수정한 당사자입니다.,,"PANW: 방화벽 어플라이언스 및 소프트웨어, 보안 관리 솔루션, 위협 방지 구독 서비스 등 전 세계에 사이버 보안 솔루션을 제공합니다.
차세대 방화벽 및 클라우드 보안을 포함한 글로벌 사이버 보안 시장의 선두 주자입니다.","IBM: IBM은 하이브리드 클라우드 플랫폼, AI 및 보안 소프트웨어, 컨설팅, IT 인프라 등 통합 솔루션과 서비스를 전 세계에 제공합니다.
기업용 소프트웨어, IT 컨설팅 및 인프라 시장에서 오랜 역사와 기술력을 바탕으로 디지털 전환을 이끄는 글로벌 기업입니다.","In June 2025, we amended the terms of our contingent consideration arrangement with International Business Machines Corporation (“IBM”). During the three months ended July 31, 2025, we reduced our estimate of future cash payments based on the amended terms and our quarterly assessment of assumptions, including the magnitude and likelihood of customers entering into qualified new transactions, the competitive industry environment, and current market conditions.",,OK,문단은 Palo Alto Networks가 IBM과 우발적 대가 약정의 조건을 변경했음을 명시적으로 서술한다.
PEP↔SBUX,PARTNER_WITH,"SEC 10-K: PBNA also, either independently or in conjunction with third parties, makes, markets, distributes an",음료 유통,True,,pending,pending,False,True,0.8,True,pending,pending,False,False,False,음료 유통,"이 문단은 PEP(PepsiCo)의 10-K에서 자사의 북미 음료 사업부(PBNA)의 제품 생산 및 유통 방식을 설명하는 맥락에서 제시되었습니다. PBNA는 독립적으로 또는 제3자와 협력하여 다양한 음료 브랜드의 제품을 제조, 마케팅 및 판매합니다. 특히, PBNA는 SBUX(Starbucks)와 합작 투자(joint venture)를 통해 즉석 음용 차 및 커피 제품을 제조, 마케팅, 유통 및 판매하고 있습니다. 이는 PEP와 SBUX가 즉석 음용 커피 제품 시장에서 공동 사업 파트너로서 협력 관계를 맺고 있음을 보여줍니다. 문서에는 이 합작 투자의 구체적인 조건이나 지분 구조에 대한 세부적인 서술은 없습니다.",target_absent|truncated,"PBNA also, either independently or in conjunction with third parties, makes, markets, distributes and sells ready-to-drink tea and coffee products through joint ventures with Unilever (under the Lipton brand name) and Starbucks, respectively. Further, PBNA manufactures and distributes certain brands licensed from Keurig Dr Pepper Inc., including Crush, Dr Pepper and Schweppes, and certain juice brands licensed from Dole Food Company, Inc.",PEP 10-K FY2025 · Item 1 사업,"PEP는 PBNA의 모회사로 RTD 차 및 커피 제품을 제조, 마케팅, 유통 및 판매하며, SBUX는 PBNA가 RTD 차 및 커피 제품 판매를 위해 합작 투자하는 대상 중 하나입니다.",근거 문장에 상대 종목 미등장 — 관계 근거로 불충분,"PEP: 다양한 음료와 스낵 식품을 제조, 마케팅, 유통, 판매하며, 'Frito-Lay', 'Quaker Foods', 'PepsiCo Beverages' 브랜드를 보유합니다.
전 세계 식음료 시장에서 스낵과 음료 부문의 주요 글로벌 선두 기업 중 하나입니다.","SBUX: 전 세계적으로 스페셜티 커피를 로스팅, 마케팅, 소매 판매하는 글로벌 커피 기업입니다.
북미, 국제 및 채널 개발 부문을 통해 매장 운영과 라이선스 사업으로 전 세계 커피 시장을 선도합니다.","Either independently or in conjunction with third parties, PBNA makes, markets and sells beverage concentrates, fountain syrups and finished goods under various beverage brands including Aquafina, Bubly, Diet Mountain Dew, Diet Pepsi, Gatorade, Gatorade Zero, Mountain Dew, Mountain Dew Baja Blast, Pepsi, Pepsi Wild Cherry, Pepsi Zero Sugar and Propel. PBNA operates its own bottling plants and distribution facilities and sells branded finished goods directly to independent distributors and retailers. PBNA also sells concentrate and finished goods for our brands to authorized and independent bottlers, who in turn sell our branded finished goods to independent distributors and retailers in certain markets. PBNA also, either independently or in conjunction with third parties, makes, markets, distributes and sells ready-to-drink tea and coffee products through joint ventures with Unilever (under the Lipton brand name) and Starbucks, respectively. Further, PBNA manufactures and distributes certain brands licensed from Keurig Dr Pepper Inc., including Crush, Dr Pepper and Schweppes, and certain juice brands licensed from Dole Food Company, Inc. and Ocean Spray Cranberries, Inc. PBNA also distributes, in certain channels, brands owned by Celsius Holdings, Inc. (Celsius), including Celsius, Alani Nu and Rockstar. In the United States, PBNA acts as the exclusive distributor for small-format and foodservice customers with chilled direct-store-delivery (DSD) for the portfolio of brands owned by Tropicana Beverages Group (TBG).",,OK,"문단은 PepsiCo의 PBNA 사업부가 Starbucks와 합작 투자를 통해 RTD 커피 제품을 만들고, 마케팅하며, 유통 및 판매한다고 명시적으로 서술한다."
ROP↔HPQ,PARTNER_WITH,"SEC 10-K: —ConstructConnect, DAT, Foundry, iPipeline, iTradeNetwork, MHA, SHP, SoftWriters, and Subsplash;",,False,PARTNER_WITH,pending,pending,False,True,0.0,True,noise_self_contradiction,pending,True,True,False,,"이 문단은 짧은 회사 이름 목록으로 구성되어 있어, ROP(Roper Technologies)의 10-K 문서에서 어떤 맥락에 놓여 있는지 파악하기 어렵습니다. 문단에는 ConstructConnect, DAT, Foundry, iPipeline, iTradeNetwork, MHA, SHP, SoftWriters, Subsplash 등의 회사 이름이 나열되어 있습니다. 그러나 제공된 문단에는 HPQ(HP Inc.)에 대한 언급이 전혀 없습니다. 따라서 문서에는 ROP와 HPQ 간의 어떤 종류의 관계도 서술되어 있지 않습니다.",list|target_absent|truncated,"The three reportable segments are as follows:
–Application Software
—Aderant, CentralReach, Clinisys, Data Innovations, Deltek, Frontline, IntelliTrans, PowerPlan, Procare, Strata, Transact/CBORD, and Vertafore;
–Network Software
—ConstructConnect, DAT, Foundry, iPipeline, iTradeNetwork, MHA, SHP, SoftWriters, and Subsplash;
–Technology Enabled Products
—CIVCO Medical Solutions, FMI, Inovonics, IPA, Neptune, Northern Digital, rf IDEAS, and Verathon.
Financial information about our reportable segments is presented in Note 14 of the Notes to Consolidated Financial Statements included in this Annual Report.
Application Software
Our Application Software segment had net revenues of $4,483.0 for the year ended December 31, 2025, representing 56.7% of our total net revenues. Below is a description of the products offered by businesses that comprise the Application Software segment:
Aderant 
–
 
comprehensive management software and AI-enabled solutions for law and other professional services firms, including business development, calendar/docket matter management, time and billing, and case management.
CentralReach
 – SaaS and AI-enabled solutions enabling the workflow and administration of ABA therapy for autism spectrum disorder (“ASD”) and related disabilities care.
Clinisys
 – diagnostic and laboratory information management software solutions.
Data Innovations
 – software solutions that enable enterprise management of hospitals and independent laboratories.
Deltek
 – enterprise software, SaaS, and AI-enabled information solutions for government contractors, professional services firms, and other project-based businesses.
Frontline
 – cloud-based software for K-12 school administration, connecting solutions for human capital management, student and special programs, and business operations, with powerful analytics that empower educators.
IntelliTrans
 – transportation management software and services to bulk and break-bulk commodity producers.
PowerPlan
 – financial and compliance management software and solutions to large complex companies in asset-intensive industries.
Procare
 – cloud-based software and integrated payment processing for the management of early childhood education centers.
Strata
 – cloud-based financial analytics, performance management software, and data solutions used by healthcare providers, higher education, and financial institutions for financial planning, decision support, and continuous cost improvement.
Transact/CBORD
 – integrated campus technology and payment solutions, including secure access and campus identity software, commerce solutions, tuition management software and payment processing, as well as foodservice technologies, serving higher education, healthcare, K-12, and business campuses.
Vertafore
 – cloud-based software for the property and casualty insurance industry, including agency and distribution management, compliance, AI-enabled workflows, and data solutions.
5
Network Software
Our Network Software segment had net revenues of $1,600.8 for the year ended December 31, 2025, representing 20.3% of our total net revenues.",ROP 10-K FY2025 · Item 1 사업,"ROP는 세 가지 보고 가능한 사업 부문을 가진 회사로 언급되며, 이 문단은 특히 애플리케이션 소프트웨어 부문의 순수익과 제품을 설명합니다. HPQ 미등장.",근거 문장에 상대 종목 미등장 — 관계 근거로 불충분,"ROP: 다양한 산업 분야의 소프트웨어, 엔지니어링 제품 및 솔루션을 설계하고 개발합니다.
금융 분석, 보험, 식품 서비스 등 여러 영역에서 클라우드 기반 소프트웨어 솔루션을 제공하는 선두 기업입니다.","HPQ: HP는 개인용 컴퓨터, 프린터 및 관련 이미징 제품, 솔루션 및 서비스를 전 세계에 제공합니다.
개인용 컴퓨팅 및 프린팅 시장에서 선도적인 위치를 차지하며 소비자 및 기업 고객 모두에게 혁신적인 제품을 공급합니다.","—ConstructConnect, DAT, Foundry, iPipeline, iTradeNetwork, MHA, SHP, SoftWriters, and Subsplash;",HOLD,DROP,"문단은 두 회사 중 어느 한 회사와도 관련 없는 단순한 회사명 나열이며, 두 회사 간의 어떠한 관계도 서술하지 않는다."
SATS↔SATS,PARTNER_WITH,"SEC 10-K: governing the purchase, sale and other disposition by directors, officers and employees of securitie",,False,,pending,pending,False,True,0.0,True,pending,pending,False,False,False,,"문단은 EchoStar(SATS)의 내부자 거래 정책에 대한 맥락에서 작성되었습니다. 이 정책은 EchoStar(SATS)의 이사, 임원 및 직원이 EchoStar(SATS)의 증권을 매매하고 처분하는 방식을 규율하기 위해 만들어졌습니다. 또한 이 정책은 EchoStar(SATS)의 중요한 고객, 파트너, 공급업체, 경쟁업체 등 제한된 회사(Restricted Companies)의 증권 거래에도 적용됩니다. 이는 EchoStar(SATS)가 자사 증권의 공정성을 유지하고 내부자 거래 관련 법규를 준수하기 위해 마련한 내부 지침입니다. 문서에는 EchoStar(SATS)가 이사, 임원, 직원과 어떤 특정 관계를 맺고 있는지 명시적으로 서술되어 있지 않습니다. 또한 SATS(EchoStar)와 고객, 파트너, 공급업체 또는 경쟁업체로서 구체적으로 어떤 회사들이 얽혀 있는지는 문서에 서술되어 있지 않습니다. 이 문단은 주로 SATS(EchoStar)라는 회사 내부의 정책적 측면을 다루며, 다른 개별 회사와의 직접적인 관계를 구체적으로 명시하지 않습니다.",target_absent|truncated,"Our Audit Committee Charter is published in the corporate governance section of our investor relations website at 
http://ir.echostar.com/corporate-governance
.
Insider Trading Policy & Hedging and Pledging Policies
​
We have adopted insider trading policies and procedures
 (“Insider Trading Policy”) governing the purchase, sale and other disposition by directors, officers and employees of securities of EchoStar and its significant customers, partners, suppliers, competitors and other companies about which insiders may learn confidential information during the course of performing their duties for EchoStar (“Restricted Companies”). The Insider Trading Policy is designed to promote compliance with insider trading laws, rules and regulations and applicable Nasdaq listing standards, as well as procedures designed to further the foregoing purposes.",SATS 10-K FY2026 · Item 1 사업,"SATS는 내부자 거래 정책을 채택한 회사로, 이 정책은 SATS의 증권 및 SATS의 주요 고객, 파트너, 공급업체, 경쟁업체 등 제한된 회사들의 증권 처분을 규제합니다.",근거 문장에 상대 종목 미등장 — 관계 근거로 불충분,"SATS: 전 세계적으로 네트워크 기술 및 서비스를 제공하며, 광대역 통신 및 위성 서비스를 주력으로 합니다.
정부 및 기업 고객에게 '휴즈(Hughes)' 브랜드로 광대역 위성 기술과 관리 서비스를 제공하는 선도적인 기업입니다.","SATS: 전 세계적으로 네트워크 기술 및 서비스를 제공하며, 광대역 통신 및 위성 서비스를 주력으로 합니다.
정부 및 기업 고객에게 '휴즈(Hughes)' 브랜드로 광대역 위성 기술과 관리 서비스를 제공하는 선도적인 기업입니다.","(“Insider Trading Policy”) governing the purchase, sale and other disposition by directors, officers and employees of securities of EchoStar and its significant customers, partners, suppliers, competitors and other companies about which insiders may learn confidential information during the course of performing their duties for EchoStar (“Restricted Companies”). The Insider Trading Policy is designed to promote compliance with insider trading laws, rules and regulations and applicable Nasdaq listing standards, as well as procedures designed to further the foregoing purposes. The Insider Trading Policy provides that officers, directors and employees may not trade in: (i) securities of EchoStar if they are aware of material nonpublic information about EchoStar; and (ii) securities of any Restricted Company if they have obtained material nonpublic information about that company during the course of their EchoStar duties. Such persons also may not disclose material nonpublic information to any other person or recommend to anyone to trade any securities or refrain from trading any securities when aware of such information. Our Insider Trading Policy also provides that without General Counsel approval, no employee, officer or director may buy or sell put or call options, engage in short sales or engage in hedging transactions of the Company's securities. In addition, our Insider Trading Policy provides that no employee, officer or director may pledge Company securities as collateral to secure loans. This prohibition means, among other things, that these individuals may not hold Company securities in a “margin” account, which would allow the individual to borrow against their holdings to buy securities. Also, our Insider Trading Policy provides that directors, officers (as defined by Rule 16a-1(f) under the Securities Exchange Act of 1934, as amended) as well as certain employees notified by the company shall only execute trades in Company securities during an open trading window (as defined in the Company's Insider Trading Policy) or via a Rule 10b5-1 Plan. A copy of our Insider Trading Policy and Guidelines is attached as Exhibit 19 to our Annual Report on Form 10-K",,DROP,"문단은 두 회사 간의 관계가 아닌 한 회사의 내부 정책을 설명하며, 두 심볼이 동일하여 관계 설명의 대상이 아님."
SMCI↔ALGN,PARTNER_WITH,"SEC 10-K: We also collaborate on design and development activities with Ablecom and Compuware, where we substa",,False,,pending,pending,False,True,0.0,True,pending,pending,False,False,False,,"문단은 SMCI의 제조 과정과 공급망을 설명하는 맥락에서 작성되었습니다. SMCI는 여러 공급업체와 계약 제조업체를 이용하여 사양에 따라 서브시스템을 설계하고 제조한다고 밝힙니다. 특히 SMCI는 주요 계약 제조업체이자 관계사인 Ablecom으로부터 섀시 및 특정 부품을 공급받습니다. 또한 SMCI는 관계사인 Compuware에 전원 공급 장치와 같은 특정 부품 제조의 상당 부분을 아웃소싱합니다. SMCI는 Ablecom 및 Compuware와 설계 및 개발 활동에 협력하며, SMCI가 설계 비용의 상당 부분을 지원하고 지적 재산권을 보유합니다. 그러나 이 문단에는 ALGN과의 관계에 대한 어떠한 서술도 포함되어 있지 않습니다. SMCI와 ALGN이 제품 공급, 고객 관계, 경쟁 등 어떠한 방식으로 얽혀 있는지 문서에는 서술되어 있지 않습니다.",target_absent|truncated,"We also collaborate on design and development activities with Ablecom and Compuware, where we substantially fund the design costs and retain the intellectual property rights. Our purchases of products from Ablecom and Compuware combined represented
 
3.3%, 4.3%, and 6.6% of our cost of sales for fiscal years 2025, 2024, and 2023, respectively.",SMCI 10-K FY2025 · Item 1A 위험,SMCI는 Ablecom 및 Compuware와 설계 및 개발 활동에 협력하고 제품을 구매하는 주체입니다. ALGN 미등장.,근거 문장에 상대 종목 미등장 — 관계 근거로 불충분,"SMCI: 모듈식 개방형 아키텍처 기반의 고성능 서버 및 스토리지 솔루션을 개발 및 제조합니다.
서버, 스토리지 시스템, 블레이드 서버 및 관련 소프트웨어 솔루션 분야에서 전 세계적으로 선도적인 위치를 차지하고 있습니다.","ALGN: 얼라인 테크놀로지는 인비절라인 투명 교정 장치와 아이테로 구강 스캐너 및 관련 서비스를 설계, 제조, 판매하는 의료 기기 회사입니다.
교정 및 심미 치과 분야에서 혁신적인 디지털 솔루션을 제공하며 전 세계 시장을 선도합니다.","We use several suppliers and contract manufacturers to design and manufacture subsystems in accordance with our specifications, with most final assembly and testing performed at our manufacturing facilities in the region where our products are sold. We work with Ablecom, one of our key contract manufacturers and a related party, for our chassis and certain other components. We also outsource a significant part of the manufacturing of certain components, particularly power supplies, to Compuware, also a related party. We also collaborate on design and development activities with Ablecom and Compuware, where we substantially fund the design costs and retain the intellectual property rights. Our purchases of products from Ablecom and Compuware combined represented",,DROP,"문단에 ALGN과의 관계가 명시되지 않았고, 두 회사는 다른 산업군에 속함."
TECH↔TMO,PARTNER_WITH,"SEC 10-K: We sell our products directly to customers who are primarily located in North America, Europe and Ch",,False,,pending,pending,False,True,0.0,True,pending,pending,False,False,False,,"문단은 TECH의 고객층, 제품 라인, 그리고 판매 채널을 설명하는 맥락에서 작성되었습니다. TECH는 생명 과학 시약, 장비 및 서비스를 전 세계 연구 및 임상 진단 시장에 제공하는 회사입니다. 이 문단에 따르면, TECH는 제품을 고객들에게 직접 판매하기도 하지만, Thermo Fisher Scientific(TMO)과의 유통 계약을 통해서도 판매합니다. 이는 TMO가 TECH의 제품을 유통하는 채널 역할을 하며, 두 회사가 제품 유통을 위한 사업적 합의로 얽혀 있음을 나타냅니다. 문서에는 두 회사 간의 계약 조건이나 구체적인 판매 규모에 대한 자세한 내용은 서술되어 있지 않습니다.",target_absent|truncated,"We sell our products directly to customers who are primarily located in North America, Europe and China, as well as through a distribution agreement with Thermo Fisher Scientific. We also sell through third 
5

Table of Contents
party distributors in China, Japan, certain eastern European countries and the rest of the world.",TECH 10-K FY2025 · Item 1 사업,"TECH는 Thermo Fisher Scientific과의 유통 계약을 통해 제품을 판매하는 주체이며, TMO는 TECH와 유통 계약을 맺고 있는 회사입니다.",근거 문장에 상대 종목 미등장 — 관계 근거로 불충분,"TECH: 전 세계 연구 및 임상 진단 시장에 생명 과학 시약, 장비 및 서비스를 개발, 제조, 판매합니다.
단백질 과학 및 진단 유전체학 부문을 통해 생명 과학 연구 및 세포 유전자 치료 분야의 선두 기업입니다.","TMO: 생명 과학 솔루션, 분석 장비, 특수 진단 및 실험실 제품을 전 세계에 제공합니다.
제약, 생명공학, 임상 진단 등 다양한 분야에서 연구 및 생산에 필요한 솔루션을 제공하는 글로벌 과학 서비스 선두 기업입니다.","Our customers for this segment include researchers in academia and industry (chiefly pharmaceutical and biotech companies as well as contract research organizations). This segment also sells to diagnostic/companion diagnostic and therapeutic customers, including those engaged in the development of cell- and gene-based therapies. Our biologics line of products in the Analytical Solutions division is used chiefly by production and quality control departments at biotech and pharmaceutical companies. We sell our products directly to customers who are primarily located in North America, Europe and China, as well as through a distribution agreement with Thermo Fisher Scientific. We also sell through third",,OK,문단에서 TECH가 TMO(Thermo Fisher Scientific)와 유통 계약을 맺고 제품을 판매한다고 명시적으로 서술함.
TGT↔AAPL,PARTNER_WITH,"SEC 10-K: In addition, we have consumer-facing relationships with a variety of other companies, including Appl",소비자 전자제품 유통,True,,pending,pending,False,True,0.9,True,pending,pending,False,False,False,소매·소비재,"문단은 TGT가 벤더 및 제3자에 대한 의존성과 함께, 소비자 대면 관계를 맺고 있는 회사들이 TGT 사업에 미치는 영향을 설명하는 맥락에서 작성되었습니다. TGT는 자사의 유통 센터, 매장 및 고객에게 상품을 공급하기 위해 벤더 및 기타 제3자에 의존한다고 밝힙니다. 이 문단에 따르면 TGT는 Apple(AAPL)을 포함한 다양한 회사들과 소비자 대면 관계를 맺고 있습니다. TGT는 Apple과의 관계가 종료되거나 부정적으로 변경될 경우 매출 감소, 비용 증가, 평판 및 운영 실적에 부정적인 영향을 미칠 수 있다고 명시합니다. 이는 TGT가 Apple 제품을 판매하거나 Apple과 고객 접점에서 협력하는 형태의 관계를 가지고 있음을 시사합니다. 관계의 구체적인 내용(예: Apple 제품의 판매 또는 서비스 제공 등)은 문서에 서술되어 있지 않습니다.",target_absent|truncated,"In addition, we have consumer-facing relationships with a variety of other companies, including Apple, CVS, Disney, Levi’s, Starbucks, and Ulta Beauty. Any termination of, or adverse change in, our relationship with any of these companies could decrease our sales, increase our costs, and negatively impact our reputation and results of operations.
U.S.",TGT 10-K FY2025 · Item 7 MD&A,TGT는 Apple을 포함한 다양한 회사들과 소비자 대면 관계를 맺고 있습니다. AAPL은 TGT가 소비자 대면 관계를 맺고 있는 여러 회사 중 하나입니다.,근거 문장에 상대 종목 미등장 — 관계 근거로 불충분,"TGT: 미국에서 식품, 의류, 가전제품, 생활용품 등 다양한 일반 상품을 판매하는 대형 소매업체입니다.
전국적인 매장 네트워크와 디지털 채널을 통해 광범위한 소비자층에게 상품을 제공하는 선두적인 유통 기업입니다.","AAPL: 애플은 혁신적인 소비자 가전, 소프트웨어 및 온라인 서비스를 설계, 제조, 판매합니다.
아이폰, 아이패드, 맥 등을 통해 전 세계 기술 시장에서 가장 가치 있는 기업 중 하나로 자리매김하고 있습니다.","We are dependent on our vendors, independent contractors, and other third parties (including common carriers) to supply merchandise to our distribution centers, stores, and guests. If our replenishment and fulfillment network does not operate properly, if we are unable to timely import certain merchandise, if a vendor fails to deliver on its commitments, or if common carriers have difficulty providing capacity to meet demands for their services as has happened in the past, we could experience merchandise out-of-stocks, delays in shipping and receiving merchandise, and increased costs, which could adversely affect our reputation and results of operations. In addition, we have consumer-facing relationships with a variety of other companies, including Apple, CVS, Disney, Levi’s, Starbucks, and Ulta Beauty. Any termination of, or adverse change in, our relationship with any of these companies could decrease our sales, increase our costs, and negatively impact our reputation and results of operations.",,OK,문단에서 TGT가 AAPL을 포함한 여러 회사와 소비자 대면 관계를 맺고 있다고 명시적으로 서술함.
TGT↔SBUX,PARTNER_WITH,"SEC 10-K: In addition, we have consumer-facing relationships with a variety of other companies, including Appl",,False,,pending,pending,False,True,0.0,True,pending,pending,False,False,False,,"문단은 TGT가 벤더 및 제3자에 대한 의존성과 함께, 소비자 대면 관계를 맺고 있는 회사들이 TGT 사업에 미치는 영향을 설명하는 맥락에서 작성되었습니다. TGT는 자사의 유통 센터, 매장 및 고객에게 상품을 공급하기 위해 벤더 및 기타 제3자에 의존한다고 밝힙니다. 이 문단에 따르면 TGT는 Starbucks(SBUX)를 포함한 다양한 회사들과 소비자 대면 관계를 맺고 있습니다. TGT는 Starbucks와의 관계가 종료되거나 부정적으로 변경될 경우 매출 감소, 비용 증가, 평판 및 운영 실적에 부정적인 영향을 미칠 수 있다고 명시합니다. 이는 TGT 매장 내 Starbucks 지점 운영 또는 Starbucks 제품 판매와 같은 형태의 고객 접점 협력을 시사합니다. 관계의 구체적인 내용과 범위는 문서에 서술되어 있지 않습니다.",target_absent|truncated,"In addition, we have consumer-facing relationships with a variety of other companies, including Apple, CVS, Disney, Levi’s, Starbucks, and Ulta Beauty. Any termination of, or adverse change in, our relationship with any of these companies could decrease our sales, increase our costs, and negatively impact our reputation and results of operations.
U.S.",TGT 10-K FY2025 · Item 7 MD&A,TGT는 Starbucks를 포함한 다양한 회사들과 소비자 대면 관계를 맺고 있습니다. SBUX는 TGT가 소비자 대면 관계를 맺고 있는 여러 회사 중 하나입니다.,근거 문장에 상대 종목 미등장 — 관계 근거로 불충분,"TGT: 미국에서 식품, 의류, 가전제품, 생활용품 등 다양한 일반 상품을 판매하는 대형 소매업체입니다.
전국적인 매장 네트워크와 디지털 채널을 통해 광범위한 소비자층에게 상품을 제공하는 선두적인 유통 기업입니다.","SBUX: 전 세계적으로 스페셜티 커피를 로스팅, 마케팅, 소매 판매하는 글로벌 커피 기업입니다.
북미, 국제 및 채널 개발 부문을 통해 매장 운영과 라이선스 사업으로 전 세계 커피 시장을 선도합니다.","We are dependent on our vendors, independent contractors, and other third parties (including common carriers) to supply merchandise to our distribution centers, stores, and guests. If our replenishment and fulfillment network does not operate properly, if we are unable to timely import certain merchandise, if a vendor fails to deliver on its commitments, or if common carriers have difficulty providing capacity to meet demands for their services as has happened in the past, we could experience merchandise out-of-stocks, delays in shipping and receiving merchandise, and increased costs, which could adversely affect our reputation and results of operations. In addition, we have consumer-facing relationships with a variety of other companies, including Apple, CVS, Disney, Levi’s, Starbucks, and Ulta Beauty. Any termination of, or adverse change in, our relationship with any of these companies could decrease our sales, increase our costs, and negatively impact our reputation and results of operations.",,OK,문단에서 TGT가 SBUX를 포함한 여러 회사와 소비자 대면 관계를 맺고 있다고 명시적으로 서술함.
TGT↔ULTA,PARTNER_WITH,"SEC 10-K: In addition, we have consumer-facing relationships with a variety of other companies, including Appl",,False,PARTNER_WITH,pending,pending,False,True,0.0,True,noise_self_contradiction,pending,True,False,False,,"문단은 TGT가 벤더 및 제3자에 대한 의존성과 함께, 소비자 대면 관계를 맺고 있는 회사들이 TGT 사업에 미치는 영향을 설명하는 맥락에서 작성되었습니다. TGT는 자사의 유통 센터, 매장 및 고객에게 상품을 공급하기 위해 벤더 및 기타 제3자에 의존한다고 밝힙니다. 이 문단에 따르면 TGT는 Ulta Beauty(ULTA)를 포함한 다양한 회사들과 소비자 대면 관계를 맺고 있습니다. TGT는 Ulta Beauty와의 관계가 종료되거나 부정적으로 변경될 경우 매출 감소, 비용 증가, 평판 및 운영 실적에 부정적인 영향을 미칠 수 있다고 명시합니다. 이는 TGT가 Ulta Beauty 제품을 판매하거나 Ulta Beauty의 매장을 TGT 매장 내에 운영하는 등의 형태로 고객 접점에서 협력하고 있음을 시사합니다. 관계의 구체적인 내용과 범위는 문서에 서술되어 있지 않습니다.",target_absent|truncated,"In addition, we have consumer-facing relationships with a variety of other companies, including Apple, CVS, Disney, Levi’s, Starbucks, and Ulta Beauty. Any termination of, or adverse change in, our relationship with any of these companies could decrease our sales, increase our costs, and negatively impact our reputation and results of operations.
U.S.",TGT 10-K FY2025 · Item 7 MD&A,TGT는 Ulta Beauty를 포함한 다양한 회사들과 소비자 대면 관계를 맺고 있습니다. ULTA는 TGT가 소비자 대면 관계를 맺고 있는 여러 회사 중 하나입니다.,근거 문장에 상대 종목 미등장 — 관계 근거로 불충분,"TGT: 미국에서 식품, 의류, 가전제품, 생활용품 등 다양한 일반 상품을 판매하는 대형 소매업체입니다.
전국적인 매장 네트워크와 디지털 채널을 통해 광범위한 소비자층에게 상품을 제공하는 선두적인 유통 기업입니다.","ULTA: 화장품, 향수, 스킨케어, 헤어케어 제품 및 살롱 서비스를 제공하는 뷰티 제품 소매업체입니다.
미국 내 온오프라인 채널을 통해 다양한 브랜드와 자체 브랜드를 판매하는 대표적인 뷰티 전문 유통업체입니다.","We are dependent on our vendors, independent contractors, and other third parties (including common carriers) to supply merchandise to our distribution centers, stores, and guests. If our replenishment and fulfillment network does not operate properly, if we are unable to timely import certain merchandise, if a vendor fails to deliver on its commitments, or if common carriers have difficulty providing capacity to meet demands for their services as has happened in the past, we could experience merchandise out-of-stocks, delays in shipping and receiving merchandise, and increased costs, which could adversely affect our reputation and results of operations. In addition, we have consumer-facing relationships with a variety of other companies, including Apple, CVS, Disney, Levi’s, Starbucks, and Ulta Beauty. Any termination of, or adverse change in, our relationship with any of these companies could decrease our sales, increase our costs, and negatively impact our reputation and results of operations.",OK,OK,문단에서 TGT가 ULTA를 포함한 여러 회사와 소비자 대면 관계를 맺고 있다고 명시적으로 서술함.
TPL↔ACN,PARTNER_WITH,"SEC 10-K: From 2004 to 2013, Ms. Duganier was a Managing Director at Accenture, a multinational professional s",,False,,pending,pending,True,True,0.0,True,pending,pending,False,False,False,,"문단은 TPL의 이사회 구성원인 Ms. Duganier의 경력을 설명하고, 그녀가 이사회에 적합한 자격을 갖추고 있음을 증명하는 맥락에서 작성되었습니다. Ms. Duganier는 2004년부터 2013년까지 Accenture(ACN)에서 전무이사(Managing Director)로 재직했습니다. ACN은 전략, 컨설팅, 디지털 기술 및 운영 서비스를 제공하는 다국적 전문 서비스 회사입니다. 그녀는 ACN의 아웃소싱 사업에서 글로벌 최고 전략 책임자(Global Chief Strategy Officer) 등 다양한 리더십 및 관리직을 역임했습니다. 이처럼 ACN은 TPL의 이사회 구성원인 Ms. Duganier의 과거 고용주로서, TPL 이사회에 그녀를 선임하는 데 있어 중요한 경력 배경을 제공합니다. TPL과 ACN 사이에 현재 사업적 거래나 협력 관계가 있다는 내용은 문서에 서술되어 있지 않습니다.",indirect|truncated,"From 2004 to 2013, Ms. Duganier was a Managing Director at Accenture, a multinational professional services company that provides services in strategy, consulting, digital technology, and operations. She held various leadership and management positions in Accenture’s outsourcing business, including Global Chief Strategy Officer and Global Growth and Offering Development Lead.",TPL 10-K FY2025 · Item 1 사업,"TPL은 Duganier 씨의 현 소속 회사이며, ACN은 Duganier 씨가 과거 Managing Director로 재직했던 다국적 전문 서비스 회사입니다.",,"TPL: 토지 및 자원 관리, 그리고 물 서비스 및 운영 사업을 영위합니다.
약 88만 에이커에 달하는 광대한 토지를 관리하며, 서부 텍사스 유전 지역에서 석유 및 가스 로열티 이권을 보유한 핵심 기업입니다.","ACN: 액센츄어는 전 세계 기업에 전략 및 컨설팅, 인터랙티브, 기술 및 운영 서비스를 제공하는 전문 서비스 기업입니다.
디지털 전환, 클라우드, AI 등을 포함한 광범위한 솔루션으로 글로벌 시장에서 선도적인 위치를 차지합니다.","related products and services to the energy industry, where, during her term, she chaired the ESG and enterprise risk committee and audit committee. From 2004 to 2013, Ms. Duganier was a Managing Director at Accenture, a multinational professional services company that provides services in strategy, consulting, digital technology, and operations. She held various leadership and management positions in Accenture’s outsourcing business, including Global Chief Strategy Officer and Global Growth and Offering Development Lead. A year prior to joining Accenture, she served as an independent consultant to Duke Energy North America. From 1979 to 2002, Ms. Duganier, who is a licensed certified public accountant in the State of Texas, worked at Arthur Andersen LLP, where she served as an auditor and financial consultant, as well as in various leadership and management roles, including Global Chief Financial Officer of Andersen Worldwide. Ms. Duganier is the former chairperson of the National Association of Corporate Directors Texas TriCities (NACD TTC) board of directors. Ms. Duganier holds the NACD Director Certification, is an NACD Leadership Fellow, and holds the CERT Cybersecurity Oversight Certification from Carnegie Mellon University. Ms. Duganier’s extensive executive experience overseeing large organizations, her diverse public company board experience (including the energy industry), and her training and experience as a certified public accountant make her well-qualified to serve on the Board.",,DROP,문단은 TPL 이사의 ACN에서의 과거 경력을 설명하며 두 회사 간 직접적인 사업 관계를 서술하지 않음.
TPL↔CNP,PARTNER_WITH,"SEC 10-K: Ms. Duganier currently serves on the board of directors of CenterPoint Energy (NYSE: CNP), an electr",,False,PARTNER_WITH,pending,pending,True,True,0.5,True,noise_self_contradiction,pending,True,False,True,,"문단은 TPL의 이사회 구성원인 Ms. Duganier의 다양한 이사회 활동을 설명하며 그녀의 자격을 강조하는 맥락에서 작성되었습니다. Ms. Duganier는 2021년 1월 11일부터 TPL의 이사회 멤버로 활동하고 있습니다. 동시에 그녀는 CenterPoint Energy(CNP)의 이사회에도 재직하고 있으며, CNP의 감사 위원회 위원장을 맡고 안전 및 운영 위원회에서도 활동하고 있습니다. CNP는 전력 송배전, 천연가스 유통 및 에너지 서비스를 제공하는 회사입니다. 이처럼 Ms. Duganier는 TPL과 CNP 두 회사의 이사회에 모두 참여함으로써, 두 회사 사이에 간접적인 연결고리 역할을 합니다. 문서에는 TPL과 CNP 사이에 직접적인 사업적 거래, 고객-공급업체 관계 또는 경쟁 관계에 대한 서술은 없습니다.",indirect|truncated,"Ms. Duganier currently serves on the board of directors of CenterPoint Energy (NYSE: CNP), an electric transmission and distribution, natural gas distribution and energy services company, where she chairs the audit committee and serves on the safety and operations committee, and Arcadis NV (Euronext: ARCADIS) where she serves on the sustainability committee and the audit and risk committee. Ms.",TPL 10-K FY2025 · Item 1 사업,"TPL은 Duganier 씨의 현 소속 회사이며, CNP는 Duganier 씨가 이사회 멤버로 활동하며 감사 위원회 의장 및 안전 및 운영 위원회 위원을 맡고 있는 회사입니다.",,"TPL: 토지 및 자원 관리, 그리고 물 서비스 및 운영 사업을 영위합니다.
약 88만 에이커에 달하는 광대한 토지를 관리하며, 서부 텍사스 유전 지역에서 석유 및 가스 로열티 이권을 보유한 핵심 기업입니다.","CNP: 미국에서 전력 송배전, 발전 자산 운영 및 천연가스 유통 서비스를 제공하는 공공 유틸리티 지주 회사입니다.
텍사스, 미네소타 등 미국 여러 주에서 전기 및 천연가스 인프라를 통해 필수 에너지 서비스를 공급합니다.","has been a member of the Board since January 11, 2021. Ms. Duganier currently serves on the board of directors of CenterPoint Energy (NYSE: CNP), an electric transmission and distribution, natural gas distribution and energy services company, where she chairs the audit committee and serves on the safety and operations committee, and Arcadis NV (Euronext: ARCADIS) where she serves on the sustainability committee and the audit and risk committee. Ms. Duganier also serves on the board of directors of two private companies: McDermott International, Ltd. (since 2020), a fully integrated provider of engineering and construction solutions to the energy industry; and Pattern Energy Group LP (since 2021), a private renewable energy company focused on wind, solar, transmission and storage. Ms. Duganier previously served on the board of directors of the general partner of Buckeye Partners, L.P. (NYSE: BPL), a midstream oil and gas master limited partnership, where she chaired the audit committee until the company’s sale in November 2019; of Noble Energy (NASDAQ: NBL), an exploration and production company, until the company’s sale in October 2020; of West Monroe Partners, a management and technology consulting firm, where she was the lead independent director until the sale of the company in November 2021; and of MRC Global Inc. (NYSE: MRC) (2015-2024), an industrial distributor of pipes, valves and other",OK,DROP,문단은 TPL 이사가 CNP 이사회에도 재직 중임을 설명하며 두 회사 간 직접적인 사업 관계를 서술하지 않음.
TPL↔SPGI,PARTNER_WITH,"SEC 10-K: and of MRC Global Inc. (NYSE: MRC) (2015-2024), an industrial distributor of pipes, valves and other",,False,PARTNER_WITH,pending,pending,True,True,0.0,True,noise_self_contradiction,pending,True,False,False,,"이 문단은 특정 인물(Ms. Duganier)의 경력과 이사회 활동을 설명하는 맥락에서 작성되었습니다. 이는 그녀의 전문성과 경험을 강조하기 위한 정보로 보입니다. 그러나 제공된 문단에는 TPL과 SPGI라는 두 회사에 대한 언급이 전혀 없습니다. 따라서 문단 사실에 기반하여 두 회사가 무엇을 놓고 어떻게 얽혀있는지 파악할 수 없습니다. 문서에는 TPL이 영위하는 토지 및 자원 관리 사업과 SPGI의 금융 정보 및 시장 분석 사업 간의 어떠한 관계도 서술되어 있지 않습니다. 또한, 두 회사 간의 거래, 경쟁 또는 협력 관계에 대한 정보도 제시되지 않았습니다. 문서에는 어떠한 관계 축에 대한 언급도 없습니다.",indirect|truncated,"and of MRC Global Inc. (NYSE: MRC) (2015-2024), an industrial distributor of pipes, valves and other 
39
Table of Contents
related products and services to the energy industry, where, during her term, she chaired the ESG and enterprise risk committee and audit committee. From 2004 to 2013, Ms.",TPL 10-K FY2025 · Item 1 사업,"TPL 미등장, SPGI 미등장",,"TPL: 토지 및 자원 관리, 그리고 물 서비스 및 운영 사업을 영위합니다.
약 88만 에이커에 달하는 광대한 토지를 관리하며, 서부 텍사스 유전 지역에서 석유 및 가스 로열티 이권을 보유한 핵심 기업입니다.","SPGI: 신용 등급, 벤치마크, 분석 및 워크플로우 솔루션을 전 세계 자본, 상품 및 자동차 시장에 제공합니다.
S&P 글로벌 레이팅스, S&P 다우존스 지수 등을 통해 글로벌 금융 정보 및 시장 분석 분야를 선도합니다.","energy services company, where she chairs the audit committee and serves on the safety and operations committee, and Arcadis NV (Euronext: ARCADIS) where she serves on the sustainability committee and the audit and risk committee. Ms. Duganier also serves on the board of directors of two private companies: McDermott International, Ltd. (since 2020), a fully integrated provider of engineering and construction solutions to the energy industry; and Pattern Energy Group LP (since 2021), a private renewable energy company focused on wind, solar, transmission and storage. Ms. Duganier previously served on the board of directors of the general partner of Buckeye Partners, L.P. (NYSE: BPL), a midstream oil and gas master limited partnership, where she chaired the audit committee until the company’s sale in November 2019; of Noble Energy (NASDAQ: NBL), an exploration and production company, until the company’s sale in October 2020; of West Monroe Partners, a management and technology consulting firm, where she was the lead independent director until the sale of the company in November 2021; and of MRC Global Inc. (NYSE: MRC) (2015-2024), an industrial distributor of pipes, valves and other 
39
Table of Contents
related products and services to the energy industry, where, during her term, she chaired the ESG and enterprise risk committee and audit committee. From 2004 to 2013, Ms. Duganier was a Managing Director at Accenture, a multinational professional services company that provides services in strategy, consulting, digital technology, and operations. She held various leadership and management positions in Accenture’s outsourcing business, including Global Chief Strategy Officer and Global Growth and Offering Development Lead. A year prior to joining Accenture, she served as an independent consultant to Duke Energy North America. From 1979 to 2002, Ms. Duganier, who is a licensed certified public accountant in the State of Texas, worked at Arthur Andersen LLP, where she served as an auditor and financial consultant, as well as in various leadership and management roles, including Global Chief Financial Officer of Andersen Worldwide. Ms. Duganier is the former chairper",DROP,DROP,"문단은 한 인물의 약력을 서술하며, 두 회사 간의 관계나 심지어 두 회사에 대한 언급도 전혀 포함하고 있지 않다. 두 회사는 산업군도 다르다."
WAB↔NSC,PARTNER_WITH,"SEC 10-K: In both 2025 and 2024, Canadian National Railway Company, Norfolk Southern and Union Pacific Railroa",,False,PARTNER_WITH,pending,pending,True,True,0.0,True,noise_self_contradiction,pending,True,True,False,,"이 문단은 Wabtec이 고객사의 지속가능성 목표를 지원하고, 그 과정에서 받은 인정을 설명하며 회사 역량을 부각하는 맥락에서 작성되었습니다. Wabtec은 철도 산업용 기술 기반 장비, 시스템 및 서비스를 제공하며, Norfolk Southern은 이를 활용하는 주요 화물 철도 운송 회사입니다. Norfolk Southern은 Wabtec의 고객으로서, 2024년과 2025년에 Wabtec의 에너지 효율성, 혁신 및 환경 관리 리더십을 인정하여 파트너십 상을 수여했습니다. 특히 Norfolk Southern은 Wabtec에 3년 연속 ""Thoroughbred Sustainability Partner Award""를 수여했는데, 이는 두 회사 간의 지속적인 협력 관계를 보여줍니다. 이러한 관계를 통해 Wabtec은 Norfolk Southern의 지속가능성 목표 달성에 기여하고 있습니다. 문서에는 Wabtec이 Norfolk Southern에 제공하는 구체적인 제품이나 서비스의 종류에 대한 상세한 서술이 없습니다.",list|truncated,"In both 2025 and 2024, Canadian National Railway Company, Norfolk Southern and Union Pacific Railroad each recognized Wabtec’s leadership in energy efficiency, innovation, and environmental stewardship with partnership awards. This was Wabtec’s third year in a row receiving the Thoroughbred Sustainability Partner Award from Norfolk Southern.",WAB 10-K FY2025 · Item 1 사업,"WAB는 에너지 효율성 등의 리더십으로 파트너십 상을 받은 주체이며, NSC는 WAB에 Thoroughbred Sustainability Partner Award를 수여한 주체 중 하나입니다.",,"WAB: 화물 및 여객 철도 산업을 위한 기술 기반 장비, 시스템 및 서비스를 전 세계적으로 제공합니다.
철도 산업용 부품, 전자 장치 및 솔루션 분야의 선도적인 글로벌 공급업체입니다.","NSC: 미국 내 원자재, 중간재, 완제품의 철도 운송 서비스를 제공하며, 농업, 임업, 소비재 및 화학 제품 등을 운송합니다.
미국 동부 및 남동부 지역을 중심으로 하는 주요 화물 철도 운송 시장에서 운영되고 있습니다.","Wabtec is utilizing a flexible and growing portfolio of freight rail and passenger transit products and innovative technologies to support customers’ sustainability goals and targets. From pioneering advancements to current signaling systems and network efficiency solutions, we are striving to increase the rail capacity to move more freight by train. Wabtec is working to reduce existing locomotive fuel consumption through fuel-efficiency solutions and testing renewable diesel and biofuels. We are also conducting collaborative research and development efforts with the National Laboratories to support the use of hydrogen to lower emissions across the rail industry. In both 2025 and 2024, Canadian National Railway Company, Norfolk Southern and Union Pacific Railroad each recognized Wabtec’s leadership in energy efficiency, innovation, and environmental stewardship with partnership awards. This was Wabtec’s third year in a row receiving the Thoroughbred Sustainability Partner Award from Norfolk Southern. Wabtec is also implementing energy-reducing technologies for the passenger transit sector.",OK,OK,문단은 Norfolk Southern(NSC)이 Wabtec(WAB)에 파트너십 상을 수여했다고 명시하며 두 회사 간의 파트너 관계를 분명히 서술한다.
WDAY↔ADP,PARTNER_WITH,"SEC 10-K: Our global partnerships with payroll providers, including Automatic Data Processing, Inc. (“ADP”), R",급여 서비스,True,,auto_candidate,pending,True,True,1.0,True,auto_candidate,pending,False,True,True,기타,"이 문단은 Workday가 자사의 플랫폼 가치를 확장하고 직원 서비스를 제공하기 위해 맺고 있는 전략적 파트너십을 설명하는 맥락에서 작성되었습니다. Workday는 재무 관리 및 인적 자원 관리(HCM) 클라우드 애플리케이션을 제공하는 기업이며, ADP는 클라우드 기반 HCM 솔루션 및 급여 서비스를 전문으로 합니다. 두 회사는 글로벌 파트너십을 맺어 통합되고 간소화된 급여 솔루션을 전 세계적으로 제공합니다. 이 파트너십은 Workday 플랫폼을 보완하고 확장하는 역할을 하며, 이를 통해 고객에게 더욱 포괄적인 건강 및 재정 복지 직원 서비스를 제공하고자 합니다. 문서에는 이 파트너십의 구체적인 내용, 계약 조건, 또는 ADP가 Workday에 어떤 방식으로 통합되는지에 대한 상세한 서술이 없습니다.",list|truncated,"Our global partnerships with payroll providers, including Automatic Data Processing, Inc. (“ADP”), Remote Technology, Inc., and Strada, enable integrated and streamlined payroll solutions across the world. In fiscal 2026, we also introduced the Workday Agent Partner Network, a global ecosystem of partners building AI agents that will connect with Workday.",WDAY 10-K FY2025 · Item 1 사업,"WDAY는 ADP와의 글로벌 파트너십을 맺은 주체이며, ADP는 WDAY의 급여 솔루션 제공을 위한 글로벌 파트너 중 하나입니다.",,"WDAY: 재무 관리, 인적 자원 관리(HCM) 등을 포함한 기업용 클라우드 애플리케이션을 제공합니다.
엔터프라이즈 클라우드 소프트웨어 시장에서 특히 HCM 및 재무 관리 솔루션 분야의 선두 주자입니다.","ADP: 오토매틱 데이터 프로세싱은 전 세계적으로 클라우드 기반의 인적 자본 관리(HCM) 솔루션을 제공합니다.
급여, 복리후생, 인재 관리, HR 아웃소싱 등 포괄적인 HR 서비스를 통해 시장을 선도합니다.","Workday Build, announced in fiscal 2026, will enable our partners to create and scale AI-powered solutions directly on Workday, and the new AI developer toolset, introduced in fiscal 2026, will help further enable partner developers to customize and connect AI applications and agents on the Workday platform. Workday Marketplace allows customers to find applications, Industry Accelerators, and other integrations and solutions that are purpose-built to complement the Workday platform in targeted countries and industries. Our Industry Accelerator program combines Workday partners, solutions, and services to help speed cloud transformation efforts tailored to solve our customers’ industry-specific challenges. With our strategic partnerships, one aim is to extend the value of the Workday platform and deliver compelling health and financial wellbeing employee services. Strategic partnerships with public cloud providers, including Amazon Web Services, Inc. (“AWS”) and Google Cloud, allow our customers to innovate with modern cloud infrastructure services while reducing their committed spend on cloud. Our global partnerships with payroll providers, including Automatic Data Processing, Inc. (“ADP”), Remote Technology, Inc., and Strada, enable integrated and streamlined payroll solutions across the world. In fiscal 2026, we also introduced the Workday Agent Partner Network, a global ecosystem of partners building AI agents that will connect with Workday. For example, our partnership with Microsoft Corporation (“Microsoft”), announced in fiscal 2026, will enable customers to register and manage agents they build using Microsoft’s systems within the Workday Agent System of Record.",,OK,문단은 Workday(WDAY)가 Automatic Data Processing(ADP)을 포함한 급여 제공업체와 글로벌 파트너십을 맺고 있다고 명시적으로 서술한다.
WDAY↔AMZN,PARTNER_WITH,"SEC 10-K: Strategic partnerships with public cloud providers, including Amazon Web Services, Inc. (“AWS”) and ",클라우드 서비스,True,,auto_candidate,pending,True,True,1.0,True,auto_candidate,pending,False,True,False,클라우드·엔터프라이즈SW,"이 문단은 Workday가 자사 플랫폼의 가치를 확장하고 고객에게 현대적인 클라우드 인프라를 제공하기 위해 맺고 있는 전략적 파트너십을 설명하는 맥락에서 작성되었습니다. Workday는 재무 관리 및 인적 자원 관리(HCM) 클라우드 애플리케이션을 제공하는 기업이며, Amazon은 클라우드 컴퓨팅 서비스(AWS)를 통해 글로벌 시장을 선도합니다. Workday는 Amazon Web Services (AWS)와 전략적 파트너십을 맺고 있습니다. 이 파트너십을 통해 Workday의 고객들은 현대적인 클라우드 인프라 서비스를 활용하여 혁신을 추구할 수 있으며, 동시에 클라우드 지출을 절감할 수 있습니다. 이는 Workday가 제공하는 애플리케이션의 기반 인프라를 강화하거나 고객이 Workday와 함께 AWS를 효율적으로 사용하도록 지원하는 관계입니다. 문서에는 이 파트너십의 구체적인 운영 방식이나 재정적 조건에 대한 상세한 서술이 없습니다.",list|truncated,"Strategic partnerships with public cloud providers, including Amazon Web Services, Inc. (“AWS”) and Google Cloud, allow our customers to innovate with modern cloud infrastructure services while reducing their committed spend on cloud. Our global partnerships with payroll providers, including Automatic Data Processing, Inc.",WDAY 10-K FY2025 · Item 1 사업,"WDAY는 AMZN (AWS)과의 전략적 파트너십을 맺은 주체이며, AMZN (AWS)은 WDAY의 퍼블릭 클라우드 제공 파트너 중 하나입니다.",,"WDAY: 재무 관리, 인적 자원 관리(HCM) 등을 포함한 기업용 클라우드 애플리케이션을 제공합니다.
엔터프라이즈 클라우드 소프트웨어 시장에서 특히 HCM 및 재무 관리 솔루션 분야의 선두 주자입니다.","AMZN: 아마존은 전자상거래, 클라우드 컴퓨팅(AWS), 디지털 스트리밍, 인공지능 등 다양한 사업을 영위합니다.
세계 최대의 온라인 소매업체이자 클라우드 서비스 제공업체로서 글로벌 시장에서 독보적인 위치를 차지합니다. (일반 지식 기반)","Workday Build, announced in fiscal 2026, will enable our partners to create and scale AI-powered solutions directly on Workday, and the new AI developer toolset, introduced in fiscal 2026, will help further enable partner developers to customize and connect AI applications and agents on the Workday platform. Workday Marketplace allows customers to find applications, Industry Accelerators, and other integrations and solutions that are purpose-built to complement the Workday platform in targeted countries and industries. Our Industry Accelerator program combines Workday partners, solutions, and services to help speed cloud transformation efforts tailored to solve our customers’ industry-specific challenges. With our strategic partnerships, one aim is to extend the value of the Workday platform and deliver compelling health and financial wellbeing employee services. Strategic partnerships with public cloud providers, including Amazon Web Services, Inc. (“AWS”) and Google Cloud, allow our customers to innovate with modern cloud infrastructure services while reducing their committed spend on cloud. Our global partnerships with payroll providers, including Automatic Data Processing, Inc. (“ADP”), Remote Technology, Inc., and Strada, enable integrated and streamlined payroll solutions across the world. In fiscal 2026, we also introduced the Workday Agent Partner Network, a global ecosystem of partners building AI agents that will connect with Workday. For example, our partnership with Microsoft Corporation (“Microsoft”), announced in fiscal 2026, will enable customers to register and manage agents they build using Microsoft’s systems within the Workday Agent System of Record.",,OK,"문단은 Workday(WDAY)가 Amazon Web Services(AWS, AMZN의 사업부)와 전략적 파트너십을 맺고 있다고 명시적으로 서술한다."
WDAY↔GOOGL,PARTNER_WITH,"SEC 10-K: Strategic partnerships with public cloud providers, including Amazon Web Services, Inc. (“AWS”) and ",클라우드 컴퓨팅,True,,pending,pending,False,True,0.7,True,pending,pending,False,True,False,클라우드·엔터프라이즈SW,"이 문단은 Workday가 자사 플랫폼의 가치를 확장하고 고객에게 현대적인 클라우드 인프라를 제공하기 위해 맺고 있는 전략적 파트너십을 설명하는 맥락에서 작성되었습니다. Workday는 재무 관리 및 인적 자원 관리(HCM) 클라우드 애플리케이션을 제공하는 기업이며, GOOGL의 자회사인 Google Cloud는 클라우드 컴퓨팅 서비스를 제공합니다. Workday는 Google Cloud와 전략적 파트너십을 맺고 있습니다. 이 파트너십을 통해 Workday의 고객들은 현대적인 클라우드 인프라 서비스를 활용하여 혁신을 추구할 수 있으며, 동시에 클라우드 지출을 절감할 수 있습니다. 이는 Workday가 제공하는 애플리케이션의 기반 인프라를 강화하거나 고객이 Workday와 함께 Google Cloud를 효율적으로 사용하도록 지원하는 관계입니다. 문서에는 이 파트너십의 구체적인 운영 방식이나 재정적 조건에 대한 상세한 서술이 없습니다.",list|target_absent|truncated,"Strategic partnerships with public cloud providers, including Amazon Web Services, Inc. (“AWS”) and Google Cloud, allow our customers to innovate with modern cloud infrastructure services while reducing their committed spend on cloud. Our global partnerships with payroll providers, including Automatic Data Processing, Inc.",WDAY 10-K FY2025 · Item 1 사업,"WDAY는 GOOGL (Google Cloud)과의 전략적 파트너십을 맺은 주체이며, GOOGL (Google Cloud)은 WDAY의 퍼블릭 클라우드 제공 파트너 중 하나입니다.",근거 문장에 상대 종목 미등장 — 관계 근거로 불충분,"WDAY: 재무 관리, 인적 자원 관리(HCM) 등을 포함한 기업용 클라우드 애플리케이션을 제공합니다.
엔터프라이즈 클라우드 소프트웨어 시장에서 특히 HCM 및 재무 관리 솔루션 분야의 선두 주자입니다.","GOOGL: Google의 모회사로, 온라인 광고, 클라우드 컴퓨팅, 가전제품 및 인공지능을 포함한 다양한 기술 분야에서 사업을 운영합니다.
세계에서 가장 큰 기술 기업 중 하나로, 혁신적인 제품과 서비스를 통해 글로벌 기술 및 인터넷 서비스 시장을 선도합니다.","Workday Build, announced in fiscal 2026, will enable our partners to create and scale AI-powered solutions directly on Workday, and the new AI developer toolset, introduced in fiscal 2026, will help further enable partner developers to customize and connect AI applications and agents on the Workday platform. Workday Marketplace allows customers to find applications, Industry Accelerators, and other integrations and solutions that are purpose-built to complement the Workday platform in targeted countries and industries. Our Industry Accelerator program combines Workday partners, solutions, and services to help speed cloud transformation efforts tailored to solve our customers’ industry-specific challenges. With our strategic partnerships, one aim is to extend the value of the Workday platform and deliver compelling health and financial wellbeing employee services. Strategic partnerships with public cloud providers, including Amazon Web Services, Inc. (“AWS”) and Google Cloud, allow our customers to innovate with modern cloud infrastructure services while reducing their committed spend on cloud. Our global partnerships with payroll providers, including Automatic Data Processing, Inc. (“ADP”), Remote Technology, Inc., and Strada, enable integrated and streamlined payroll solutions across the world. In fiscal 2026, we also introduced the Workday Agent Partner Network, a global ecosystem of partners building AI agents that will connect with Workday. For example, our partnership with Microsoft Corporation (“Microsoft”), announced in fiscal 2026, will enable customers to register and manage agents they build using Microsoft’s systems within the Workday Agent System of Record.",,OK,문단은 Workday(WDAY)가 Google Cloud(GOOGL의 사업부)와 전략적 파트너십을 맺고 있다고 명시적으로 서술한다.
WDAY↔MSFT,PARTNER_WITH,"SEC 10-K: For example, our partnership with Microsoft Corporation (“Microsoft”), announced in fiscal 2026, wil",,True,,auto_candidate,pending,True,True,0.95,True,auto_candidate,pending,False,False,False,,"이 문단은 Workday가 자사의 AI 플랫폼 및 파트너 네트워크를 확장하기 위한 노력의 일환으로 전략적 파트너십을 설명하는 맥락에서 작성되었습니다. Workday는 재무 관리 및 인적 자원 관리(HCM) 클라우드 애플리케이션을 제공하는 기업이며, Microsoft는 소프트웨어, 서비스 및 솔루션을 개발하는 글로벌 기술 기업입니다. Workday는 Microsoft Corporation과 2026 회계연도에 파트너십을 발표했습니다. 이 파트너십을 통해 고객들은 Microsoft 시스템을 사용하여 개발한 에이전트를 Workday Agent System of Record 내에서 등록하고 관리할 수 있게 됩니다. 이는 Workday가 AI 에이전트 생태계를 구축하고 확장하는 데 Microsoft의 기술적 역량을 활용하는 협력 관계입니다. 문서에는 이 파트너십의 구체적인 기술적 구현 방식이나 재정적 조건에 대한 상세한 서술이 없습니다.",truncated,"For example, our partnership with Microsoft Corporation (“Microsoft”), announced in fiscal 2026, will enable customers to register and manage agents they build using Microsoft’s systems within the Workday Agent System of Record.
Customers
We sell to emerging, medium-sized, and large global organizations that span numerous industry categories, including financial services, government, healthcare, higher education, hospitality, manufacturing, professional and business services, retail, technology and media, and transportation.
4
Table of 
Contents
We have built a company culture centered around customer success and satisfaction. As part of their subscription, customers are provided support services and tools to enhance their experience with Workday solutions.",WDAY 10-K FY2025 · Item 1 사업,"WDAY는 MSFT와의 파트너십을 맺은 주체이며, MSFT는 WDAY의 파트너십을 통해 고객이 에이전트를 구축하는 데 시스템을 제공하는 주체입니다.",,"WDAY: 재무 관리, 인적 자원 관리(HCM) 등을 포함한 기업용 클라우드 애플리케이션을 제공합니다.
엔터프라이즈 클라우드 소프트웨어 시장에서 특히 HCM 및 재무 관리 솔루션 분야의 선두 주자입니다.","MSFT: 소프트웨어, 서비스, 장치 및 솔루션을 개발하고 지원합니다.
Windows 운영체제, Office 생산성 소프트웨어, Azure 클라우드 서비스 등을 제공하는 글로벌 기술 기업입니다.","Workday Build, announced in fiscal 2026, will enable our partners to create and scale AI-powered solutions directly on Workday, and the new AI developer toolset, introduced in fiscal 2026, will help further enable partner developers to customize and connect AI applications and agents on the Workday platform. Workday Marketplace allows customers to find applications, Industry Accelerators, and other integrations and solutions that are purpose-built to complement the Workday platform in targeted countries and industries. Our Industry Accelerator program combines Workday partners, solutions, and services to help speed cloud transformation efforts tailored to solve our customers’ industry-specific challenges. With our strategic partnerships, one aim is to extend the value of the Workday platform and deliver compelling health and financial wellbeing employee services. Strategic partnerships with public cloud providers, including Amazon Web Services, Inc. (“AWS”) and Google Cloud, allow our customers to innovate with modern cloud infrastructure services while reducing their committed spend on cloud. Our global partnerships with payroll providers, including Automatic Data Processing, Inc. (“ADP”), Remote Technology, Inc., and Strada, enable integrated and streamlined payroll solutions across the world. In fiscal 2026, we also introduced the Workday Agent Partner Network, a global ecosystem of partners building AI agents that will connect with Workday. For example, our partnership with Microsoft Corporation (“Microsoft”), announced in fiscal 2026, will enable customers to register and manage agents they build using Microsoft’s systems within the Workday Agent System of Record.",,OK,문단은 Workday(WDAY)가 Microsoft(MSFT)와 파트너십을 맺고 있다고 명시적으로 서술하며 그 내용을 설명한다.
WDAY↔MU,PARTNER_WITH,"SEC 10-K: Our global partnerships with payroll providers, including Automatic Data Processing, Inc. (“ADP”), R",,False,PARTNER_WITH,pending,pending,False,True,0.0,True,noise_self_contradiction,pending,True,True,False,,"이 문단은 Workday가 자사의 플랫폼과 AI 역량을 확장하기 위해 다양한 파트너십 및 프로그램을 설명하는 맥락에서 작성되었습니다. Workday는 재무 관리 및 인적 자원 관리(HCM) 클라우드 애플리케이션을 제공하는 회사입니다. 그러나 제공된 문단에는 Micron Technology(MU)에 대한 언급이 전혀 없습니다. Micron Technology는 메모리 및 스토리지 제품을 설계, 제조, 판매하는 반도체 기업입니다. 따라서 문단 사실에 기반하여 두 회사가 무엇을 놓고 어떻게 얽혀있는지 파악할 수 없습니다. 문서에는 Workday와 Micron Technology 간의 거래, 경쟁, 협력 또는 기타 유형의 관계에 대한 어떠한 정보도 제시되지 않았습니다.",list|target_absent|truncated,"Our global partnerships with payroll providers, including Automatic Data Processing, Inc. (“ADP”), Remote Technology, Inc., and Strada, enable integrated and streamlined payroll solutions across the world. In fiscal 2026, we also introduced the Workday Agent Partner Network, a global ecosystem of partners building AI agents that will connect with Workday.",WDAY 10-K FY2025 · Item 1 사업,"WDAY는 글로벌 파트너십을 맺은 주체이며, MU 미등장.",근거 문장에 상대 종목 미등장 — 관계 근거로 불충분,"WDAY: 재무 관리, 인적 자원 관리(HCM) 등을 포함한 기업용 클라우드 애플리케이션을 제공합니다.
엔터프라이즈 클라우드 소프트웨어 시장에서 특히 HCM 및 재무 관리 솔루션 분야의 선두 주자입니다.","MU: DRAM(동적 랜덤 액세스 메모리), NAND(비휘발성 플래시 메모리), NOR 메모리 등 메모리 및 스토리지 제품을 설계, 제조 및 판매합니다.
컴퓨팅, 네트워킹, 모바일, 스토리지 및 임베디드 시장에 첨단 메모리 솔루션을 제공하는 글로벌 반도체 기업입니다.","Workday Build, announced in fiscal 2026, will enable our partners to create and scale AI-powered solutions directly on Workday, and the new AI developer toolset, introduced in fiscal 2026, will help further enable partner developers to customize and connect AI applications and agents on the Workday platform. Workday Marketplace allows customers to find applications, Industry Accelerators, and other integrations and solutions that are purpose-built to complement the Workday platform in targeted countries and industries. Our Industry Accelerator program combines Workday partners, solutions, and services to help speed cloud transformation efforts tailored to solve our customers’ industry-specific challenges. With our strategic partnerships, one aim is to extend the value of the Workday platform and deliver compelling health and financial wellbeing employee services. Strategic partnerships with public cloud providers, including Amazon Web Services, Inc. (“AWS”) and Google Cloud, allow our customers to innovate with modern cloud infrastructure services while reducing their committed spend on cloud. Our global partnerships with payroll providers, including Automatic Data Processing, Inc. (“ADP”), Remote Technology, Inc., and Strada, enable integrated and streamlined payroll solutions across the world. In fiscal 2026, we also introduced the Workday Agent Partner Network, a global ecosystem of partners building AI agents that will connect with Workday. For example, our partnership with Microsoft Corporation (“Microsoft”), announced in fiscal 2026, will enable customers to register and manage agents they build using Microsoft’s systems within the Workday Agent System of Record.",HOLD,DROP,"문단은 Workday(WDAY)의 파트너십을 서술하지만, Micron(MU)은 전혀 언급되지 않는다. 두 회사는 산업군도 다르다."
WST↔ROP,PARTNER_WITH,"SEC 10-K: He has also served as an Independent Director at OraSure Technologies, Inc. since 2023.",,False,SUPPLIES_TO,pending,pending,True,True,0.0,True,pending,pending,False,False,False,,"이 문단은 West의 새로운 임원(Mr. McMahon)의 경력을 소개하며 그의 전문성과 이력을 설명하는 맥락에서 작성되었습니다. West는 주사제 및 헬스케어 제품의 보관 및 전달 시스템을 제공하는 회사입니다. 그러나 제공된 문단에는 Roper Technologies(ROP)에 대한 언급이 전혀 없습니다. Roper Technologies는 다양한 산업 분야의 소프트웨어, 엔지니어링 제품 및 솔루션을 제공하는 기업입니다. 따라서 문단 사실에 기반하여 두 회사가 무엇을 놓고 어떻게 얽혀있는지 파악할 수 없습니다. 문서에는 West와 Roper Technologies 간의 거래, 경쟁, 협력 또는 기타 유형의 관계에 대한 어떠한 정보도 제시되지 않았습니다.",indirect,"He has also served as an Independent Director at OraSure Technologies, Inc. since 2023.
Rudy J. Poussot
48
Senior Vice President, Strategy and Corporate Development since November 2023.",WST 10-K FY2025 · Item 7 MD&A,"WST 미등장, ROP 미등장",,"WST: 주사제 및 헬스케어 제품을 위한 보관 및 전달 시스템을 설계, 제조, 판매합니다.
제약 및 바이오 산업에서 주사제 포장 및 전달 솔루션 분야의 글로벌 선두 주자입니다.","ROP: 다양한 산업 분야의 소프트웨어, 엔지니어링 제품 및 솔루션을 설계하고 개발합니다.
금융 분석, 보험, 식품 서비스 등 여러 영역에서 클라우드 기반 소프트웨어 솔루션을 제공하는 선두 기업입니다.","Senior Vice President & Chief Financial Officer since August 2025. Prior to joining West, he served as the Chief Financial Officer of Agilent Technologies Inc, a provider in application focused solutions that include instruments, software, services and consumables for the entire laboratory workflow. At Agilent, he was responsible for finance, audit, treasury, tax, investor relations, IT and procurement. From 2014 to 2018, Mr. McMahon served as Chief Financial Officer at Hologic, Inc, a developer, manufacturer and supplier of diagnostics products, medical imaging systems, and surgical products. Prior to Hologic, Mr. McMahon spent 20 years with Johnson & Johnson, a biotechnology, medical technology, and pharmaceutical manufacturer, in various executive financial roles of increasing responsibility. He has also served as an Independent Director at OraSure Technologies, Inc. since 2023.",,DROP,"문단은 한 인물의 약력을 서술하며, 두 회사 간의 관계나 심지어 ROP에 대한 언급도 전혀 포함하고 있지 않다. 두 회사는 산업군도 다르다."
XYZ↔V,PARTNER_WITH,SEC 10-K: Cash App Card offers customers the ability to store funds in Cash App and subsequently use these fun,직불 카드,True,,pending,pending,False,True,0.3,True,pending,pending,False,False,False,금융·결제·거래소,"이 문단은 XYZ가 자사의 Cash App Card를 통해 매출을 창출하는 방법을 설명하며, 이 제품의 작동 방식을 서술합니다. XYZ는 Cash App에 자금을 저장하고 이를 Visa 직불 카드를 통해 사용할 수 있도록 고객에게 제공합니다. 이는 XYZ가 자사의 결제 서비스를 위해 Visa(V)의 네트워크 및 브랜드를 활용함을 나타냅니다. Cash App Card가 사용될 때 발생하는 인터체인지 수수료는 판매자의 은행에서 지급되며, XYZ는 제3자 파트너를 통해 이러한 수수료를 받습니다. V는 XYZ가 Cash App Card 거래를 승인하고 정산을 이행하는 데 사용하는 중요한 제3자 파트너 중 하나로 보입니다. 문서에는 XYZ와 V 간의 구체적인 계약 조건이나 협력의 세부 사항은 서술되어 있지 않습니다.",target_absent|truncated,"The Company satisfies its performance obligation upon settlement of the transaction to the customer.
Cash App Card offers customers the ability to store funds in Cash App and subsequently use these funds via a Visa debit card that is linked to the balance the customer stores in Cash App. The Company earns interchange fees when a Cash App Card is used to make a purchase, which are paid by the merchant's bank and subsequently passed through to the Company by its third-party partners.",XYZ 10-K FY2025 · Item 1 사업,"XYZ (The Company)는 Cash App Card를 통해 고객에게 서비스를 제공하고 결제 수수료를 받는 주체이며, V (Visa)는 Cash App Card가 기반으로 하는 직불카드 브랜드입니다.",근거 문장에 상대 종목 미등장 — 관계 근거로 불충분,"XYZ: 판매자가 카드 결제를 수락하고 보고 및 분석, 익일 정산 등을 가능하게 하는 도구를 제공합니다.
소기업을 위한 결제 처리 하드웨어, 소프트웨어 및 금융 서비스를 제공하는 핀테크 기업입니다.","V: 소비자, 판매자, 금융 기관 간 디지털 결제를 촉진하는 결제 기술 회사입니다.
전 세계적으로 가장 널리 사용되는 결제 네트워크 중 하나를 운영하는 글로벌 리더입니다.","Cash App Card offers customers the ability to store funds in Cash App and subsequently use these funds via a Visa debit card that is linked to the balance the customer stores in Cash App. The Company earns interchange fees when a Cash App Card is used to make a purchase, which are paid by the merchant's bank and subsequently passed through to the Company by its third-party partners. Revenue is recognized for a Cash App Card transaction when charged and the Company has successfully authorized the transaction. The Company recognizes interchange revenue as a principal in the arrangement based on its control over the transaction authorization and third-party partners used to fulfill the transaction settlement.",,OK,"문단에서 XYZ의 Cash App Card가 Visa 직불카드임을 명시하여, XYZ가 V의 결제 네트워크를 사용함을 나타낸다."
A↔WST,SUPPLIES_TO,"SEC 10-K: Prior to joining West, he served as the Chief Financial Officer of Agilent Technologies Inc, a provi",,False,,pending,pending,True,True,0.0,True,pending,pending,False,False,False,,"이 문단은 WST의 신임 수석 부사장 겸 최고 재무 책임자의 경력을 소개하며 그가 WST에 합류하기 전의 이력을 서술합니다. WST의 현재 최고 재무 책임자는 이전에 A(Agilent Technologies Inc.)에서 최고 재무 책임자로 근무했습니다. 그는 A에서 재무, 감사, 세금, 투자자 관계, IT 및 조달을 담당했습니다. 이 정보는 두 회사 간의 직접적인 사업 거래나 협력 관계가 아닌, 고위 임원의 과거 고용 관계를 통해 연결됨을 보여줍니다. 문서에는 현재 A와 WST 간의 제품, 시장, 또는 사업적 관계에 대한 서술이 없습니다.",indirect|truncated,"Prior to joining West, he served as the Chief Financial Officer of Agilent Technologies Inc, a provider in application focused solutions that include instruments, software, services and consumables for the entire laboratory workflow. At Agilent, he was responsible for finance, audit, treasury, tax, investor relations, IT and procurement.",WST 10-K FY2025 · Item 7 MD&A,"A (Agilent Technologies Inc.)는 한 인물이 과거에 CFO로 근무했던 회사이며, WST (West)는 그 인물이 이전에 근무했던 Agilent Technologies Inc.를 떠나 합류한 회사입니다.",,"A: 애질런트 테크놀로지스는 생명 과학, 진단, 응용 화학 시장에 특화된 분석 장비 및 솔루션을 개발하고 판매합니다.
액체 및 가스 크로마토그래피, 질량 분석기 등 다양한 과학 기기를 전 세계 시장에 공급합니다.","WST: 주사제 및 헬스케어 제품을 위한 보관 및 전달 시스템을 설계, 제조, 판매합니다.
제약 및 바이오 산업에서 주사제 포장 및 전달 솔루션 분야의 글로벌 선두 주자입니다.","Senior Vice President & Chief Financial Officer since August 2025. Prior to joining West, he served as the Chief Financial Officer of Agilent Technologies Inc, a provider in application focused solutions that include instruments, software, services and consumables for the entire laboratory workflow. At Agilent, he was responsible for finance, audit, treasury, tax, investor relations, IT and procurement. From 2014 to 2018, Mr. McMahon served as Chief Financial Officer at Hologic, Inc, a developer, manufacturer and supplier of diagnostics products, medical imaging systems, and surgical products. Prior to Hologic, Mr. McMahon spent 20 years with Johnson & Johnson, a biotechnology, medical technology, and pharmaceutical manufacturer, in various executive financial roles of increasing responsibility. He has also served as an Independent Director at OraSure Technologies, Inc. since 2023.",,DROP,문단은 한 임원의 과거 직장 경력을 서술하며 두 회사 간의 비즈니스 관계를 명시하지 않는다.
ALGN↔AVGO,SUPPLIES_TO,"SEC 10-K: We use third-party CMs for a significant majority of our assembly and test operations, including TSM",,False,DEPENDS_ON,pending,pending,False,True,0.0,True,pending,pending,False,False,False,,"이 문단은 AVGO가 효율적인 글로벌 공급망을 유지하고 변동성이 적은 저비용 운영 모델을 위해 제조 작업을 아웃소싱하는 방식을 설명합니다. AVGO는 전면 웨이퍼 제조 작업을 TSMC와 같은 외부 파운드리에 아웃소싱하고 있으며, 조립 및 테스트 작업에도 여러 제3자 계약 제조업체를 이용합니다. 그러나 주어진 문단에는 ALGN에 대한 어떠한 언급도 없습니다. 따라서 이 문서에 기반하여 ALGN과 AVGO 사이에 어떠한 사업적 또는 운영적 관계도 서술되어 있지 않습니다. 두 회사의 제품이나 시장에서의 상호작용에 대한 정보도 이 문단에서는 확인할 수 없습니다.",target_absent|truncated,"We use third-party CMs for a significant majority of our assembly and test operations, including TSMC, Advanced Semiconductor Engineering, Inc., Foxconn Technology Group, Amkor Technology, Inc. and Siliconware Precision Industries Co., Ltd. We use our internal fabrication facilities for products utilizing our innovative and proprietary processes, such as our FBAR filters for wireless communications and our vertical-cavity surface emitting laser and side emitting lasers based on gallium arsenide (“GaAs”) and indium phosphide (“InP”) lasers for fiber optic communications, while outsourcing commodity processes such as standard CMOS.",AVGO 10-K FY2025 · Item 1 사업,"ALGN 미등장, AVGO 미등장",근거 문장에 상대 종목 미등장 — 관계 근거로 불충분,"ALGN: 얼라인 테크놀로지는 인비절라인 투명 교정 장치와 아이테로 구강 스캐너 및 관련 서비스를 설계, 제조, 판매하는 의료 기기 회사입니다.
교정 및 심미 치과 분야에서 혁신적인 디지털 솔루션을 제공하며 전 세계 시장을 선도합니다.","AVGO: 브로드컴은 반도체 및 인프라 소프트웨어 솔루션을 설계, 개발, 판매하는 글로벌 기술 기업입니다.
데이터 센터, 광대역 통신, 엔터프라이즈 스토리지 등 다양한 최종 시장에서 선도적인 위치를 차지합니다. (일반 지식 기반)","We focus on maintaining an efficient global supply chain and a variable, low-cost operating model. Accordingly, we outsource a majority of our manufacturing operations, utilizing third-party foundry and assembly and test capabilities, as well as some of our corporate infrastructure functions. The majority of our front-end wafer manufacturing operations is outsourced to external foundries, including Taiwan Semiconductor Manufacturing Company Limited (“TSMC”). We use third-party CMs for a significant majority of our assembly and test operations, including TSMC, Advanced Semiconductor Engineering, Inc., Foxconn Technology Group, Amkor Technology, Inc. and Siliconware Precision Industries Co., Ltd. We use our internal fabrication facilities for products utilizing our innovative and proprietary processes, such as our FBAR filters for wireless communications and our vertical-cavity surface emitting laser and side emitting lasers based on gallium arsenide (“GaAs”) and indium phosphide (“InP”) lasers for fiber optic communications, while outsourcing commodity processes such as standard CMOS. By doing so, we can protect our IP and accelerate time to market for our products. The majority of our internal III-V semiconductor wafer fabrication is done in the U.S. and Singapore.",,DROP,"문단은 AVGO의 제조 아웃소싱 전략을 설명하며 ALGN을 전혀 언급하지 않으며, 두 회사는 산업이 다르다."
ALGN↔FTNT,SUPPLIES_TO,"SEC 10-K: Our current manufacturing partners include Accton Technology (“Accton”), IBASE Technology, Inc. (“IB",,False,,pending,pending,False,True,0.0,True,pending,pending,False,True,False,,"이 문단은 FTNT가 자사의 보안 어플라이언스 제품 제조를 여러 계약 제조업체 및 ODM에 아웃소싱하는 과정을 설명합니다. FTNT는 다양한 파트너를 통해 하드웨어의 약 87%를 대만에서 제조하며, 주문 사양에 따라 제품을 생산하고 있습니다. 또한 FTNT의 핵심 ASIC은 도시바 아메리카 및 르네사스와 같은 계약 제조업체를 통해 생산됩니다. 그러나 주어진 문단에는 ALGN에 대한 어떠한 언급도 없습니다. 따라서 이 문서에 기반하여 ALGN과 FTNT 사이에 어떠한 사업적 또는 운영적 관계도 서술되어 있지 않습니다.",list|target_absent|truncated,"Our current manufacturing partners include Accton Technology (“Accton”), IBASE Technology, Inc. (“IBASE”), Micro-Star International Co. (“Micro-Star”), Senao Networks, Inc. (“Senao”), Wistron Corporation (“Wistron”), and a number of other manufacturers. Approximately 87% of our hardware is manufactured in Taiwan.",FTNT 10-K FY2025 · Item 1 사업,"ALGN 미등장, FTNT 미등장",근거 문장에 상대 종목 미등장 — 관계 근거로 불충분,"ALGN: 얼라인 테크놀로지는 인비절라인 투명 교정 장치와 아이테로 구강 스캐너 및 관련 서비스를 설계, 제조, 판매하는 의료 기기 회사입니다.
교정 및 심미 치과 분야에서 혁신적인 디지털 솔루션을 제공하며 전 세계 시장을 선도합니다.","FTNT: 전 세계적으로 광범위하고 통합된 자동화된 사이버 보안 솔루션을 제공하며, FortiGate 하드웨어 및 소프트웨어 라이선스를 판매합니다.
방화벽, 침입 방지, 멀웨어 방지 등 다양한 보안 및 네트워킹 기능을 제공하며, 통합 사이버 보안 시장의 선두 주자입니다.","We outsource the manufacturing of our security appliance products to a variety of contract manufacturers and original design manufacturers. Our current manufacturing partners include Accton Technology (“Accton”), IBASE Technology, Inc. (“IBASE”), Micro-Star International Co. (“Micro-Star”), Senao Networks, Inc. (“Senao”), Wistron Corporation (“Wistron”), and a number of other manufacturers. Approximately 87% of our hardware is manufactured in Taiwan. We submit purchase orders to our contract manufacturers that describe the type and quantities of our products to be manufactured, the delivery date and other delivery terms. Once our products are manufactured, they are sent to either our warehouse in California, our warehouse in the Netherlands or to our logistics partner in Taoyuan City, Taiwan, where accessory packaging and quality-control testing are performed. We believe that outsourcing our manufacturing and a substantial portion of our logistics enables us to focus resources on our core competencies. Our proprietary ASICs, which are key to the performance of our appliances, are built by contract manufacturers including Toshiba America Electronic Components, Inc. (“Toshiba America”) and Renesas Electronics America, Inc. (“Renesas”). These contract manufacturers use foundries in Taiwan and Japan operated by either Taiwan Semiconductor Manufacturing Company Limited (“TSMC”) or by the contract manufacturer itself.",,DROP,"문단은 FTNT의 제조 아웃소싱 전략을 설명하며 ALGN을 전혀 언급하지 않으며, 두 회사는 산업이 다르다."
ALGN↔IDXX,SUPPLIES_TO,SEC 10-K: We also sell our products to dental laboratories who use our products to manufacture or customize th,치과 기공,False,SUPPLIES_TO,pending,pending,True,True,0.1,True,noise_self_contradiction,pending,True,False,False,치과 기공,"이 문단은 ALGN의 두 가지 운영 부문(투명 교정 장치 및 이미징 시스템/CAD/CAM 서비스)에 대한 정보를 제공하며, 각 부문의 매출 비중을 설명합니다. ALGN은 자사 제품과 서비스를 교정의, 일반의, 치과 기공소 및 치과 지원 단체에 직접 판매한다고 명시하고 있습니다. 그러나 주어진 문단에는 IDXX에 대한 어떠한 언급도 없습니다. 따라서 이 문서에 기반하여 ALGN과 IDXX 사이에 어떠한 사업적 또는 운영적 관계도 서술되어 있지 않습니다.",truncated,"We also sell our products to dental laboratories who use our products to manufacture or customize their own products for licensed dentists. We furthermore market and sell doctor and consumer accessory products complementary to our doctor-prescribed principal products under the Invisalign
®
 and other brand names, including retainers, dental supplies, clear aligner cases (clamshells), ultrasonic and UV electronic cleaning devices, teeth whitening products and cleaning solutions (collectively, “Invisalign Accessory Products”).",ALGN 10-K FY2025 · Item 1 사업,"ALGN: ""We""로 지칭되는 회사이며, 치과 기공소에 제품을 판매하고 Invisalign 브랜드의 액세서리 제품을 마케팅 및 판매합니다. IDXX 미등장",,"ALGN: 얼라인 테크놀로지는 인비절라인 투명 교정 장치와 아이테로 구강 스캐너 및 관련 서비스를 설계, 제조, 판매하는 의료 기기 회사입니다.
교정 및 심미 치과 분야에서 혁신적인 디지털 솔루션을 제공하며 전 세계 시장을 선도합니다.","IDXX: 아이덱스 랩스는 반려동물 수의학, 가축 및 가금류, 유제품 및 수질 테스트 시장을 위한 제품과 서비스를 개발, 제조 및 유통합니다.
동물 진단 및 수질 검사 시장에서 혁신적인 솔루션을 제공하며 글로벌 리더십을 확보하고 있습니다.","We have two operating segments: (1) Clear Aligner and (2) Imaging Systems and CAD/CAM Services (“Systems and Services”). For the year ended December 31, 2025, Clear Aligner net revenues represented approximately 80% of worldwide net revenues, while Systems and Services net revenues represented the remaining 20%. We sell the majority of our products and services directly through a dedicated and specialized sales force to our customers: orthodontists, GPs, including prosthodontists, periodontists, oral surgeons and dental laboratories. We also sell through sales agents and distributors in certain countries. In addition, we sell directly to dental support organizations (“DSOs”) who contract with dental practices to provide critical business management and support, including non-clinical operations. We also sell our products to dental laboratories who use our products to manufacture or customize their own products for licensed dentists. We furthermore market and sell doctor and consumer accessory products complementary to our doctor-prescribed principal products under the Invisalign",DROP,DROP,"문단은 ALGN의 사업 부문 및 판매 전략을 설명하며 IDXX를 전혀 언급하지 않으며, 두 회사는 산업이 다르다."
ALGN↔SMCI,SUPPLIES_TO,"SEC 10-K: We work with Ablecom, one of our key contract manufacturers and a related party, for our chassis and",,False,,pending,pending,False,True,0.0,True,pending,pending,False,False,False,,이 문단은 SMCI가 자사 제품의 서브시스템을 설계하고 제조하기 위해 여러 공급업체 및 계약 제조업체를 활용하는 방식을 설명합니다. SMCI는 주요 계약 제조업체이자 관련 당사자인 Ablecom과 협력하여 섀시 및 특정 부품을 조달합니다. 또한 전원 공급 장치와 같은 특정 부품의 상당 부분을 관련 당사자인 Compuware에 아웃소싱하고 있습니다. 그러나 주어진 문단에는 ALGN에 대한 어떠한 언급도 없습니다. 따라서 이 문서에 기반하여 ALGN과 SMCI 사이에 어떠한 사업적 또는 운영적 관계도 서술되어 있지 않습니다.,target_absent|truncated,"We work with Ablecom, one of our key contract manufacturers and a related party, for our chassis and certain other components. We also outsource a significant part of the manufacturing of certain components, particularly power supplies, to Compuware, also a related party.",SMCI 10-K FY2025 · Item 1A 위험,"ALGN 미등장, SMCI 미등장",근거 문장에 상대 종목 미등장 — 관계 근거로 불충분,"ALGN: 얼라인 테크놀로지는 인비절라인 투명 교정 장치와 아이테로 구강 스캐너 및 관련 서비스를 설계, 제조, 판매하는 의료 기기 회사입니다.
교정 및 심미 치과 분야에서 혁신적인 디지털 솔루션을 제공하며 전 세계 시장을 선도합니다.","SMCI: 모듈식 개방형 아키텍처 기반의 고성능 서버 및 스토리지 솔루션을 개발 및 제조합니다.
서버, 스토리지 시스템, 블레이드 서버 및 관련 소프트웨어 솔루션 분야에서 전 세계적으로 선도적인 위치를 차지하고 있습니다.","We use several suppliers and contract manufacturers to design and manufacture subsystems in accordance with our specifications, with most final assembly and testing performed at our manufacturing facilities in the region where our products are sold. We work with Ablecom, one of our key contract manufacturers and a related party, for our chassis and certain other components. We also outsource a significant part of the manufacturing of certain components, particularly power supplies, to Compuware, also a related party. We also collaborate on design and development activities with Ablecom and Compuware, where we substantially fund the design costs and retain the intellectual property rights. Our purchases of products from Ablecom and Compuware combined represented",,DROP,"문단은 SMCI의 공급망 및 제조 파트너를 설명하며 ALGN을 전혀 언급하지 않으며, 두 회사는 산업이 다르다."
AMZN↔ADSK,SUPPLIES_TO,"SEC 10-K: We rely on third parties, such as Amazon Web Services, to provide us with operational and technical ",클라우드 컴퓨팅,True,,pending,pending,False,True,1.0,True,pending,pending,False,False,False,클라우드·엔터프라이즈SW,"이 문단은 ADSK의 10-K 문서에서 제3자 서비스 의존과 관련된 위험을 설명하며 작성되었습니다. ADSK는 운영 및 기술 서비스를 제공하는 제3자에 의존하며, 여기에는 AMZN이 운영하는 Amazon Web Services(AWS)가 명시적으로 포함됩니다. AWS는 ADSK에 시스템 접근, 호스팅 서비스 제공, 또는 ADSK 및 고객 데이터를 처리하는 등의 운영 및 기술 서비스를 제공하는 것으로 보입니다. ADSK는 이러한 제3자 서비스 제공업체와의 관계에서 발생할 수 있는 보안 침해 및 데이터 손실 위험에 대해 언급합니다. 문서에는 AWS가 ADSK에 제공하는 특정 서비스의 범위나 재정적 규모는 구체적으로 서술되어 있지 않습니다.",target_absent|truncated,"We rely on third parties, such as Amazon Web Services, to provide us with operational and technical services. These third parties may have access to our systems, provide hosting services, or otherwise process data about us or our customers, employees, or partners.",ADSK 10-K FY2025 · Item 7 MD&A,"AMZN: Amazon Web Services의 형태로 ""We""에게 운영 및 기술 서비스를 제공하는 제3자 중 하나입니다. ADSK: ""We""로 지칭되며, Amazon Web Services와 같은 제3자에게 운영 및 기술 서비스를 의존합니다.",근거 문장에 상대 종목 미등장 — 관계 근거로 불충분,"AMZN: 아마존은 전자상거래, 클라우드 컴퓨팅(AWS), 디지털 스트리밍, 인공지능 등 다양한 사업을 영위합니다.
세계 최대의 온라인 소매업체이자 클라우드 서비스 제공업체로서 글로벌 시장에서 독보적인 위치를 차지합니다. (일반 지식 기반)","ADSK: 오토데스크는 전 세계적으로 3D 디자인, 엔지니어링 및 엔터테인먼트 소프트웨어와 서비스를 제공합니다.
AutoCAD, Revit, Fusion 360 등 산업 표준 소프트웨어로 건축, 건설, 제조 및 미디어 분야를 선도합니다.","We rely on third parties, such as Amazon Web Services, to provide us with operational and technical services. These third parties may have access to our systems, provide hosting services, or otherwise process data about us or our customers, employees, or partners. Our ability to monitor such third parties’ security measures is limited. There have been and may continue to be significant supply chain attacks, and we cannot guarantee that our or our such third parties’ systems have not been breached or otherwise compromised or that they do not contain exploitable defects, bugs, or vulnerabilities that could result in an incident, breach, or other disruption to, our or these third parties’ systems. Any security breach or incident involving such third parties could compromise the integrity or availability of, or result in the theft or unauthorized use, modification, or other processing of, our and our customers’ data. In addition, our operations or the operations of our customers or partners could be negatively affected in the event of a security breach or incident and could be subject to the loss or theft of confidential or proprietary information, including source code. Unauthorized access to or other processing of data and other confidential or proprietary information may be obtained through break-ins, network breaches by unauthorized parties, employee theft or misuse, or other misconduct. If any of the foregoing were to occur or to be perceived to occur, our reputation may suffer, our competitive position may be diminished, customers may buy fewer of our offerings and services, we could face lawsuits, regulatory investigation, fines, and potential liability, and our financial results could be negatively impacted.",,OK,문단에서 ADSK('We')가 운영 및 기술 서비스를 위해 Amazon Web Services(AMZN)에 의존하고 있음을 명시한다.
AOS↔AMZN,SUPPLIES_TO,SEC 10-K: We sell our A. O. Smith branded water treatment products primarily through our water quality dealer ,,False,SUPPLIES_TO,pending,pending,False,True,0.0,True,noise_self_contradiction,pending,True,False,False,,"이 문단은 AOS의 10-K 문서에서 자사의 수처리 사업 제품 판매 채널을 설명합니다. AOS는 자사의 A. O. 스미스 브랜드 수처리 제품을 주로 자사의 수질 딜러 네트워크와 AMZN을 통해 판매한다고 명시하고 있습니다. 이는 AMZN이 AOS의 주요 판매 채널 중 하나임을 보여주며, AMZN의 광범위한 전자상거래 플랫폼을 통해 AOS 제품이 소비자에게 도달함을 의미합니다. 또한 AOS의 Aquasana 브랜드 제품도 주로 전자상거래 채널을 통해 판매되나, AMZN이 해당 채널에 포함되는지는 명확히 언급되지 않습니다. 문서에는 AMZN과의 판매 계약의 구체적인 조건이나 AMZN을 통한 매출 기여도에 대한 세부 정보는 서술되어 있지 않습니다.",target_absent|truncated,We sell our A. O. Smith branded water treatment products primarily through our water quality dealer network and Amazon. Our Aquasana branded products are primarily sold directly to consumers through e-commerce channels.,AOS 10-K FY2025 · Item 1 사업,"AOS: ""We""로 지칭되며, 자사 브랜드 제품을 Amazon과 딜러 네트워크를 통해 판매합니다. AMZN: A. O. Smith 브랜드 수처리 제품의 주요 판매 채널 중 하나로 언급됩니다.",근거 문장에 상대 종목 미등장 — 관계 근거로 불충분,"AOS: A. O. 스미스 코퍼레이션은 주거용 및 상업용 가스, 히트펌프, 전기 온수기, 보일러, 탱크 및 수처리 제품을 제조하고 판매합니다.
북미, 중국, 유럽, 인도 등 전 세계 시장에서 온수기 및 수처리 분야의 선도적인 공급업체 중 하나입니다.","AMZN: 아마존은 전자상거래, 클라우드 컴퓨팅(AWS), 디지털 스트리밍, 인공지능 등 다양한 사업을 영위합니다.
세계 최대의 온라인 소매업체이자 클라우드 서비스 제공업체로서 글로벌 시장에서 독보적인 위치를 차지합니다. (일반 지식 기반)","In our water treatment business we sell through a variety of channels. We sell our A. O. Smith branded water treatment products primarily through our water quality dealer network and Amazon. Our Aquasana branded products are primarily sold directly to consumers through e-commerce channels. Our water softener products and problem well water solutions, which include the Hague, Water-Right, Master Water, Atlantic Filter, Impact, and Water Tec brands, are sold through water quality dealers and contractors. Our water softener and undersink filter products are also sold through regional home center retail chains.",OK,OK,문단에서 AOS('We')가 자사 제품을 아마존(AMZN)을 통해 판매한다고 명시한다.
CAH↔ABBV,SUPPLIES_TO,"SEC 10-K: In 2025, three wholesale distributors (McKesson Corporation, Cardinal Health, Inc. and Cencora, Inc.",,False,SUPPLIES_TO,pending,pending,False,True,0.0,True,noise_self_contradiction,pending,True,True,False,,"이 문단은 애브비가 미국 내에서 자사 제약 제품을 유통하는 전략과 주요 유통 채널을 설명합니다. 애브비는 전 세계적으로 의약품을 개발, 제조 및 판매하는 제약 회사이며, 카디널 헬스는 병원, 약국 등에 제약 제품을 유통하는 통합 헬스케어 서비스 기업입니다. 2025년, 카디널 헬스는 미국 내에서 애브비의 제약 제품 판매 대부분을 담당하는 세 곳의 주요 독립 도매 유통업체 중 하나였습니다. 카디널 헬스는 애브비 제품이 소매업체, 약국 또는 다른 고객에게 도달하는 데 중요한 유통 채널 역할을 합니다. 2025년 애브비의 미국 총 매출에서 카디널 헬스 한 곳의 비중이 43%를 초과하지 않았다고 명시되어 있습니다. 문서에는 두 회사 간의 구체적인 계약 조건이나 유통 관계 외 다른 협력 관계에 대한 서술은 없습니다.",list|target_absent,"In 2025, three wholesale distributors (McKesson Corporation, Cardinal Health, Inc. and Cencora, Inc.) accounted for substantially all of AbbVie's pharmaceutical product sales in the United States. No individual wholesaler accounted for greater than 43% of AbbVie's 2025 gross revenues in the United States.",ABBV 10-K FY2025 · Item 1 사업,"CAH: McKesson Corporation 및 Cencora, Inc.와 함께 2025년 미국 내 AbbVie 의약품 판매의 거의 전부를 차지한 세 도매 유통업체 중 하나입니다. ABBV: 2025년 미국 내 의약품 판매의 거의 전부가 세 도매 유통업체(Cardinal Health 포함)를 통해 이루어졌다고 언급된 회사입니다.",근거 문장에 상대 종목 미등장 — 관계 근거로 불충분,"CAH: 병원, 약국 등에 제약 및 의료 제품 유통과 맞춤형 헬스케어 솔루션을 제공합니다.
의료 서비스 공급자에게 필수적인 의약품 및 의료용품을 공급하는 통합 헬스케어 서비스 기업입니다.","ABBV: 애브비는 전 세계적으로 의약품을 발견, 개발, 제조 및 판매하는 글로벌 제약회사입니다.
자가면역 질환, 종양학, 신경과학 등 다양한 치료 분야에서 혁신적인 치료제를 제공합니다.","In the United States, AbbVie distributes pharmaceutical products principally through independent wholesale distributors, with some sales directly to retailers, pharmacies, patients or other customers. In 2025, three wholesale distributors (McKesson Corporation, Cardinal Health, Inc. and Cencora, Inc.) accounted for substantially all of AbbVie's pharmaceutical product sales in the United States. No individual wholesaler accounted for greater than 43% of AbbVie's 2025 gross revenues in the United States. Outside the United States, AbbVie sells products primarily to wholesalers or through distributors, and depending on the market, works through largely centralized national payers systems to agree on reimbursement terms.",OK,OK,문단에서 Cardinal Health(CAH)가 AbbVie(ABBV) 의약품의 주요 도매 유통업체 중 하나로 명시적으로 언급되어 관계를 서술합니다.
CAH↔BAX,SUPPLIES_TO,"SEC 10-K: In the United States, third parties, such as Cardinal Health, Inc. and Medline Inc., warehouse and s",,False,SUPPLIES_TO,pending,pending,False,True,0.0,True,noise_self_contradiction,pending,True,True,False,,"이 문단은 벡스터의 제품 판매 및 유통 방식, 특히 미국 내에서 제3자 유통업체를 활용하는 방법을 설명합니다. 벡스터는 신장 투석, 정맥 치료 등 광범위한 헬스케어 제품과 서비스를 개발 및 공급하는 기업입니다. 카디널 헬스는 제약 및 의료 제품 유통 서비스를 제공합니다. 미국에서 카디널 헬스는 벡스터의 제품 중 상당 부분을 자사의 유통 센터를 통해 보관하고 배송하는 제3자 중 한 곳입니다. 이러한 유통 센터는 신속한 고객 서비스를 위해 충분한 재고를 갖추고 있습니다. 따라서 카디널 헬스는 벡스터의 미국 내 제품 물류 및 유통망에서 중요한 역할을 수행합니다. 문서에는 두 회사 간의 구체적인 계약 내용이나 재무적 규모, 그리고 유통 및 창고 관리 외 다른 형태의 사업적 관계는 명시되어 있지 않습니다.",list|target_absent|truncated,"In the United States, third parties, such as Cardinal Health, Inc. and Medline Inc., warehouse and ship a significant portion of our products through their distribution centers. These centers are generally stocked with adequate inventories to facilitate prompt customer service.",BAX 10-K FY2025 · Item 1 사업,"CAH: ""Our products""의 상당 부분을 미국 내 자체 유통 센터를 통해 보관하고 배송하는 제3자 중 하나입니다. BAX: ""Our products""로 지칭되는 회사의 제품이 Cardinal Health, Inc.와 같은 제3자에 의해 미국 내에서 보관 및 배송됩니다.",근거 문장에 상대 종목 미등장 — 관계 근거로 불충분,"CAH: 병원, 약국 등에 제약 및 의료 제품 유통과 맞춤형 헬스케어 솔루션을 제공합니다.
의료 서비스 공급자에게 필수적인 의약품 및 의료용품을 공급하는 통합 헬스케어 서비스 기업입니다.","BAX: 신장 투석, 정맥 치료, 수술용 생물학적 제제 등 광범위한 헬스케어 제품과 서비스를 개발 및 공급합니다.
병원 및 환자 치료 분야에서 필수 의료 기기 및 솔루션을 제공하는 글로벌 헬스케어 기업입니다.","We have our own direct sales force and also make sales to and through independent distributors, drug wholesalers acting as sales agents and specialty pharmacy or other alternate site providers. In the United States, third parties, such as Cardinal Health, Inc. and Medline Inc., warehouse and ship a significant portion of our products through their distribution centers. These centers are generally stocked with adequate inventories to facilitate prompt customer service. Sales and distribution methods include frequent contact by sales and customer service representatives, automated communications via various electronic purchasing systems, circulation of catalogs and merchandising bulletins, direct-mail campaigns, trade publication presence and advertising.",OK,OK,문단에서 Cardinal Health(CAH)가 Baxter(BAX) 제품의 상당 부분을 보관하고 배송하는 제3자 중 하나로 명시적으로 언급되어 관계를 서술합니다.
CAH↔GILD,SUPPLIES_TO,"SEC 10-K: Historically, approximately 90% of our gross product sales in the U.S. have been to three large whol",의약품 유통,True,,pending,pending,False,True,0.7,True,pending,pending,False,False,False,헬스케어·의료기기·제약,"이 문단은 길리어드가 미국 내에서 자사 제품을 유통하는 방식을 설명하며, 도매 채널에 대한 의존도를 강조합니다. 길리어드는 미충족 의료 수요 분야의 의약품을 발굴, 개발 및 상용화하는 바이오 제약 회사입니다. 카디널 헬스는 병원, 약국 등에 제약 및 의료 제품을 유통하는 통합 헬스케어 서비스 기업입니다. 길리어드는 미국 내 대부분의 제품을 도매 채널을 통해서만 판매하고 유통합니다. 역사적으로 길리어드의 미국 내 총 제품 매출의 약 90%가 카디널 헬스를 포함한 세 곳의 대형 도매업체를 통해 이루어졌습니다. 이는 카디널 헬스가 길리어드의 미국 내 판매 및 유통 네트워크에서 핵심적인 중개자 역할을 한다는 것을 나타냅니다. 문서에는 두 회사 간의 구체적인 계약 조건이나 재무적 의존도, 그리고 유통 관계 외 다른 사업적 관계에 대한 서술은 없습니다.",target_absent|truncated,"Historically, approximately 90% of our gross product sales in the U.S. have been to three large wholesalers—Cardinal Health, Inc., Cencora, Inc. and McKesson Corporation—and their specialty distributor affiliates. We sell and distribute our products in Europe and countries outside the U.S.",GILD 10-K FY2025 · Item 1 사업,"CAH: Cencora, Inc. 및 McKesson Corporation과 함께 과거 미국 내 ""Our"" 총 제품 판매의 약 90%를 담당했던 세 대형 도매업체 중 하나입니다. GILD: ""Our""로 지칭되며, 과거 미국 내 총 제품 판매의 약 90%가 Cardinal Health, Inc.를 포함한 세 대형 도매업체에 이루어졌습니다.",근거 문장에 상대 종목 미등장 — 관계 근거로 불충분,"CAH: 병원, 약국 등에 제약 및 의료 제품 유통과 맞춤형 헬스케어 솔루션을 제공합니다.
의료 서비스 공급자에게 필수적인 의약품 및 의료용품을 공급하는 통합 헬스케어 서비스 기업입니다.","GILD: 미국 및 전 세계적으로 미충족 의료 수요 분야의 의약품을 발굴, 개발 및 상용화하는 바이오 제약 회사입니다.
HIV/AIDS, 코로나19, 간 질환 및 특정 암 치료제를 제공하며, 감염성 질환 및 종양학 분야에서 강력한 입지를 가진 제약 시장의 주요 기업입니다.","We sell and distribute most of our products in the U.S. exclusively through the wholesale channel. Historically, approximately 90% of our gross product sales in the U.S. have been to three large wholesalers—Cardinal Health, Inc., Cencora, Inc. and McKesson Corporation—and their specialty distributor affiliates. We sell and distribute our products in Europe and countries outside the U.S. where the product is approved, either through our commercial teams, third-party distributors or corporate partners.",,OK,문단에서 Cardinal Health(CAH)가 Gilead(GILD) 제품의 주요 도매 구매자이자 유통업체 중 하나로 명시적으로 언급되어 관계를 서술합니다.
CAT↔FIX,SUPPLIES_TO,"SEC 10-K: The primary manufacturers of the major components in a commercial MEP system are: Trane, Carrier, Yo",,False,SUPPLIES_TO,pending,pending,False,True,0.0,True,noise_self_contradiction,pending,True,False,False,,"이 문단은 상업용 MEP(기계, 전기, 배관) 시스템의 주요 구성 요소를 생산하는 제조업체들을 나열하며, 관련 공급망을 보여줍니다. 컴포트 시스템즈는 미국에서 기계 및 전기 시스템의 설치, 보수 및 유지보수 서비스를 제공합니다. 캐터필러는 건설 및 광업 장비, 엔진 등을 제조 및 판매하는 중장비 및 엔진 분야의 세계적인 선두 기업입니다. 문단에 따르면 캐터필러는 상업용 MEP 시스템의 주요 구성 요소인 '발전기(power generators)'의 주요 제조업체 중 하나로 언급됩니다. 이는 컴포트 시스템즈가 설치 및 서비스하는 MEP 시스템에 캐터필러가 제조한 발전기가 포함될 수 있음을 시사합니다. 컴포트 시스템즈는 원자재나 부품 공급을 보장하는 중요한 계약은 없다고 밝힙니다. 문서에는 컴포트 시스템즈가 캐터필러로부터 직접 제품을 구매하는지에 대한 서술은 없으며, 두 회사 간의 구체적인 거래 계약이나 재무적 관계에 대한 언급도 없습니다.",target_absent|truncated,"We have procedures to reduce commodity cost exposure, including costs due to tariffs, such as purchasing commodities early for projects, as well as selectively including time or market-based escalation and escape provisions in bids and contracts.
The primary manufacturers of the major components in a commercial MEP system are: Trane, Carrier, York, Daikin (chillers and roof top units), Baltimore Aircoil and SPX (cooling towers), Schneider Electric, Eaton, ABB (electrical switchgear), Caterpillar, Cummins, Kohler (power generators), Johnson Controls, Automated Logic and Siemens (building automation). We do not have any significant contracts guaranteeing us a supply of raw materials or components.
Cyclicality and Seasonality
The construction industry is subject to business cycle fluctuation.",FIX 10-K FY2025 · Item 1 사업,"CAT: 상업용 MEP 시스템의 주요 구성 요소 중 하나인 발전기의 제조업체로 명시되어 있습니다. FIX: ""We""로 지칭되며, 원자재 비용 노출을 줄이기 위한 절차를 가지고 있고, 주요 부품 제조업체 중 하나로 Caterpillar를 언급합니다.",근거 문장에 상대 종목 미등장 — 관계 근거로 불충분,"CAT: 건설 및 광업 장비, 디젤 및 천연가스 엔진, 산업용 가스 터빈을 제조 및 판매합니다.
중장비 및 엔진 분야의 세계적인 선두 기업으로, 광업, 건설, 에너지 산업에 핵심 장비를 공급합니다.","FIX: 미국에서 기계 및 전기 시스템의 설치, 보수, 유지보수, 수리 및 교체 서비스를 제공합니다.
난방, 환기, 공조(HVAC) 시스템, 배관, 전기 및 화재 방지 시스템 등 광범위한 상업 및 산업용 기계/전기 서비스 시장의 주요 제공업체입니다.","The primary manufacturers of the major components in a commercial MEP system are: Trane, Carrier, York, Daikin (chillers and roof top units), Baltimore Aircoil and SPX (cooling towers), Schneider Electric, Eaton, ABB (electrical switchgear), Caterpillar, Cummins, Kohler (power generators), Johnson Controls, Automated Logic and Siemens (building automation). We do not have any significant contracts guaranteeing us a supply of raw materials or components.",HOLD,HOLD,"문단에서 Caterpillar(CAT)가 상업용 MEP 시스템의 구성 요소 제조업체로 언급되나, FIX가 CAT의 제품을 직접 구매하거나 특정 계약 관계가 있다는 명시적 서술이 없어 모호합니다."
CMI↔FIX,SUPPLIES_TO,"SEC 10-K: The primary manufacturers of the major components in a commercial MEP system are: Trane, Carrier, Yo",,False,SUPPLIES_TO,pending,pending,False,True,0.0,True,noise_self_contradiction,pending,True,False,False,,"이 문단은 상업용 MEP(기계, 전기, 배관) 시스템에 사용되는 주요 구성 요소의 제조업체 목록을 제시하며, 관련 산업의 공급자들을 명시합니다. 컴포트 시스템즈는 미국에서 기계 및 전기 시스템의 설치, 보수 및 유지보수 서비스를 제공하는 기업입니다. 커민스는 디젤 및 천연가스 엔진과 관련 부품을 설계, 제조, 유통 및 서비스하는 동력 솔루션 제공 기업입니다. 문단은 커민스가 상업용 MEP 시스템의 주요 구성 요소인 '발전기(power generators)'의 주요 제조업체 중 하나임을 밝힙니다. 이는 컴포트 시스템즈가 서비스하는 MEP 시스템에 커민스가 생산한 발전기가 활용될 수 있음을 나타냅니다. 컴포트 시스템즈는 원자재나 부품 공급을 보장하는 중요한 계약은 없다고 명시했습니다. 문서에는 컴포트 시스템즈가 커민스로부터 직접 제품을 구매하는지에 대한 서술은 없으며, 두 회사 간의 구체적인 거래 계약이나 재무적 관계에 대한 언급도 없습니다.",target_absent|truncated,"We have procedures to reduce commodity cost exposure, including costs due to tariffs, such as purchasing commodities early for projects, as well as selectively including time or market-based escalation and escape provisions in bids and contracts.
The primary manufacturers of the major components in a commercial MEP system are: Trane, Carrier, York, Daikin (chillers and roof top units), Baltimore Aircoil and SPX (cooling towers), Schneider Electric, Eaton, ABB (electrical switchgear), Caterpillar, Cummins, Kohler (power generators), Johnson Controls, Automated Logic and Siemens (building automation). We do not have any significant contracts guaranteeing us a supply of raw materials or components.
Cyclicality and Seasonality
The construction industry is subject to business cycle fluctuation.",FIX 10-K FY2025 · Item 1 사업,CMI는 전력 발전기의 주요 제조업체 중 하나인 Cummins로 언급됩니다. FIX 미등장.,근거 문장에 상대 종목 미등장 — 관계 근거로 불충분,"CMI: 디젤 및 천연가스 엔진, 전기 및 하이브리드 파워트레인과 관련 부품을 설계, 제조, 유통 및 서비스합니다.
상용차, 건설, 광업, 해양 등 다양한 산업 분야에서 동력 솔루션을 제공하는 글로벌 선두 기업입니다.","FIX: 미국에서 기계 및 전기 시스템의 설치, 보수, 유지보수, 수리 및 교체 서비스를 제공합니다.
난방, 환기, 공조(HVAC) 시스템, 배관, 전기 및 화재 방지 시스템 등 광범위한 상업 및 산업용 기계/전기 서비스 시장의 주요 제공업체입니다.","The primary manufacturers of the major components in a commercial MEP system are: Trane, Carrier, York, Daikin (chillers and roof top units), Baltimore Aircoil and SPX (cooling towers), Schneider Electric, Eaton, ABB (electrical switchgear), Caterpillar, Cummins, Kohler (power generators), Johnson Controls, Automated Logic and Siemens (building automation). We do not have any significant contracts guaranteeing us a supply of raw materials or components.",HOLD,HOLD,"문단에서 Cummins(CMI)가 상업용 MEP 시스템의 구성 요소 제조업체로 언급되나, FIX가 CMI의 제품을 직접 구매하거나 특정 계약 관계가 있다는 명시적 서술이 없어 모호합니다."
CMI↔PCAR,SUPPLIES_TO,SEC 10-K: Engines not manufactured by the Company are purchased from Cummins Inc. (Cummins).,엔진,True,,pending,pending,False,True,1.0,True,pending,pending,False,False,False,자동차·부품·산업재,"이 문단은 PACCAR의 트럭 제조 공정, 특히 엔진과 같은 주요 부품의 자체 생산 및 외부 조달 전략을 설명합니다. PACCAR은 'Kenworth', 'Peterbilt' 등의 브랜드를 통해 상업용 트럭을 제조 및 유통하는 기업입니다. 커민스는 디젤 및 천연가스 엔진과 관련 부품을 설계, 제조하는 글로벌 선두 기업입니다. PACCAR은 자체 제조하지 않는 엔진을 커민스로부터 구매합니다. PACCAR은 커민스와 장기 공급 계약을 맺고 있으며, 이는 안정적인 공급을 확보하기 위함입니다. 문단은 커민스로부터의 공급 중단이 PACCAR의 실적에 중대한 영향을 미칠 수 있다고 명시하여 이 관계의 중요성을 강조합니다. 따라서 커민스는 PACCAR 트럭 생산에 필수적인 엔진을 공급하는 주요 공급업체입니다. 문서에는 커민스가 PACCAR에 공급하는 엔진의 구체적인 모델명이나 계약의 상세 조건, 그리고 거래의 정확한 재무적 규모에 대한 서술은 없습니다.",target_absent,Engines not manufactured by the Company are purchased from Cummins Inc. (Cummins). The Company purchased a significant portion of its transmissions from Eaton Corporation Plc.,PCAR 10-K FY2025 · Item 1 사업,"CMI는 PACCAR Inc.가 자체 제조하지 않는 엔진을 구매하는 Cummins Inc.로 등장합니다. PCAR은 PACCAR Inc.의 심볼로, 자체 제조하지 않는 엔진을 CMI에서 구매한 회사로 언급됩니다.",근거 문장에 상대 종목 미등장 — 관계 근거로 불충분,"CMI: 디젤 및 천연가스 엔진, 전기 및 하이브리드 파워트레인과 관련 부품을 설계, 제조, 유통 및 서비스합니다.
상용차, 건설, 광업, 해양 등 다양한 산업 분야에서 동력 솔루션을 제공하는 글로벌 선두 기업입니다.","PCAR: 'Kenworth', 'Peterbilt', 'DAF' 브랜드를 통해 경/중/대형 상업용 트럭을 설계, 제조, 유통하며 부품 및 금융 서비스도 제공합니다.
북미, 유럽 등 전 세계 상업용 트럭 제조 및 유통 시장에서 주요 글로벌 플레이어입니다.","The Company’s trucks have a reputation for high quality products, most of which are ordered by dealers according to customer specifications. Some units are ordered by dealers for stocking to meet the needs of certain customers who require immediate delivery or for customers that require the chassis to be fitted with specialized bodies. For a significant portion of the Company’s truck operations, major components, such as engines, transmissions and axles, as well as a substantial percentage of other components, are purchased from component manufacturers pursuant to PACCAR and customer specifications. DAF, which is more vertically integrated, manufactures PACCAR engines and axles and a higher percentage of other components for its heavy truck models. The Company also manufactures engines at its Columbus, Mississippi facility. In 2025, the Company installed PACCAR engines in approximately 29% of the Company’s Kenworth and Peterbilt heavy-duty trucks in the U.S. and Canada and substantially all of the DAF heavy-duty trucks sold throughout the world. Engines not manufactured by the Company are purchased from Cummins Inc. (Cummins). The Company purchased a significant portion of its transmissions from Eaton Corporation Plc. (Eaton) and ZF Friedrichshafen AG (ZF). The Company also purchased a significant portion of North America stampings used for cabs from Magna International Inc. (Magna). The Company has long-term agreements with Cummins, Eaton, ZF and Magna to provide for continuity of supply. A loss of supply from Cummins, Eaton, ZF or Magna, and the resulting interruption in the production of trucks, would have a material effect on the Company’s results. Purchased materials and parts include raw materials, partially processed materials, such as castings, and finished components manufactured by independent suppliers. The Company and its suppliers rely on semiconductors as an essential component in the production of its trucks and aftermarket parts. The Company and its suppliers source semiconductors from various suppliers. Raw materials, partially processed materials and finished components typically make up approximately 85% of the cost of new trucks. The value of",,OK,"문단에서 PACCAR(PCAR)가 자체 생산하지 않는 엔진을 Cummins(CMI)로부터 구매하며, Cummins와의 장기 공급 계약 및 공급 중단 시 PACCAR의 사업에 중대한 영향을 미칠 수 있다고 명시적으로 서술되어 관계를 나타냅니다."
COP↔ATO,SUPPLIES_TO,"SEC 10-K: Major suppliers during fiscal 2025 were ARM Energy Management LLC, Cima Energy, LP, ConocoPhillips C",천연가스 공급,True,,auto_candidate,pending,True,True,1.0,True,auto_candidate,pending,False,True,False,천연가스 공급,"이 문단은 애트모스 에너지의 천연가스 공급업체 선정 과정과 2025 회계연도에 주요 공급업체들을 나열합니다. 애트모스 에너지는 미국에서 천연가스 배전, 파이프라인 및 저장 사업을 영위하며 고객에게 천연가스를 공급합니다. 코노코필립스는 전 세계적으로 원유, 천연가스 등을 탐사, 생산, 운송 및 판매하는 독립 석유 및 가스 생산 기업입니다. 문단에 따르면 코노코필립스는 2025 회계연도에 애트모스 에너지의 '주요 천연가스 공급업체' 중 하나였습니다. 애트모스 에너지는 경쟁 입찰 과정을 통해 신뢰성 있게 가스를 공급하고 합리적인 비용을 제시하는 공급업체를 선정합니다. 이는 코노코필립스가 애트모스 에너지의 이러한 기준을 충족하는 주요 천연가스 공급자임을 나타냅니다. 문서에는 두 회사 간의 구체적인 계약 조건이나 거래 물량, 또는 재무적 규모에 대한 자세한 서술은 없습니다. 문서에는 천연가스 공급 관계 외 다른 사업적 관계에 대한 언급은 없습니다.",list|truncated,"Major suppliers during fiscal 2025 were ARM Energy Management LLC, Cima Energy, LP, ConocoPhillips Company, ECO Energy Natural Gas LLC, EnLink Gas Marketing LP, Sequent Energy Management LLC, Symmetry Energy Solutions, LLC, Targa Gas Marketing LLC, Tenaska Marking Ventures, and Texla Energy Management, Inc.
The combination of base load and peaking agreements, coupled with the withdrawal of gas held in storage, allows us the flexibility to adjust to changes in weather, which minimizes our need to enter into long-term firm commitments. We estimate our peak-day availability of natural gas supply to be approximately 5.4 Bcf.",ATO 10-K FY2025 · Item 1 사업,COP는 2025 회계연도 동안 Atmos Energy Corporation의 주요 공급업체 중 하나인 ConocoPhillips Company로 언급됩니다. ATO는 2025 회계연도 동안 COP를 주요 공급업체 중 하나로 둔 Atmos Energy Corporation으로 등장합니다.,,"COP: 전 세계적으로 원유, 천연가스, LNG 및 천연가스액을 탐사, 생산, 운송 및 판매합니다.
북미의 비전통 유전을 비롯해 유럽, 아시아, 호주 등 광범위한 지역에서 에너지 자원 개발을 선도하는 독립 석유 및 가스 생산 기업입니다.","ATO: 애트모스 에너지 코퍼레이션은 미국에서 규제 대상 천연가스 배전, 파이프라인 및 저장 사업을 영위합니다.
8개 주에서 약 3백만 명의 주거, 상업, 공공 및 산업 고객에게 천연가스를 공급하는 주요 에너지 기업입니다.","Except for local production purchases, we select our natural gas suppliers through a competitive bidding process by periodically requesting proposals from suppliers. We select these suppliers based on their ability to reliably deliver gas supply to our designated firm pipeline receipt points at the lowest reasonable cost. Major suppliers during fiscal 2025 were ARM Energy Management LLC, Cima Energy, LP, ConocoPhillips Company, ECO Energy Natural Gas LLC, EnLink Gas Marketing LP, Sequent Energy Management LLC, Symmetry Energy Solutions, LLC, Targa Gas Marketing LLC, Tenaska Marking Ventures, and Texla Energy Management, Inc.",,OK,문단에서 ConocoPhillips(COP)가 Atmos Energy(ATO)의 2025년 주요 천연가스 공급업체 중 하나로 명시적으로 언급되어 관계를 서술합니다.
COR↔ABBV,SUPPLIES_TO,"SEC 10-K: In 2025, three wholesale distributors (McKesson Corporation, Cardinal Health, Inc. and Cencora, Inc.",,False,DEPENDS_ON,pending,pending,False,True,0.0,True,pending,pending,False,True,False,,"이 문단은 애브비가 미국 내에서 자사 제약 제품을 유통하는 전략과 주요 유통 채널을 상세히 설명합니다. 애브비는 전 세계적으로 의약품을 발견, 개발, 제조 및 판매하는 글로벌 제약회사입니다. 센코라는 미국 및 해외에서 의약품, 의료 용품 등을 조달하고 유통하는 의약품 공급망 서비스 기업입니다. 2025년, 센코라는 미국 내에서 애브비의 제약 제품 판매 대부분을 담당한 세 곳의 주요 독립 도매 유통업체 중 하나였습니다. 센코라는 애브비의 제품이 미국 내 소매업체, 약국 및 기타 고객에게 도달하도록 돕는 중요한 유통 채널 역할을 합니다. 문단은 또한 2025년 애브비의 미국 총 매출에서 센코라를 포함한 개별 도매업체 비중이 43%를 초과하지 않았다고 언급합니다. 문서에는 두 회사 간의 구체적인 계약 조건이나 재무적 규모, 그리고 유통 관계 외 다른 협력 관계에 대한 자세한 서술은 없습니다.",list|target_absent,"In 2025, three wholesale distributors (McKesson Corporation, Cardinal Health, Inc. and Cencora, Inc.) accounted for substantially all of AbbVie's pharmaceutical product sales in the United States. No individual wholesaler accounted for greater than 43% of AbbVie's 2025 gross revenues in the United States.",ABBV 10-K FY2025 · Item 1 사업,COR 미등장. ABBV는 미국 내 의약품 매출의 대부분을 세 도매 유통업체에 의존한 AbbVie로 언급됩니다.,근거 문장에 상대 종목 미등장 — 관계 근거로 불충분,"COR: 미국 및 해외에서 의약품, OTC 제품, 의료 용품 등을 조달하고 유통합니다.
병원, 약국, 클리닉 등 다양한 의료기관에 의약품 공급망 서비스를 제공하는 기업입니다.","ABBV: 애브비는 전 세계적으로 의약품을 발견, 개발, 제조 및 판매하는 글로벌 제약회사입니다.
자가면역 질환, 종양학, 신경과학 등 다양한 치료 분야에서 혁신적인 치료제를 제공합니다.","In the United States, AbbVie distributes pharmaceutical products principally through independent wholesale distributors, with some sales directly to retailers, pharmacies, patients or other customers. In 2025, three wholesale distributors (McKesson Corporation, Cardinal Health, Inc. and Cencora, Inc.) accounted for substantially all of AbbVie's pharmaceutical product sales in the United States. No individual wholesaler accounted for greater than 43% of AbbVie's 2025 gross revenues in the United States. Outside the United States, AbbVie sells products primarily to wholesalers or through distributors, and depending on the market, works through largely centralized national payers systems to agree on reimbursement terms.",,OK,문단에서 Cencora(COR)가 AbbVie(ABBV) 의약품의 주요 도매 유통업체 중 하나로 명시적으로 언급되어 관계를 서술합니다.
COR↔GILD,SUPPLIES_TO,"SEC 10-K: Historically, approximately 90% of our gross product sales in the U.S. have been to three large whol",,False,SUPPLIES_TO,pending,pending,False,True,0.1,True,noise_self_contradiction,pending,True,False,False,,"이 문단은 길리어드 사이언스(Gilead Sciences)가 미국 및 해외에서 제품을 유통하는 방식과 주요 도매 파트너를 설명하는 맥락에서 작성되었습니다. 길리어드 사이언스는 바이오 제약 회사로서, 미국 내 총 제품 매출의 약 90%를 세 개의 대형 도매업체와 그들의 전문 유통 계열사에 판매합니다. 센코라(Cencora)는 길리어드 사이언스가 제품을 주로 판매하는 세 개의 대형 도매업체 중 하나로 명시되어 있습니다. 이는 센코라가 길리어드 사이언스의 의약품이 최종 소비자에게 도달하기 전까지 미국 내 유통 공급망에서 핵심적인 중간 역할을 수행함을 의미합니다. 문서에는 두 회사 간의 구체적인 계약 조건이나 센코라가 길리어드 사이언스의 제품을 국제적으로 유통하는지에 대한 서술은 없습니다.",target_absent|truncated,"Historically, approximately 90% of our gross product sales in the U.S. have been to three large wholesalers—Cardinal Health, Inc., Cencora, Inc. and McKesson Corporation—and their specialty distributor affiliates. We sell and distribute our products in Europe and countries outside the U.S.",GILD 10-K FY2025 · Item 1 사업,"COR은 Gilead Sciences, Inc.의 미국 내 주요 대형 도매업체 중 하나인 Cardinal Health, Inc.로 언급됩니다. GILD는 미국 내 총 제품 매출의 대부분을 COR 등 세 대형 도매업체에 판매한 회사로 등장합니다.",근거 문장에 상대 종목 미등장 — 관계 근거로 불충분,"COR: 미국 및 해외에서 의약품, OTC 제품, 의료 용품 등을 조달하고 유통합니다.
병원, 약국, 클리닉 등 다양한 의료기관에 의약품 공급망 서비스를 제공하는 기업입니다.","GILD: 미국 및 전 세계적으로 미충족 의료 수요 분야의 의약품을 발굴, 개발 및 상용화하는 바이오 제약 회사입니다.
HIV/AIDS, 코로나19, 간 질환 및 특정 암 치료제를 제공하며, 감염성 질환 및 종양학 분야에서 강력한 입지를 가진 제약 시장의 주요 기업입니다.","We sell and distribute most of our products in the U.S. exclusively through the wholesale channel. Historically, approximately 90% of our gross product sales in the U.S. have been to three large wholesalers—Cardinal Health, Inc., Cencora, Inc. and McKesson Corporation—and their specialty distributor affiliates. We sell and distribute our products in Europe and countries outside the U.S. where the product is approved, either through our commercial teams, third-party distributors or corporate partners.",OK,OK,문단에서 GILD가 COR에 제품을 판매하고 있음을 명시적으로 언급함.
CRWD↔HLT,SUPPLIES_TO,"SEC 10-K: For example, in July 2024 a software update by CrowdStrike Holdings, Inc., a cybersecurity technolog",,False,,pending,pending,True,True,0.0,True,pending,pending,False,True,False,,"이 문단은 힐튼 월드와이드 홀딩스(Hilton Worldwide Holdings)가 외부 소프트웨어 및 클라우드 서비스 제공업체에 의존하는 리스크를 설명하는 맥락에서 작성되었습니다. 힐튼은 비즈니스 시스템 유지를 위해 다양한 벤더의 소프트웨어 및 서비스형 소프트웨어(SaaS) 운영에 의존하고 있습니다. 크라우드스트라이크(CrowdStrike)는 힐튼이 의존하는 벤더 중 하나로, 2024년 7월 크라우드스트라이크의 소프트웨어 업데이트가 전 세계적인 IT 중단을 야기했다고 언급됩니다. 이 중단은 힐튼의 비즈니스에 일시적인 영향을 미쳤으며, 힐튼은 향후 유사한 소프트웨어 중단이 운영에 해를 끼칠 수 있다고 인식하고 있습니다. 이는 힐튼이 크라우드스트라이크의 사이버 보안 기술 또는 관련 소프트웨어 서비스를 고객으로서 사용하고 있음을 나타냅니다. 문서에는 힐튼이 크라우드스트라이크의 어떤 특정 솔루션을 사용하는지에 대한 상세한 서술이나 두 회사 간의 직접적인 계약 관계 또는 재정적 규모에 대한 정보는 언급되어 있지 않습니다.",list|truncated,"For example, in July 2024 a software update by CrowdStrike Holdings, Inc., a cybersecurity technology company, caused a global information technology outage. Although the outage did not have a material impact to our business, we were temporarily impacted by the outage, and similar software outages in the future could harm our operations and be material to us.
We are vulnerable to various risks and uncertainties associated with our websites and mobile applications, including changes in required technology interfaces, website and mobile application downtime and other technical failures, unexpected costs and changes and issues as we upgrade our website software and mobile applications.",HLT 10-K FY2025 · Item 1A 위험,"CRWD는 2024년 7월 전 세계 정보 기술 장애를 일으킨 소프트웨어 업데이트의 제공 주체인 CrowdStrike Holdings, Inc.로 언급됩니다. HLT는 CRWD의 소프트웨어 업데이트로 인한 장애로 일시적으로 영향을 받은 Hilton Worldwide Holdings Inc.로 등장합니다.",,"CRWD: 엔드포인트 및 클라우드 워크로드, ID, 데이터 전반에 걸쳐 클라우드 기반의 사이버 보안 솔루션을 제공합니다.
위협 인텔리전스, 제로 트러스트 ID 보호 등 Falcon 플랫폼 구독 서비스를 전 세계 고객에게 제공하는 선도 기업입니다.","HLT: 힐튼 월드와이드 홀딩스는 호텔 및 리조트를 소유, 임대, 관리, 개발 및 프랜차이즈하는 환대 기업입니다.
전 세계적으로 다양한 브랜드 포트폴리오를 통해 숙박 산업에서 핵심적인 글로벌 리더 중 하나입니다.","We rely on certain vendors for traditional software and cloud/software-as-a-service operations to maintain and periodically upgrade many of these systems and applications so that they can continue to support our business. The software programs supporting many of our systems were licensed to us by independent software developers. The inability of these developers or us to continue to maintain and upgrade these information systems and software programs has impacted, and in the future could, disrupt or reduce, the efficiency of our operations if we were unable to convert to alternate systems in an efficient and timely manner. For example, in July 2024 a software update by CrowdStrike Holdings, Inc., a cybersecurity technology company, caused a global information technology outage. Although the outage did not have a material impact to our business, we were temporarily impacted by the outage, and similar software outages in the future could harm our operations and be material to us.",,OK,문단에서 HLT가 CRWD의 소프트웨어 업데이트로 인해 영향을 받았음을 명시적으로 언급함.
DD↔Q,SUPPLIES_TO,"SEC 10-K: On May 22, 2024, DuPont de Nemours, Inc. (""DuPont"" or ""Parent"") announced its plan to separate Qnity",,False,DEPENDS_ON,pending,pending,True,True,0.9,True,pending,pending,False,True,False,,"이 문단은 듀폰(DuPont)이 큐니티(Qnity)를 분사하는 기업 구조조정 계획과 그 실행 과정을 설명하는 맥락에서 작성되었습니다. 듀폰은 기술 기반 소재 및 솔루션을 제공하는 기업이며, 큐니티의 '모회사'였습니다. 듀폰은 2024년 5월 22일 큐니티를 독립적인 상장 회사로 분리할 계획을 발표했습니다. 이 분리는 2025년 11월 1일에 큐니티의 보통주를 듀폰 주주들에게 비례 배분하는 방식으로 완료되었습니다. 결과적으로, 큐니티는 분리 및 배분일을 기점으로 듀폰으로부터 독립적인 상장 회사가 되었으며, 뉴욕 증권 거래소에서 거래를 시작했습니다. 따라서 두 회사의 관계는 모회사-자회사에서 완전히 독립된 별개의 법인으로 전환되었습니다. 문서에는 분리 이전 두 회사 간의 구체적인 사업 운영, 제품 협력 또는 시장 경쟁 관계에 대한 서술은 없습니다.",list|m&a|truncated,"With over 50 years of experience in systems engineering and material science, a global manufacturing footprint and major application labs across the world, we are well-positioned to capitalize on emerging opportunities across various sectors including data centers, communications infrastructure, industrials, automotive, and consumer electronics.
On May 22, 2024, DuPont de Nemours, Inc. (""DuPont"" or ""Parent"") announced its plan to separate Qnity from DuPont into an independent publicly traded company (the “Separation”). On November 1, 2025 (the ""Separation and Distribution Date""), DuPont completed the Separation through a pro-rata distribution of one share of Qnity common stock for every two shares of DuPont common stock held at the close of business on the record date of October 22, 2025 (the ""Distribution"").",Q 10-K FY2025 · Item 1 사업,"DD는 Qnity를 독립적인 공개 상장 회사로 분리한 DuPont de Nemours, Inc.로 언급됩니다. Q는 DuPont로부터 분리되어 독립적인 공개 상장 회사가 된 Qnity로 등장합니다.",업계 M&A 나열 — 두 종목 직접 관계 서술인지 확인,"DD: 전자, 산업, 모빌리티, 재료 및 수처리 등 다양한 산업 분야에 기술 기반의 소재와 솔루션을 제공합니다.
반도체 재료, 엔지니어링 폴리머, 수처리 필터, 안전 보호 솔루션 등을 통해 글로벌 특수 화학 시장에서 선도적인 위치를 차지합니다.","Q: 반도체 칩 제조 및 첨단 전자 재료에 사용되는 전자 솔루션과 재료를 제공하는 데 주력합니다.
반도체 제조 및 첨단 전자 재료 시장에서 중요한 역할을 수행하고 있습니다.","On May 22, 2024, DuPont de Nemours, Inc. (""DuPont"" or ""Parent"") announced its plan to separate Qnity from DuPont into an independent publicly traded company (the “Separation”). On November 1, 2025 (the ""Separation and Distribution Date""), DuPont completed the Separation through a pro-rata distribution of one share of Qnity common stock for every two shares of DuPont common stock held at the close of business on the record date of October 22, 2025 (the ""Distribution""). As a result of the Distribution, as of the Separation and Distribution Date, Qnity became an independent, publicly traded company, and Qnity common stock commenced trading on the New York Stock Exchange under the symbol ""Q"" at the start of trading on November 3, 2025.",,OK,문단에서 DD가 Qnity(Q)를 분사하여 독립적인 회사로 만들었음을 명시적으로 서술함.
DLTR↔CPB,SUPPLIES_TO,"SEC 10-K: Our products are generally resold to consumers through retail food chains, mass discounters, mass me",식품 유통,True,,pending,pending,False,True,0.8,True,pending,pending,False,False,False,식품 유통,"이 문단은 캠벨 수프 컴퍼니(Campbell Soup Company)가 자사 제품을 유통하는 다양한 소매 채널을 설명하는 맥락에서 작성되었습니다. 캠벨 수프 컴퍼니는 수프, 소스, 음료 및 스낵 제품을 제조 및 판매하는 기업입니다. 이 회사의 제품은 일반적으로 소매 식품 체인, 대형 할인점, 클럽 스토어, 편의점 등을 통해 소비자에게 재판매됩니다. 달러 트리(Dollar Tree)는 이러한 유통 채널 중 하나인 '달러 스토어'를 운영하는 주요 할인 소매업체로 언급됩니다. 이는 달러 트리가 캠벨 수프 컴퍼니의 제품을 판매하는 소매점 중 하나임을 의미합니다. 캠벨 수프 컴퍼니는 달러 트리를 포함한 다양한 소매업체를 통해 자사 제품을 소비자에게 공급합니다. 문서에는 달러 트리가 캠벨 수프 컴퍼니의 어떤 특정 제품군을 얼마나 많이 판매하는지에 대한 구체적인 서술이 없습니다.",target_absent|truncated,"Our products are generally resold to consumers through retail food chains, mass discounters, mass merchandisers, club stores, convenience stores, dollar stores, e-commerce and other retail, commercial and non-commercial establishments. Our Snacks segment has a direct-store-delivery distribution model that uses independent contractor distributors.",CPB 10-K FY2025 · Item 7 MD&A,"DLTR 미등장. CPB는 제품이 다양한 소매 채널을 통해 소비자에게 재판매되며, 스낵 부문이 독립 계약자 유통업체를 사용하는 직영 배송 유통 모델을 가진 회사로 등장합니다.",근거 문장에 상대 종목 미등장 — 관계 근거로 불충분,"DLTR: 달러 트리 및 패밀리 달러 브랜드를 통해 다양한 할인 잡화 및 생활용품 소매점을 운영합니다.
달러 트리는 모든 제품을 1.25달러에 판매하며, 패밀리 달러는 다양한 가격대의 필수품을 제공하는 주요 할인 유통업체입니다.","CPB: 캠벨, 스완슨, 프레고 등의 브랜드로 수프, 소스, 육수 등 식사 및 음료 제품을 제조 및 판매합니다.
스낵 부문도 운영하며 미국 및 글로벌 시장에서 폭넓은 식품 및 음료 포트폴리오를 보유한 기업입니다.","In most of our markets, sales and merchandising activities are conducted through our own sales force and/or third-party brokers and distribution partners. Our products are generally resold to consumers through retail food chains, mass discounters, mass merchandisers, club stores, convenience stores, dollar stores, e-commerce and other retail, commercial and non-commercial establishments. Our Snacks segment has a direct-store-delivery distribution model that uses independent contractor distributors.",,OK,문단에서 CPB의 제품이 DLTR이 운영하는 '달러 스토어'를 통해 판매됨을 명시적으로 시사함.
DTE↔GM,SUPPLIES_TO,"SEC 10-K: Energy Trading's customer base is predominantly utilities, local natural gas distribution companies,",,False,SUPPLIES_TO,pending,pending,False,True,0.0,True,noise_self_contradiction,pending,True,False,False,,"이 문단은 DTE 에너지(DTE Energy)의 에너지 트레이딩 부문이 제공하는 서비스와 주요 고객층을 설명하는 맥락에서 작성되었습니다. DTE 에너지는 미시간주 남동부에 전기 및 천연가스 유틸리티 서비스를 제공하는 통합 에너지 기업입니다. 이 회사의 에너지 트레이딩 부문은 전력, 천연가스, 환경 관련 마케팅 및 거래 서비스 등을 제공합니다. 해당 부문의 고객층은 주로 유틸리티 회사, 지역 천연가스 유통 회사, 파이프라인 회사, 생산자 및 발전 회사, 기타 마케팅 및 거래 회사 등으로 명시되어 있습니다. 제너럴 모터스(General Motors)는 자동차를 설계, 제작, 판매하는 회사로, DTE 에너지의 에너지 트레이딩 부문 고객 목록에 언급되어 있지 않습니다. 따라서 이 문단만으로는 두 회사 간에 어떠한 사업적 관계가 있는지 확인할 수 없습니다. 문서에는 두 회사 간의 고객-공급업체 관계나 다른 형태의 사업적 연관성이 있다는 서술이 전혀 없습니다.",target_absent|truncated,"Energy Trading's customer base is predominantly utilities, local natural gas distribution companies, pipelines, producers and generators, and other marketing and trading companies. Energy Trading also provides commodity risk management services to the other businesses within DTE Energy.
Energy Trading enters into derivative financial instruments as part of its marketing and hedging activities.",DTE 10-K FY2025 · Item 1A 위험,DTE는 에너지 트레이딩 부문이 다양한 고객에게 서비스를 제공하고 DTE Energy 내 다른 사업부에도 상품 리스크 관리 서비스를 제공하는 DTE Energy로 등장합니다. GM 미등장.,근거 문장에 상대 종목 미등장 — 관계 근거로 불충분,"DTE: 미시간주 남동부 지역에서 약 230만 고객에게 전기 및 천연가스 유틸리티 서비스를 제공합니다.
화석 연료, 수력, 원자력 및 재생 에너지원을 통해 전기를 생산하고, 천연가스를 구매, 저장, 운송, 배분하는 통합 에너지 기업입니다.","GM: 북미, 아시아 태평양 등 전 세계적으로 트럭, 크로스오버, 자동차 및 자동차 부품/액세서리를 설계, 제작 및 판매합니다.
Buick, Cadillac, Chevrolet 등 다양한 브랜드를 통해 승용차 및 상업용 차량을 제공하며, 글로벌 자동차 제조 시장의 주요 플레이어입니다.","The Energy Trading segment focuses on physical and financial power, natural gas and environmental marketing and trading, structured transactions, enhancement of returns from its asset portfolio, and optimization of contracted natural gas pipeline transportation and storage positions. Energy Trading also provides natural gas, power, environmental and related services which may include the management of associated storage and transportation contracts on the customers’ behalf and the supply or purchase of environmental attributes to various customers. Energy Trading's customer base is predominantly utilities, local natural gas distribution companies, pipelines, producers and generators, and other marketing and trading companies. Energy Trading also provides commodity risk management services to the other businesses within DTE Energy.",HOLD,DROP,"두 회사는 다른 산업군에 속하며, 문단에서 두 회사 간의 실제 관계를 전혀 서술하지 않음."
ETN↔FTNT,SUPPLIES_TO,"SEC 10-K: Our current manufacturing partners include Accton Technology (“Accton”), IBASE Technology, Inc. (“IB",,False,PARTNER_WITH,pending,pending,False,True,0.0,True,pending,pending,False,True,False,,"이 문단은 포티넷(Fortinet)이 자사의 보안 어플라이언스 제품 제조를 아웃소싱하는 전략과 주요 계약 제조업체를 설명하는 맥락에서 작성되었습니다. 포티넷은 클라우드 기반의 사이버 보안 솔루션을 제공하는 기업으로, 보안 어플라이언스 제품의 제조를 다양한 계약 제조업체 및 ODM(Original Design Manufacturer)에 위탁하고 있습니다. 이 문단에는 액톤 테크놀로지, 아이베이스 테크놀로지, 마이크로스타 인터내셔널, 세나오 네트워크, 위스트론 등이 포티넷의 현재 제조 파트너로 명시되어 있습니다. 이튼 코퍼레이션(Eaton Corporation)은 전력 관리 제품 및 서비스를 제공하는 기업이지만, 포티넷의 보안 어플라이언스 제품 또는 ASICs(주문형 반도체) 제조를 위한 계약 제조업체 목록에는 포함되어 있지 않습니다. 따라서 이 문단만으로는 두 회사 간에 어떠한 사업적 관계가 있는지 확인할 수 없습니다. 문서에는 포티넷이 이튼 코퍼레이션을 제조 파트너나 부품 공급업체로 활용한다는 서술이 없습니다.",list|target_absent|truncated,"Our current manufacturing partners include Accton Technology (“Accton”), IBASE Technology, Inc. (“IBASE”), Micro-Star International Co. (“Micro-Star”), Senao Networks, Inc. (“Senao”), Wistron Corporation (“Wistron”), and a number of other manufacturers. Approximately 87% of our hardware is manufactured in Taiwan.",FTNT 10-K FY2025 · Item 1 사업,"ETN 미등장. FTNT는 Accton Technology, IBASE Technology, Inc. 등을 포함한 다수의 제조 파트너를 보유한 Fortinet, Inc.로 등장합니다.",근거 문장에 상대 종목 미등장 — 관계 근거로 불충분,"ETN: 전 세계적으로 전력 관리 제품 및 서비스를 제공하며, 전기 및 산업 구성 요소, 전력 분배 시스템 등을 생산합니다.
다양한 산업 분야에서 전력 효율성, 안정성 및 안전성을 향상시키는 솔루션을 제공하는 전력 관리 시장의 주요 기업입니다.","FTNT: 전 세계적으로 광범위하고 통합된 자동화된 사이버 보안 솔루션을 제공하며, FortiGate 하드웨어 및 소프트웨어 라이선스를 판매합니다.
방화벽, 침입 방지, 멀웨어 방지 등 다양한 보안 및 네트워킹 기능을 제공하며, 통합 사이버 보안 시장의 선두 주자입니다.","We outsource the manufacturing of our security appliance products to a variety of contract manufacturers and original design manufacturers. Our current manufacturing partners include Accton Technology (“Accton”), IBASE Technology, Inc. (“IBASE”), Micro-Star International Co. (“Micro-Star”), Senao Networks, Inc. (“Senao”), Wistron Corporation (“Wistron”), and a number of other manufacturers. Approximately 87% of our hardware is manufactured in Taiwan. We submit purchase orders to our contract manufacturers that describe the type and quantities of our products to be manufactured, the delivery date and other delivery terms. Once our products are manufactured, they are sent to either our warehouse in California, our warehouse in the Netherlands or to our logistics partner in Taoyuan City, Taiwan, where accessory packaging and quality-control testing are performed. We believe that outsourcing our manufacturing and a substantial portion of our logistics enables us to focus resources on our core competencies. Our proprietary ASICs, which are key to the performance of our appliances, are built by contract manufacturers including Toshiba America Electronic Components, Inc. (“Toshiba America”) and Renesas Electronics America, Inc. (“Renesas”). These contract manufacturers use foundries in Taiwan and Japan operated by either Taiwan Semiconductor Manufacturing Company Limited (“TSMC”) or by the contract manufacturer itself.",,DROP,"문단에서 FTNT의 제조 협력사나 부품 공급사로 ETN이 명시적으로 언급되지 않으며, 두 회사의 산업 분야도 직접적인 관계를 시사하지 않음."
ETN↔PCAR,SUPPLIES_TO,SEC 10-K: The Company purchased a significant portion of its transmissions from Eaton Corporation Plc. (Eaton),변속기,True,,pending,pending,False,True,1.0,True,pending,pending,False,False,False,변속기,"이 문단은 패카(PACCAR)가 상업용 트럭 제조에 필요한 주요 부품을 어떻게 조달하는지, 즉 공급망 관련 내용을 설명하는 맥락에서 작성되었습니다. 패카는 상업용 트럭을 설계, 제조, 유통하는 기업으로, 트럭 운영의 상당 부분에 필요한 엔진, 변속기, 차축 등 주요 부품을 여러 부품 제조업체로부터 구매합니다. 문단은 패카가 '변속기의 상당 부분을 이튼 코퍼레이션(Eaton Corporation Plc)으로부터 구매했다'고 명확히 밝히고 있습니다. 또한, 패카는 이튼과 장기 공급 계약을 맺어 공급 연속성을 확보하고 있으며, 이튼으로부터의 공급 중단은 패카의 사업 결과에 중대한 영향을 미칠 수 있다고 언급합니다. 이는 이튼이 패카의 트럭 생산에 필수적인 변속기를 공급하는 중요한 공급업체임을 나타냅니다. 문서에는 이튼이 패카에 공급하는 변속기 제품의 구체적인 유형, 수량 또는 계약의 정확한 기간에 대한 서술은 없습니다.",target_absent,The Company purchased a significant portion of its transmissions from Eaton Corporation Plc. (Eaton) and ZF Friedrichshafen AG (ZF). The Company also purchased a significant portion of North America stampings used for cabs from Magna International Inc.,PCAR 10-K FY2025 · Item 1 사업,ETN: 회사에 변속기를 판매한 공급업체. PCAR: ETN으로부터 변속기의 상당 부분을 구매한 회사.,근거 문장에 상대 종목 미등장 — 관계 근거로 불충분,"ETN: 전 세계적으로 전력 관리 제품 및 서비스를 제공하며, 전기 및 산업 구성 요소, 전력 분배 시스템 등을 생산합니다.
다양한 산업 분야에서 전력 효율성, 안정성 및 안전성을 향상시키는 솔루션을 제공하는 전력 관리 시장의 주요 기업입니다.","PCAR: 'Kenworth', 'Peterbilt', 'DAF' 브랜드를 통해 경/중/대형 상업용 트럭을 설계, 제조, 유통하며 부품 및 금융 서비스도 제공합니다.
북미, 유럽 등 전 세계 상업용 트럭 제조 및 유통 시장에서 주요 글로벌 플레이어입니다.","gh quality products, most of which are ordered by dealers according to customer specifications. Some units are ordered by dealers for stocking to meet the needs of certain customers who require immediate delivery or for customers that require the chassis to be fitted with specialized bodies. For a significant portion of the Company’s truck operations, major components, such as engines, transmissions and axles, as well as a substantial percentage of other components, are purchased from component manufacturers pursuant to PACCAR and customer specifications. DAF, which is more vertically integrated, manufactures PACCAR engines and axles and a higher percentage of other components for its heavy truck models. The Company also manufactures engines at its Columbus, Mississippi facility. In 2025, the Company installed PACCAR engines in approximately 29% of the Company’s Kenworth and Peterbilt heavy-duty trucks in the U.S. and Canada and substantially all of the DAF heavy-duty trucks sold throughout the world. Engines not manufactured by the Company are purchased from Cummins Inc. (Cummins). The Company purchased a significant portion of its transmissions from Eaton Corporation Plc. (Eaton) and ZF Friedrichshafen AG (ZF). The Company also purchased a significant portion of North America stampings used for cabs from Magna International Inc. (Magna). The Company has long-term agreements with Cummins, Eaton, ZF and Magna to provide for continuity of supply. A loss of supply from Cummins, Eaton, ZF or Magna, and the resulting interruption in the production of trucks, would have a material effect on the Company’s results. Purchased materials and parts include raw materials, partially processed materials, such as castings, and finished components manufactured by independent suppliers. The Company and its suppliers rely on semiconductors as an essential component in the production of its trucks and aftermarket parts. The Company and its suppliers source semiconductors from various suppliers. Raw materials, partially processed materials and finished components typically make up approximately 85% of the cost of new trucks. The value of finished truck components manufactured by in",,OK,문단에서 PCAR이 ETN으로부터 변속기를 구매하는 주요 공급 관계임을 명시적으로 서술함.
FISV↔SYF,SUPPLIES_TO,SEC 10-K: We also face risks related to cyber-attacks and other security breaches in connection with credit ca,신용카드,False,SUPPLIES_TO,pending,pending,False,True,0.0,True,noise_self_contradiction,pending,True,False,False,금융·결제·거래소,"이 문단은 싱크로니 파이낸셜(Synchrony Financial)이 신용카드 및 예금 거래에서 발생하는 사이버 공격 및 보안 침해 위험에 대해 설명하는 맥락에서 작성되었습니다. 싱크로니 파이낸셜은 소비자 금융 서비스를 제공하는 기업으로, 고객의 민감한 정보가 다양한 제3자를 통해 전송되는 과정에서 보안 위험에 직면하고 있습니다. 문단은 결제 처리 기관, 카드 네트워크 등과 함께 '당사의 프로세서(예: Fiserv)'라고 명시하며 피서브(Fiserv)를 언급합니다. 이는 싱크로니 파이낸셜이 신용카드 및 예금 거래 처리를 위해 피서브를 프로세서로 사용하고 있음을 보여줍니다. 싱크로니 파이낸셜은 피서브와 같은 제3자에 대한 보안 침해나 사이버 공격이 자사에 영향을 미칠 수 있음을 인지하고 있습니다. 문서에는 피서브가 싱크로니 파이낸셜의 어떤 특정 결제 또는 금융 서비스 기술을 처리하는지, 계약 규모나 기간 등 구체적인 서비스 제공 범위에 대한 서술은 없습니다.",target_absent|truncated,"We also face risks related to cyber-attacks and other security breaches in connection with credit card and deposit transactions that typically involve the transmission of sensitive information regarding our customers through various third-parties, including our partners, retailers that are not our partners where our Dual Cards and general purpose co-branded credit cards are used, merchant acquiring banks, payment processors, card networks (e.g., Visa and MasterCard) and our processors (e.g., Fiserv). Some of these parties have in the past been the target of security breaches and cyber-attacks, and because the transactions involve third parties and environments such as the point-of-sale that we neither control nor have the ability to secure, future security breaches or cyber-attacks affecting any of these third parties could impact us through no fault of our own, and in some cases, we may have exposure and suffer losses for breaches or attacks relating to them.",SYF 10-K FY2025 · Item 7 MD&A,FISV: 회사의 처리자 중 하나로 언급된 기업. SYF: 사이버 공격 및 보안 침해 위험에 직면한 회사.,근거 문장에 상대 종목 미등장 — 관계 근거로 불충분,"FISV: 전 세계적으로 결제 및 금융 서비스 기술을 제공하며, POS(판매 시점 정보 관리) 가맹점 인수 및 디지털 상거래 서비스를 운영합니다.
Clover와 같은 클라우드 기반 POS 플랫폼을 통해 가맹점 솔루션, 핀테크 및 결제 서비스를 제공하는 금융 서비스 기술 시장의 선두 기업입니다.","SYF: 미국에서 소비자 금융 서비스를 제공하며, 신용카드, 상업용 신용 상품 및 소비자 할부 대출을 주력으로 합니다.
프라이빗 라벨, 공동 브랜드 신용카드 및 예금 상품을 통해 소비자 금융 시장에서 중요한 역할을 합니다.","We also face risks related to cyber-attacks and other security breaches in connection with credit card and deposit transactions that typically involve the transmission of sensitive information regarding our customers through various third-parties, including our partners, retailers that are not our partners where our Dual Cards and general purpose co-branded credit cards are used, merchant acquiring banks, payment processors, card networks (e.g., Visa and MasterCard) and our processors (e.g., Fiserv). Some of these parties have in the past been the target of security breaches and cyber-attacks, and because the transactions involve third parties and environments such as the point-of-sale that we neither control nor have the ability to secure, future security breaches or cyber-attacks affecting any of these third parties could impact us through no fault of our own, and in some cases, we may have exposure and suffer losses for breaches or attacks relating to them. We also rely on a number of other third-party service providers to conduct other aspects of our business operations on our behalf and face similar risks relating to them. There is heightened scrutiny from regulators on the degree of potential risk to financial institutions and their operations resulting from the engagement of third parties and how information security and resiliency risks are effectively managed, including cascading effects from the continued concentration of certain capabilities provided by a decreasing number of third parties. While we regularly conduct security assessments of critical third-party service providers using a risk based methodology, their information security protocols may not be sufficient enough to withstand all forms of cyber-attacks or other security breaches.",OK,OK,문단에서 SYF가 FISV를 자사의 결제 처리업체(processor) 중 하나로 명시적으로 언급함.
FN↔NVDA,SUPPLIES_TO,SEC 10-K: We engage with independent subcontractors and contract manufacturers such as Hon Hai Precision Indus,,False,SUPPLIES_TO,pending,pending,False,True,0.1,True,noise_self_contradiction,pending,True,False,False,,"이 문단은 NVIDIA가 자사 공급망을 설명하며, 제조 역량 강화 및 중복성 확보를 위한 공급업체 관계를 서술하고 있습니다. NVIDIA는 최종 제품의 조립, 테스트 및 패키징을 수행하기 위해 독립적인 하청업체 및 계약 제조업체와 협력하고 있습니다. Fabrinet은 이러한 계약 제조업체 중 하나로, NVIDIA의 생산 과정에서 핵심적인 제조 서비스를 제공합니다. NVIDIA는 고급 GPU 및 SoC 제품을 설계하고 제조하며, Fabrinet은 광학 패키징 및 첨단 전기 기계 제조 서비스를 전문으로 합니다. 따라서 Fabrinet은 NVIDIA의 최종 제품이 시장에 출시되기 전 필수적인 후공정 단계를 담당하는 중요한 공급망 파트너입니다. 문서에는 NVIDIA가 Fabrinet에 특정 제품이나 부품을 공급하는지에 대한 서술은 없으며, 두 회사 간의 구체적인 계약 조건이나 거래 규모에 대한 서술은 없습니다.",target_absent|truncated,"We engage with independent subcontractors and contract manufacturers such as Hon Hai Precision Industry Co., Ltd., Wistron Corporation, and Fabrinet to perform assembly, testing and packaging of our final products.
Competition 
The market for our products is intensely competitive and is characterized by rapid technological change and evolving industry standards. We believe that the principal competitive factors in this market are performance, breadth of product offerings, access to customers and partners and distribution channels, software support, conformity to industry standard APIs, manufacturing capabilities, processor pricing, and total system costs.",NVDA 10-K FY2025 · Item 1 사업,"FN: 회사의 최종 제품 조립, 테스트 및 패키징을 수행하는 독립 하도급업체이자 계약 제조업체 중 하나. NVDA: NVDA 미등장.",근거 문장에 상대 종목 미등장 — 관계 근거로 불충분,"FN: 광학 패키징 및 첨단 전기 기계 제조 서비스를 제공하며 복합 광학 및 전기 기계 부품을 생산합니다.
광 통신, 의료 및 산업용 레이저 시장을 위한 고정밀 부품 제조를 전문으로 하는 기술 제조 서비스 기업입니다. (일반 지식 기반)","NVDA: 게이밍 및 전문가 시장을 위한 고급 GPU 설계 및 제조, AI 및 시각 컴퓨팅 기술, 모바일 및 자율 주행 SoC 제품을 개발합니다.
전 세계 그래픽 처리 장치(GPU), 인공지능(AI), 데이터 센터 및 자율 주행 기술 시장의 선두 주자입니다.","We have expanded our supplier relationships to build redundancy and resilience in our operations to provide long-term manufacturing capacity aligned with growing customer demand. While currently our supply chain is mainly concentrated in Asia, we are expanding into the U.S. and Latin America. We utilize foundries, such as Taiwan Semiconductor Manufacturing Company Limited, or TSMC, and Samsung Electronics Co., Ltd., or Samsung, to produce our semiconductor wafers. We purchase memory from SK Hynix Inc., Micron Technology, Inc., and Samsung. We utilize CoWoS technology for semiconductor packaging. We engage with independent subcontractors and contract manufacturers such as Hon Hai Precision Industry Co., Ltd., Wistron Corporation, and Fabrinet to perform assembly, testing and packaging of our final products.",HOLD,OK,"문단에서 엔비디아(NVDA)가 패브리넷(FN)을 최종 제품의 조립, 테스트 및 패키징을 수행하는 독립 계약 제조업체로 명시적으로 언급하고 있음."
FTNT↔EA,SUPPLIES_TO,"SEC 10-K: We work with many technology distributors, including Arrow Electronics, Inc., Exclusive, Ingram Micr",,False,,pending,pending,True,True,0.0,True,pending,pending,False,True,False,,"이 문단은 Fortinet이 자사의 제품 및 서비스를 최종 고객에게 판매하는 유통 모델에 대해 설명하고 있습니다. Fortinet은 주로 2단계 유통 모델을 통해 제품을 판매하며, 유통업체, 리셀러, 서비스 제공업체 등을 활용합니다. 때로는 대규모 서비스 제공업체나 시스템 통합업체, 대규모 최종 사용자에게 직접 판매하기도 합니다. 하지만, 이 문단 내에서 Electronic Arts(EA)는 언급되지 않습니다. 따라서 제공된 문서의 정보만으로는 Fortinet과 Electronic Arts 사이에 어떠한 직접적인 제품 또는 서비스 거래 관계가 있는지 확인할 수 없습니다. 이 문단은 두 회사의 관계에 대해 어떠한 사실도 제공하고 있지 않습니다.",list|truncated,"We work with many technology distributors, including Arrow Electronics, Inc., Exclusive, Ingram Micro, and TD Synnex. In addition, we provide our cloud-based subscription offerings through Fortinet-owned data centers and PoPs, as well as data centers operated under colocation arrangements globally, and via public cloud providers.
We support our channel partners with a dedicated team of experienced channel account managers, sales professionals and sales engineers who provide business planning, joint marketing strategy, pre-sales and operational sales support.",FTNT 10-K FY2025 · Item 1 사업,FTNT: 자체 데이터 센터 및 PoP를 통해 클라우드 기반 구독 서비스를 제공하고 채널 파트너를 지원하는 회사. EA: EA 미등장.,,"FTNT: 전 세계적으로 광범위하고 통합된 자동화된 사이버 보안 솔루션을 제공하며, FortiGate 하드웨어 및 소프트웨어 라이선스를 판매합니다.
방화벽, 침입 방지, 멀웨어 방지 등 다양한 보안 및 네트워킹 기능을 제공하며, 통합 사이버 보안 시장의 선두 주자입니다.","EA: 게임 콘솔, PC, 모바일 플랫폼용 게임 콘텐츠 및 서비스를 개발, 마케팅, 퍼블리싱, 배급합니다.
FIFA, 매든 NFL, 심즈, 에이펙스 레전드 등 인기 브랜드를 통해 글로벌 비디오 게임 시장의 주요 플레이어입니다.","We primarily sell our products and services through a two-tier distribution model. We sell to distributors that sell to resellers and to service providers and managed security service providers (“MSSPs”), who, in turn, sell products and/or services to end-customers. In certain cases, we sell directly to large service providers, major systems integrators and large end users. We work with many technology distributors, including Arrow Electronics, Inc., Exclusive, Ingram Micro, and TD Synnex. In addition, we provide our cloud-based subscription offerings through Fortinet-owned data centers and PoPs, as well as data centers operated under colocation arrangements globally, and via public cloud providers.",,DROP,"두 회사는 사이버 보안과 비디오 게임이라는 다른 산업군에 속하며, 문단에서 두 회사 간의 실제 관계가 전혀 서술되지 않음."
GIS↔DRI,SUPPLIES_TO,"SEC 10-K: We were acquired by General Mills, Inc. in 1970 and became a separate publicly held company in 1995 ",,False,PARTNER_WITH,pending,pending,False,True,0.0,True,pending,pending,False,False,False,,"이 문단은 Darden Restaurants가 자사의 역사적 배경을 설명하며, 과거 General Mills와의 관계를 서술하고 있습니다. Darden Restaurants는 1970년에 General Mills에 인수되어 한때 General Mills의 자회사였습니다. 그러나 1995년에 General Mills는 Darden Restaurants의 모든 발행 주식을 General Mills의 주주들에게 분배하며 Darden을 독립적인 상장 회사로 분사시켰습니다. 따라서 이 문단에 따르면 두 회사는 과거에는 모회사와 자회사의 관계였으나, 현재 시점에서는 분리된 독립적인 기업입니다. 문서에는 1995년 분사 이후 두 회사 사이에 지속되는 현재의 사업적 거래나 협력 관계에 대한 정보는 명시되어 있지 않습니다.",m&a|target_absent|truncated,"We were acquired by General Mills, Inc. in 1970 and became a separate publicly held company in 1995 when General Mills distributed all of our outstanding stock to the stockholders of General Mills. Our principal executive offices and restaurant support center are located at 1000 Darden Center Drive, Orlando, Florida 32837, telephone (407) 245-4000.",DRI 10-K FY2025 · Item 1 사업,GIS: 1970년에 회사를 인수한 후 1995년에 회사의 주식을 주주들에게 분배한 기업. DRI: 1970년에 GIS에 인수되었다가 1995년에 독립적인 공개 회사로 전환된 회사.,근거 문장에 상대 종목 미등장 — 관계 근거로 불충분,"GIS: 전 세계적으로 브랜드 소비재 식품을 제조 및 판매하며, 시리얼, 요구르트, 수프, 베이킹 믹스 등 다양한 제품을 제공합니다.
북미, 유럽, 아시아 등 광범위한 시장에서 소매 및 푸드 서비스 채널을 통해 다양한 품목을 제공하는 포장 식품 시장의 글로벌 선두 기업입니다.","DRI: 올리브 가든, 롱혼 스테이크하우스 등 다양한 풀서비스 레스토랑 체인을 미국과 캐나다에서 소유 및 운영합니다.
캐주얼 다이닝부터 고급 스테이크 하우스까지 폭넓은 외식 브랜드를 보유한 주요 레스토랑 기업입니다.","Darden Restaurants, Inc. is a Florida corporation incorporated in March 1995, and is the parent company of GMRI, Inc., also a Florida corporation. GMRI, Inc. and certain other of our subsidiaries own and operate our restaurants. GMRI, Inc. was originally incorporated in March 1968 as Red Lobster Inns of America, Inc. We were acquired by General Mills, Inc. in 1970 and became a separate publicly held company in 1995 when General Mills distributed all of our outstanding stock to the stockholders of General Mills. Our principal executive offices and restaurant support center are located at 1000 Darden Center Drive, Orlando, Florida 32837, telephone (407) 245-4000. Our corporate website address is",,OK,문단에서 더든 레스토랑(DRI)이 과거 제너럴 밀스(GIS)에 인수되었다가 분사된 이력이 명시적으로 서술되어 있음.
GM↔APTV,SUPPLIES_TO,"SEC 10-K: For example, in 2025, General Motors (“GM”) restructured their operations in China given challenges ",,False,DEPENDS_ON,pending,pending,False,True,0.0,True,pending,pending,False,False,False,,"이 문단은 Aptiv가 중국 시장에서의 전략과 경쟁 환경을 설명하며, 주요 고객사들과의 관계를 언급하는 맥락에서 작성되었습니다. General Motors(GM)는 Aptiv의 가장 큰 고객 중 하나로 명시되어 있습니다. 문단에 따르면, 중국 시장의 어려움으로 인해 General Motors를 포함한 전통적인 OEM 고객사의 운영에 감소가 발생할 경우, Aptiv의 사업 및 재무 결과에 부정적인 영향을 미칠 수 있습니다. Aptiv는 차량 부품과 전기, 전자 및 안전 기술 솔루션을 설계 및 제조하며, General Motors는 이러한 부품을 필요로 하는 완성차 제조업체입니다. 문서에는 Aptiv가 General Motors에 정확히 어떤 제품이나 서비스를 제공하는지에 대한 구체적인 내용은 없습니다.",target_absent|truncated,"For example, in 2025, General Motors (“GM”) restructured their operations in China given challenges in the Chinese market. As GM, along with other traditional OEMs, are among our largest customers, our business and financial results may be adversely affected by decreases in their 
17
Table of Contents
businesses or market share in China. As the size of the Chinese market continues to increase over the long-term, we anticipate that additional competitors, both international and domestic, will seek to enter the Chinese market and that existing market participants will act aggressively to increase their market share.",APTV 10-K FY2025 · Item 7 MD&A,"GM: 중국 사업을 재편성했으며, 회사의 주요 고객 중 하나인 기업. APTV: GM의 중국 사업 재편성으로 인해 사업 및 재무 결과에 부정적인 영향을 받을 수 있는 회사.",근거 문장에 상대 종목 미등장 — 관계 근거로 불충분,"GM: 북미, 아시아 태평양 등 전 세계적으로 트럭, 크로스오버, 자동차 및 자동차 부품/액세서리를 설계, 제작 및 판매합니다.
Buick, Cadillac, Chevrolet 등 다양한 브랜드를 통해 승용차 및 상업용 차량을 제공하며, 글로벌 자동차 제조 시장의 주요 플레이어입니다.","APTV: 앱티브는 전 세계적으로 차량 부품을 설계, 제조 및 판매하며, 자동차 및 상용차 시장에 전기, 전자 및 안전 기술 솔루션을 제공합니다.
신호 및 전력 솔루션, 첨단 안전 및 사용자 경험 부문을 통해 자율주행, 커넥티드 카 등 미래 모빌리티 기술 발전에 기여합니다.","Maintaining a strong position in the Chinese market is a key component of our global growth strategy. The automotive technology and components market in China is highly competitive, with competition from many of the largest global manufacturers and numerous smaller domestic manufacturers. Domestic Chinese OEMs have continued to expand their market share in China, and as a result, several non-Chinese OEMs have experienced declines in revenue and market share, resulting in certain traditional OEMs taking steps to reduce or restructure their operations in China. For example, in 2025, General Motors (“GM”) restructured their operations in China given challenges in the Chinese market. As GM, along with other traditional OEMs, are among our largest customers, our business and financial results may be adversely affected by decreases in their",,OK,문단에서 앱티브(APTV)가 제너럴 모터스(GM)를 자사의 주요 고객 중 하나로 명시적으로 언급하고 있어 공급자-구매자 관계가 서술됨.
HCA↔RVTY,SUPPLIES_TO,SEC 10-K: and held a number of global management operational positions with GE Healthcare.,,False,SUPPLIES_TO,pending,pending,False,True,0.0,True,noise_self_contradiction,pending,True,False,False,,"이 문단은 Mr. Vohra라는 개인의 전문 경력과 학력, 자격에 대해 설명하고 있습니다. 문단은 그가 Genpact와 GE Healthcare에서 근무했던 이력을 상세히 나열하고 있습니다. 그러나 이 문단 내에서 HCA Healthcare와 Revvity는 전혀 언급되지 않습니다. 따라서 제공된 문서의 정보만으로는 HCA Healthcare와 Revvity 사이에 어떠한 종류의 사업적 또는 재정적 관계도 파악할 수 없습니다. 두 회사가 서로에게 제품이나 서비스를 제공하는지, 혹은 다른 방식으로 협력하는지에 대한 사실은 이 문단에서 찾아볼 수 없습니다.",indirect|target_absent,"Vohra was a Senior Vice President with Genpact, managing Supply Chain and IT businesses, and held a number of global management operational positions with GE Healthcare. Mr.",RVTY 10-K FY2025 · Item 1 사업,HCA: HCA 미등장. RVTY: RVTY 미등장.,근거 문장에 상대 종목 미등장 — 관계 근거로 불충분,"HCA: HCA 헬스케어는 미국 내에서 일반 병원, 급성기 치료 병원 및 외래 의료 시설을 운영하며 광범위한 의료 서비스를 제공합니다.
미국에서 가장 큰 독립 병원 운영 기업 중 하나로, 다양한 의료 서비스 분야에서 시장을 선도합니다.","RVTY: 전 세계 진단, 생명 과학 및 응용 서비스 시장에 제품, 서비스 및 솔루션을 제공합니다.
발견 및 분석 솔루션과 진단 부문을 통해 연구 및 임상 진단 분야의 기술 혁신을 이끌고 있습니다.","Previously, Mr. Vohra was a Senior Vice President with Genpact, managing Supply Chain and IT businesses, and held a number of global management operational positions with GE Healthcare. Mr. Vohra received his Bachelor’s degree in Mechanical Engineering from the University of Delhi, Master’s degree in Industrial Engineering from the University of Alabama and Master’s degree in Manufacturing Engineering from Lehigh University. Mr. Vohra is a certified Six Sigma Black Belt and was trained in lean manufacturing at the Shingijitsu Training Institute in Japan.",HOLD,DROP,"문단은 특정 인물의 약력만 설명할 뿐이며, 두 회사(HCA, RVTY) 간의 어떠한 명시적인 관계도 서술되어 있지 않음."
HOLX↔WST,SUPPLIES_TO,"SEC 10-K: From 2014 to 2018, Mr. McMahon served as Chief Financial Officer at Hologic, Inc, a developer, manuf",,False,,pending,pending,False,True,0.0,True,pending,pending,False,True,False,,"이 문단은 West Pharmaceutical Services의 수석 부사장 겸 최고 재무 책임자인 Mr. McMahon의 경력을 설명하고 있습니다. Mr. McMahon은 2014년부터 2018년까지 Hologic의 최고 재무 책임자로 근무했습니다. 이후 그는 West에 합류하여 2025년 8월부터 현재 직책을 맡고 있습니다. 따라서 Hologic과 West Pharmaceutical Services는 한때 동일한 고위 임원(Mr. McMahon)을 각기 다른 시기에 고용했던 관계가 있습니다. 그러나 이 문단은 두 회사 사이에 제품이나 서비스 거래, 혹은 사업적 협력 관계가 있다는 어떠한 정보도 제공하지 않습니다. 두 회사는 단순히 한 임원의 경력 경로를 통해 연결될 뿐, 직접적인 기업 간의 관계는 문서에 서술되어 있지 않습니다.",indirect|list|target_absent|truncated,"From 2014 to 2018, Mr. McMahon served as Chief Financial Officer at Hologic, Inc, a developer, manufacturer and supplier of diagnostics products, medical imaging systems, and surgical products. Prior to Hologic, Mr.",WST 10-K FY2025 · Item 7 MD&A,HOLX: McMahon 씨가 2014년부터 2018년까지 최고재무책임자로 근무했던 기업. WST: WST 미등장.,근거 문장에 상대 종목 미등장 — 관계 근거로 불충분,"HOLX: 홀로직은 여성 건강을 위한 진단 제품, 의료 영상 시스템 및 수술 제품을 개발, 제조 및 공급합니다.
유방 건강, 산부인과 수술, 진단 솔루션 분야에서 조기 발견 및 치료를 위한 혁신적인 기술을 제공합니다.","WST: 주사제 및 헬스케어 제품을 위한 보관 및 전달 시스템을 설계, 제조, 판매합니다.
제약 및 바이오 산업에서 주사제 포장 및 전달 솔루션 분야의 글로벌 선두 주자입니다.","Senior Vice President & Chief Financial Officer since August 2025. Prior to joining West, he served as the Chief Financial Officer of Agilent Technologies Inc, a provider in application focused solutions that include instruments, software, services and consumables for the entire laboratory workflow. At Agilent, he was responsible for finance, audit, treasury, tax, investor relations, IT and procurement. From 2014 to 2018, Mr. McMahon served as Chief Financial Officer at Hologic, Inc, a developer, manufacturer and supplier of diagnostics products, medical imaging systems, and surgical products. Prior to Hologic, Mr. McMahon spent 20 years with Johnson & Johnson, a biotechnology, medical technology, and pharmaceutical manufacturer, in various executive financial roles of increasing responsibility. He has also served as an Independent Director at OraSure Technologies, Inc. since 2023.",,DROP,"문단은 특정 인물이 과거 홀로직(HOLX)에서 근무했고 현재 웨스트(WST)에 합류하기 전 다른 회사들을 거쳐왔다는 약력을 설명하며, 두 회사 간의 실제 사업 관계를 명시적으로 서술하지 않음."
INVH↔LEN,SUPPLIES_TO,"SEC 10-K: In addition, Lennar engaged Invitation Homes to provide certain asset management services for the Up",자산 관리 서비스,True,,auto_candidate,pending,True,True,0.95,True,auto_candidate,pending,False,False,False,자산 관리 서비스,"이 문단은 Lennar가 관여하는 ""Upward America Venture""의 구조와 Invitation Homes와의 새로운 계약 관계를 설명하고 있습니다. Lennar는 ""Upward America Venture""의 일반 파트너 소유자이자 관리자로서, 관리 및 인수 수수료를 포함한 다양한 권리를 가집니다. 2024년 4월, Lennar가 깊이 관여하는 ""Upward America Venture""는 Invitation Homes와 합작 투자 계약 및 자산 관리 계약을 체결했습니다. 또한, Lennar는 ""Upward America Venture""를 위한 특정 자산 관리 서비스를 Invitation Homes에 의뢰했습니다. 이는 Invitation Homes가 Lennar가 관리하는 벤처에 대한 합작 투자 파트너이자 자산 관리 및 자산 관리 서비스를 제공하는 서비스 제공업체임을 나타냅니다. Lennar는 주택 건설 및 개발 사업을 영위하고, Invitation Homes는 단독 주택 임대 사업을 하므로, 양사의 전문성이 해당 벤처의 목적에 부합합니다.",truncated,"In addition, Lennar engaged Invitation Homes to provide certain asset management services for the Upward America Venture. 
At November 30, 2025, Upward America had purchased 4,697 homes in 103 communities across 19 metropolitan statistical areas for a total purchase price of $1.2 billion (an average price of $258,000 per home) and disposed of 275 homes for a total sales price of $82.0 million (an average price of $298,000 per home).",LEN 10-K FY2025 · Item 1 사업,INVH: Lennar에 Upward America Venture를 위한 특정 자산 관리 서비스를 제공하도록 계약된 기업. LEN: Invitation Homes와 Upward America Venture를 위한 특정 자산 관리 서비스를 제공하도록 계약한 기업.,,"INVH: 인비테이션 홈즈는 미국 전역에서 고품질의 단독 주택을 임대하는 프리미어 리스 회사입니다.
단독 주택 임대 시장에서 선도적인 위치를 차지하며, 편리한 주거 솔루션을 제공합니다.","LEN: 단독 및 다가구 주택 건설 및 판매, 주거용 토지 개발 및 판매, 임대 주택 관리 등 주택 건설 사업을 영위합니다.
미국에서 레나(Lennar) 브랜드를 중심으로 주택 건설 및 주거용 부동산 관련 금융 서비스를 제공하는 주요 주택 건설사입니다.","As owner of the general partner of Upward America, Lennar has the right to receive, in addition to distributions regarding its own commitments, distributions based on the amounts by which returns to limited partners exceed specified amounts (i.e., carried interests). As the manager of Upward America, Lennar receives management and acquisition fees. Lennar subsidiaries may also receive fees for property management, leasing, construction management and other services that they render through subcontractors. In April 2024, Upward America entered into a joint venture agreement and property management agreement with Invitation Homes. In addition, Lennar engaged Invitation Homes to provide certain asset management services for the Upward America Venture.",,OK,문단에서 레나(LEN)의 벤처인 Upward America가 인비테이션 홈즈(INVH)와 합작 투자 및 자산 관리 서비스 계약을 체결했음이 명시적으로 서술됨.
JBL↔ANET,SUPPLIES_TO,"SEC 10-K: Our primary manufacturing partners are Jabil Inc., Sanmina Corporation and Foxconn Hon Hai.",전자제품 위탁생산,True,,pending,pending,False,True,1.0,True,pending,pending,False,False,False,전자제품 위탁생산,"이 문단은 Arista Networks가 자사 제품의 제조 전략을 설명하며, 대부분의 제품 생산을 계약 제조업체에 위탁하고 있음을 밝히고 있습니다. Jabil은 Arista Networks의 주요 제조 파트너 중 하나로 명시되어 있습니다. Jabil을 포함한 이들 파트너들은 Arista Networks의 제품을 말레이시아, 베트남, 멕시코 등 국제적으로 제조합니다. Arista Networks는 클라우드 네트워킹 솔루션 및 스위칭 플랫폼을 개발하고 판매하며, Jabil은 전자 제품 설계 및 생산 서비스를 제공합니다. 따라서 Jabil은 Arista Networks의 생산 공정에서 핵심적인 외부 제조 서비스를 담당하는 중요한 공급망 협력사입니다. 문서에는 Jabil이 Arista Networks에 구체적으로 어떤 제품을 제조하는지에 대한 상세한 정보는 포함되어 있지 않습니다.",target_absent,"Our primary manufacturing partners are Jabil Inc., Sanmina Corporation and Foxconn Hon Hai. These partners manufacture our products internationally in Malaysia, Vietnam, Mexico and other countries.",ANET 10-K FY2025 · Item 1 사업,JBL: 회사의 주요 제조 파트너 중 하나. ANET: JBL 등을 주요 제조 파트너로 두는 회사.,근거 문장에 상대 종목 미등장 — 관계 근거로 불충분,"JBL: 재빌은 전자 제품 설계, 생산 및 제품 관리 서비스를 포함한 다양한 제조 서비스와 솔루션을 전 세계에 제공합니다.
전자기기 제조 서비스(EMS) 시장에서 광범위한 산업 분야에 걸쳐 첨단 제조 및 공급망 솔루션을 제공하는 주요 기업입니다.","ANET: 아리스타 네트웍스는 클라우드 네트워킹 솔루션과 기가비트 이더넷 스위칭 및 라우팅 플랫폼을 개발, 판매합니다.
인터넷 기업, 서비스 제공업체 등 다양한 산업에 클라우드 기반 네트워크 인프라를 제공하며 글로벌 시장에 진출해 있습니다.","We subcontract the manufacturing of the majority of our products to various contract manufacturers. Our primary manufacturing partners are Jabil Inc., Sanmina Corporation and Foxconn Hon Hai. These partners manufacture our products internationally in Malaysia, Vietnam, Mexico and other countries. We require all our manufacturing locations to be ISO-9001 certified. After manufacturing and testing, the products are shipped to direct fulfillment facilities in the United States, the Netherlands and Singapore for further transformation as needed and distribution. We have four direct fulfillment facilities worldwide to hold finished goods inventory and perform final product configuration and shipping to customers and partners. After distribution, our products are typically installed by customers or by third-party service providers such as system integrators or value-added resellers on their behalf.",,OK,문단에서 아리스타 네트웍스(ANET)가 재빌(JBL)을 자사의 주요 제조 파트너 중 하나로 명시적으로 언급하고 있어 공급 관계가 서술됨.
JNJ↔WST,SUPPLIES_TO,"SEC 10-K: Prior to Hologic, Mr. McMahon spent 20 years with Johnson & Johnson, a biotechnology, medical techno",,False,PARTNER_WITH,pending,pending,False,True,0.0,True,pending,pending,False,False,False,,"이 문단은 웨스트(WST)의 수석 부사장 겸 최고 재무 책임자의 경력을 설명하는 대목으로, 주요 임원의 배경을 투자자에게 알리는 목적을 가집니다. 문단에 따르면, 웨스트의 현 최고 재무 책임자인 McMahon 씨는 웨스트에 합류하기 전 존슨앤드존슨(JNJ)에서 20년간 여러 고위 재무 직책을 역임했습니다. 이는 웨스트의 고위 임원이 과거 존슨앤드존슨에서 오랜 기간 근무하며 전문 경력을 쌓았음을 나타냅니다. 존슨앤드존슨은 혁신 의약품과 의료기기 및 솔루션을, 웨스트는 주사제 포장 및 전달 시스템을 제공하는 회사입니다. 문서에는 존슨앤드존슨과 웨스트 간의 제품 공급, 시장 경쟁, 공동 사업 등 직접적인 사업 관계에 대한 서술은 없습니다. 두 회사는 과거 한 임원의 경력 경로를 통해 연결되어 있습니다.",indirect|target_absent|truncated,"Prior to Hologic, Mr. McMahon spent 20 years with Johnson & Johnson, a biotechnology, medical technology, and pharmaceutical manufacturer, in various executive financial roles of increasing responsibility. He has also served as an Independent Director at OraSure Technologies, Inc.",WST 10-K FY2025 · Item 7 MD&A,JNJ: McMahon 씨가 20년간 재직했던 회사. WST: 미등장.,근거 문장에 상대 종목 미등장 — 관계 근거로 불충분,"JNJ: 존슨앤드존슨은 혁신 의약품과 의료기기 및 솔루션 분야에서 제품을 연구, 개발, 제조, 판매합니다.
글로벌 제약 및 의료기기 시장에서 암, 면역학 등 복잡한 질병 치료와 첨단 수술 솔루션을 제공하는 선도 기업입니다.","WST: 주사제 및 헬스케어 제품을 위한 보관 및 전달 시스템을 설계, 제조, 판매합니다.
제약 및 바이오 산업에서 주사제 포장 및 전달 솔루션 분야의 글로벌 선두 주자입니다.","Senior Vice President & Chief Financial Officer since August 2025. Prior to joining West, he served as the Chief Financial Officer of Agilent Technologies Inc, a provider in application focused solutions that include instruments, software, services and consumables for the entire laboratory workflow. At Agilent, he was responsible for finance, audit, treasury, tax, investor relations, IT and procurement. From 2014 to 2018, Mr. McMahon served as Chief Financial Officer at Hologic, Inc, a developer, manufacturer and supplier of diagnostics products, medical imaging systems, and surgical products. Prior to Hologic, Mr. McMahon spent 20 years with Johnson & Johnson, a biotechnology, medical technology, and pharmaceutical manufacturer, in various executive financial roles of increasing responsibility. He has also served as an Independent Director at OraSure Technologies, Inc. since 2023.",,DROP,"문단은 한 개인의 경력을 서술하며, 해당 개인이 과거 JNJ에서 근무했다고 언급하지만, WST와 JNJ 간의 직접적인 사업 관계를 명시적으로 서술하지 않습니다."
KDP↔PEP,SUPPLIES_TO,"SEC 10-K: Further, PBNA manufactures and distributes certain brands licensed from Keurig Dr Pepper Inc., inclu",음료 브랜드 라이선싱,False,PARTNER_WITH,pending,pending,True,True,1.0,True,pending,pending,False,False,False,음료 브랜드 라이선싱,"이 문단은 펩시코(PEP)의 10-K 보고서에 포함된 것으로 보이며, 펩시코 음료 북미(PBNA) 사업부의 운영 방식과 브랜드 포트폴리오를 설명합니다. 문단에 따르면, 펩시코의 PBNA 사업부는 큐리그 닥터 페퍼(KDP)로부터 라이선스를 받은 특정 브랜드를 제조하고 유통합니다. 이 라이선스 계약에 포함된 브랜드로는 Crush, Dr Pepper, Schweppes 등이 구체적으로 명시되어 있습니다. 이는 큐리그 닥터 페퍼가 이들 브랜드의 라이선스를 펩시코에 제공하여, 펩시코가 해당 제품들을 생산 및 유통하도록 하는 사업적 관계를 맺고 있음을 의미합니다. 큐리그 닥터 페퍼는 커피 시스템과 무알코올 음료를, 펩시코는 다양한 음료와 스낵을 제공하는 회사입니다. 문서에는 두 회사가 동일한 제품군에서 직접적으로 경쟁하는지에 대한 서술은 없습니다.",truncated,"Further, PBNA manufactures and distributes certain brands licensed from Keurig Dr Pepper Inc., including Crush, Dr Pepper and Schweppes, and certain juice brands licensed from Dole Food Company, Inc. and Ocean Spray Cranberries, Inc. PBNA also distributes, in certain channels, brands owned by Celsius Holdings, Inc.",PEP 10-K FY2025 · Item 1 사업,KDP: PBNA에 특정 브랜드를 라이선스한 회사. PEP: 미등장.,,"KDP: K-Cup 포드 및 브루어와 같은 커피 시스템 관련 제품, 포장 음료 및 음료 농축액을 제조 및 유통합니다.
미국 및 국제 시장에서 커피 시스템과 다양한 무알코올 음료를 공급하는 주요 음료 회사입니다.","PEP: 다양한 음료와 스낵 식품을 제조, 마케팅, 유통, 판매하며, 'Frito-Lay', 'Quaker Foods', 'PepsiCo Beverages' 브랜드를 보유합니다.
전 세계 식음료 시장에서 스낵과 음료 부문의 주요 글로벌 선두 기업 중 하나입니다.","Either independently or in conjunction with third parties, PBNA makes, markets and sells beverage concentrates, fountain syrups and finished goods under various beverage brands including Aquafina, Bubly, Diet Mountain Dew, Diet Pepsi, Gatorade, Gatorade Zero, Mountain Dew, Mountain Dew Baja Blast, Pepsi, Pepsi Wild Cherry, Pepsi Zero Sugar and Propel. PBNA operates its own bottling plants and distribution facilities and sells branded finished goods directly to independent distributors and retailers. PBNA also sells concentrate and finished goods for our brands to authorized and independent bottlers, who in turn sell our branded finished goods to independent distributors and retailers in certain markets. PBNA also, either independently or in conjunction with third parties, makes, markets, distributes and sells ready-to-drink tea and coffee products through joint ventures with Unilever (under the Lipton brand name) and Starbucks, respectively. Further, PBNA manufactures and distributes certain brands licensed from Keurig Dr Pepper Inc., including Crush, Dr Pepper and Schweppes, and certain juice brands licensed from Dole Food Company, Inc. and Ocean Spray Cranberries, Inc. PBNA also distributes, in certain channels, brands owned by Celsius Holdings, Inc. (Celsius), including Celsius, Alani Nu and Rockstar. In the United States, PBNA acts as the exclusive distributor for small-format and foodservice customers with chilled direct-store-delivery (DSD) for the portfolio of brands owned by Tropicana Beverages Group (TBG).",,OK,"문단은 PEP가 KDP로부터 특정 브랜드(Crush, Dr Pepper, Schweppes)를 라이선스 받아 제조 및 유통한다고 명시적으로 서술합니다."
LII↔PCAR,SUPPLIES_TO,SEC 10-K: The Company also purchased a significant portion of North America stampings used for cabs from Magna,,False,,pending,pending,False,True,0.0,True,pending,pending,False,False,False,,"이 문단은 PACCAR(PCAR)의 10-K 보고서에서 상업용 트럭의 제조 과정과 부품 조달 방식을 설명하는 대목입니다. PACCAR는 엔진, 변속기, 차축 등 주요 부품을 외부 제조업체로부터 구매하며, 반도체 또한 다양한 공급업체로부터 조달한다고 언급합니다. 문단에는 PACCAR의 주요 부품 공급업체로 Cummins, Eaton, ZF, Magna 등이 명시되어 있습니다. 그러나 Lennox International Inc.(LII)는 이 문단에서 전혀 언급되지 않습니다. Lennox International Inc.는 HVAC 및 냉동 솔루션을, PACCAR는 상업용 트럭을 생산하는 기업입니다. 따라서 문서에는 PACCAR와 Lennox International Inc. 사이에 어떠한 제품 공급, 거래, 경쟁 또는 다른 사업적 관계도 서술되어 있지 않습니다.",target_absent|truncated,"The Company also purchased a significant portion of North America stampings used for cabs from Magna International Inc. (Magna). The Company has long-term agreements with Cummins, Eaton, ZF and Magna to provide for continuity of supply.",PCAR 10-K FY2025 · Item 1 사업,LII: 미등장. PCAR: 미등장.,근거 문장에 상대 종목 미등장 — 관계 근거로 불충분,"LII: 주거용 및 상업용 난방, 환기, 공조(HVAC), 냉동 시장을 위한 다양한 제품을 설계, 제조 및 판매합니다.
미국, 캐나다 및 국제 시장에서 HVAC 및 냉동 솔루션을 제공하는 선도적인 기업입니다.","PCAR: 'Kenworth', 'Peterbilt', 'DAF' 브랜드를 통해 경/중/대형 상업용 트럭을 설계, 제조, 유통하며 부품 및 금융 서비스도 제공합니다.
북미, 유럽 등 전 세계 상업용 트럭 제조 및 유통 시장에서 주요 글로벌 플레이어입니다.","stocking to meet the needs of certain customers who require immediate delivery or for customers that require the chassis to be fitted with specialized bodies. For a significant portion of the Company’s truck operations, major components, such as engines, transmissions and axles, as well as a substantial percentage of other components, are purchased from component manufacturers pursuant to PACCAR and customer specifications. DAF, which is more vertically integrated, manufactures PACCAR engines and axles and a higher percentage of other components for its heavy truck models. The Company also manufactures engines at its Columbus, Mississippi facility. In 2025, the Company installed PACCAR engines in approximately 29% of the Company’s Kenworth and Peterbilt heavy-duty trucks in the U.S. and Canada and substantially all of the DAF heavy-duty trucks sold throughout the world. Engines not manufactured by the Company are purchased from Cummins Inc. (Cummins). The Company purchased a significant portion of its transmissions from Eaton Corporation Plc. (Eaton) and ZF Friedrichshafen AG (ZF). The Company also purchased a significant portion of North America stampings used for cabs from Magna International Inc. (Magna). The Company has long-term agreements with Cummins, Eaton, ZF and Magna to provide for continuity of supply. A loss of supply from Cummins, Eaton, ZF or Magna, and the resulting interruption in the production of trucks, would have a material effect on the Company’s results. Purchased materials and parts include raw materials, partially processed materials, such as castings, and finished components manufactured by independent suppliers. The Company and its suppliers rely on semiconductors as an essential component in the production of its trucks and aftermarket parts. The Company and its suppliers source semiconductors from various suppliers. Raw materials, partially processed materials and finished components typically make up approximately 85% of the cost of new trucks. The value of finished truck components manufactured by independent suppliers is lower in Europe due to a higher level of vertical integration as compared to North America. In addition to mat",,DROP,"문단은 PCAR의 부품 구매처를 상세히 설명하지만 LII를 전혀 언급하지 않으며, 두 회사는 다른 산업군에 속합니다."
MCHP↔EA,SUPPLIES_TO,"SEC 10-K: With the exception of Arrow Electronics, our largest distributor, which accounted for 10% and 12% of",,False,SUPPLIES_TO,pending,pending,True,True,0.0,True,noise_self_contradiction,pending,True,False,False,,"이 문단은 마이크로칩 테크놀로지(MCHP)의 10-K 보고서에 포함되어 있으며, 회사의 제품 판매 및 유통 전략을 설명합니다. 문단에 따르면 마이크로칩 테크놀로지는 매출의 상당 부분을 유통업체를 통해 발생시키며, Arrow Electronics가 가장 큰 유통업체임을 명시합니다. 마이크로칩 테크놀로지는 마이크로컨트롤러 및 반도체 솔루션을 제공하는 기업입니다. Electronic Arts(EA)는 게임 콘텐츠 및 서비스를 개발하고 배급하는 회사입니다. 그러나 이 문단에서 Electronic Arts는 전혀 언급되지 않습니다. 따라서 문서에는 마이크로칩 테크놀로지와 Electronic Arts 간의 제품 공급, 거래, 경쟁 등 어떠한 사업적 관계도 서술되어 있지 않습니다.",truncated,"With the exception of Arrow Electronics, our largest distributor, which accounted for 10% and 12% of our net sales in fiscal 2025 and in fiscal 2024, respectively, no other distributor or direct customer accounted for more than 10% of our net sales in fiscal 2025 or in fiscal 2024. Our distributors focus primarily on servicing the product requirements of a broad base of diverse customers.",MCHP 10-K FY2025 · Item 1A 위험,MCHP: 미등장. EA: 미등장.,,"MCHP: 8비트, 16비트, 32비트 마이크로컨트롤러, 임베디드 마이크로프로세서 등 스마트하고 안전한 임베디드 제어 솔루션을 개발, 제조 및 판매합니다.
자동차, 산업, 통신 등 다양한 응용 분야를 위한 마이크로컨트롤러 및 반도체 솔루션을 제공하는 글로벌 기업입니다.","EA: 게임 콘솔, PC, 모바일 플랫폼용 게임 콘텐츠 및 서비스를 개발, 마케팅, 퍼블리싱, 배급합니다.
FIFA, 매든 NFL, 심즈, 에이펙스 레전드 등 인기 브랜드를 통해 글로벌 비디오 게임 시장의 주요 플레이어입니다.","Distributors accounted for approximately 45% and 47% of our net sales in fiscal 2025 and fiscal 2024, respectively. With the exception of Arrow Electronics, our largest distributor, which accounted for 10% and 12% of our net sales in fiscal 2025 and in fiscal 2024, respectively, no other distributor or direct customer accounted for more than 10% of our net sales in fiscal 2025 or in fiscal 2024. Our distributors focus primarily on servicing the product requirements of a broad base of diverse customers. We believe that distributors provide an effective means of reaching this broad and diverse customer base and that customers recognize Microchip for its products and brand name and use distributors as an effective supply channel.",OK,DROP,"문단은 MCHP의 유통 채널과 주요 유통사를 설명하지만 EA를 전혀 언급하지 않으며, 두 회사는 다른 산업군에 속합니다."
MCK↔ABBV,SUPPLIES_TO,"SEC 10-K: In 2025, three wholesale distributors (McKesson Corporation, Cardinal Health, Inc. and Cencora, Inc.",의약품 도매 유통,True,,pending,pending,False,True,0.6,True,pending,pending,False,True,False,헬스케어·의료기기·제약,"이 문단은 애브비(ABBV)의 10-K 보고서에서 자사의 의약품 유통 방식을 설명하는 대목입니다. 문단에 따르면, 애브비는 미국 내에서 주로 독립 도매 유통업체를 통해 의약품을 유통합니다. 특히 2025년에는 McKesson Corporation(MCK)을 포함한 세 개의 도매 유통업체가 애브비의 미국 내 의약품 판매 대부분을 담당했습니다. 이는 McKesson Corporation이 애브비의 주요 유통 파트너로서 애브비의 의약품을 병원과 약국 등에 공급하는 핵심적인 역할을 한다는 것을 의미합니다. 애브비는 혁신 의약품을 개발, 제조하는 제약회사이고, McKesson은 제약 유통 및 헬스케어 서비스를 제공하는 기업입니다. 문서에는 두 회사가 경쟁 관계에 있는지 또는 McKesson이 애브비의 제품을 독점적으로 유통하는지에 대한 서술은 없습니다.",list|target_absent,"In 2025, three wholesale distributors (McKesson Corporation, Cardinal Health, Inc. and Cencora, Inc.) accounted for substantially all of AbbVie's pharmaceutical product sales in the United States. No individual wholesaler accounted for greater than 43% of AbbVie's 2025 gross revenues in the United States.",ABBV 10-K FY2025 · Item 1 사업,"MCK: AbbVie의 의약품 유통을 담당하는 세 주요 도매 유통업체 중 하나. ABBV: 의약품 제품을 판매하며, McKesson Corporation 등으로부터 유통 서비스를 받는 회사.",근거 문장에 상대 종목 미등장 — 관계 근거로 불충분,"MCK: 미국 및 전 세계적으로 제약 유통, 의료-외과 솔루션, 처방 기술 솔루션 등 다양한 헬스케어 서비스를 제공합니다.
브랜드 의약품, 제네릭 의약품, 전문 의약품 등을 병원, 약국 등에 유통하는 선도적인 글로벌 헬스케어 서비스 기업입니다.","ABBV: 애브비는 전 세계적으로 의약품을 발견, 개발, 제조 및 판매하는 글로벌 제약회사입니다.
자가면역 질환, 종양학, 신경과학 등 다양한 치료 분야에서 혁신적인 치료제를 제공합니다.","In the United States, AbbVie distributes pharmaceutical products principally through independent wholesale distributors, with some sales directly to retailers, pharmacies, patients or other customers. In 2025, three wholesale distributors (McKesson Corporation, Cardinal Health, Inc. and Cencora, Inc.) accounted for substantially all of AbbVie's pharmaceutical product sales in the United States. No individual wholesaler accounted for greater than 43% of AbbVie's 2025 gross revenues in the United States. Outside the United States, AbbVie sells products primarily to wholesalers or through distributors, and depending on the market, works through largely centralized national payers systems to agree on reimbursement terms.",,OK,문단은 ABBV가 MCK를 포함한 세 곳의 도매 유통업체를 통해 미국 내 의약품을 유통한다고 명시적으로 서술합니다.
MCK↔GILD,SUPPLIES_TO,"SEC 10-K: Historically, approximately 90% of our gross product sales in the U.S. have been to three large whol",의약품 유통,True,,pending,pending,False,True,0.8,True,pending,pending,False,False,False,헬스케어·의료기기·제약,"이 문단은 길리어드 사이언시스(GILD)의 10-K 보고서에 포함되어 있으며, 자사의 제품 판매 및 유통 방식을 설명합니다. 문단에 따르면, 길리어드 사이언시스는 미국 내 대부분의 제품을 도매 채널을 통해 판매 및 유통합니다. 특히, McKesson Corporation(MCK)은 Cardinal Health, Cencora와 함께 길리어드 사이언시스의 미국 내 총 제품 판매의 약 90%를 담당했던 세 개의 주요 도매업체 중 하나로 지목됩니다. 이는 McKesson Corporation이 길리어드 사이언시스의 의약품 유통에 있어 핵심적인 역할을 하는 주요 도매 파트너임을 의미합니다. 길리어드 사이언시스는 의약품을 개발하고 상용화하는 바이오 제약 회사이며, McKesson은 제약 유통 서비스를 제공합니다. 문서에는 두 회사 간의 경쟁 관계나 McKesson이 길리어드의 제품을 독점적으로 유통하는지에 대한 서술은 없습니다.",target_absent|truncated,"Historically, approximately 90% of our gross product sales in the U.S. have been to three large wholesalers—Cardinal Health, Inc., Cencora, Inc. and McKesson Corporation—and their specialty distributor affiliates. We sell and distribute our products in Europe and countries outside the U.S.",GILD 10-K FY2025 · Item 1 사업,"MCK: 회사의 주요 제품 판매를 담당하는 세 대형 도매업체 중 하나. GILD: ""our gross product sales"" 및 ""We sell and distribute our products""에서 '우리'로 지칭되는 회사.",근거 문장에 상대 종목 미등장 — 관계 근거로 불충분,"MCK: 미국 및 전 세계적으로 제약 유통, 의료-외과 솔루션, 처방 기술 솔루션 등 다양한 헬스케어 서비스를 제공합니다.
브랜드 의약품, 제네릭 의약품, 전문 의약품 등을 병원, 약국 등에 유통하는 선도적인 글로벌 헬스케어 서비스 기업입니다.","GILD: 미국 및 전 세계적으로 미충족 의료 수요 분야의 의약품을 발굴, 개발 및 상용화하는 바이오 제약 회사입니다.
HIV/AIDS, 코로나19, 간 질환 및 특정 암 치료제를 제공하며, 감염성 질환 및 종양학 분야에서 강력한 입지를 가진 제약 시장의 주요 기업입니다.","We sell and distribute most of our products in the U.S. exclusively through the wholesale channel. Historically, approximately 90% of our gross product sales in the U.S. have been to three large wholesalers—Cardinal Health, Inc., Cencora, Inc. and McKesson Corporation—and their specialty distributor affiliates. We sell and distribute our products in Europe and countries outside the U.S. where the product is approved, either through our commercial teams, third-party distributors or corporate partners.",,OK,문단은 GILD가 MCK를 포함한 세 곳의 대형 도매업체를 통해 미국 내 제품을 판매 및 유통한다고 명시적으로 서술합니다.
MET↔BAX,SUPPLIES_TO,"SEC 10-K: In the United States, third parties, such as Cardinal Health, Inc. and Medline Inc., warehouse and s",,False,PARTNER_WITH,pending,pending,False,True,0.0,True,pending,pending,False,True,False,,"이 문단은 Baxter International Inc.(BAX)의 10-K 보고서에서 자사의 제품 판매 및 유통 방식을 설명하는 대목입니다. 문단에 따르면, Baxter International은 자체 직접 판매 인력 외에도 독립 유통업체, 의약품 도매업체 등을 통해 제품을 판매합니다. 또한, 미국에서는 Cardinal Health 및 Medline Inc.와 같은 제3자가 상당량의 제품을 창고에 보관하고 유통 센터를 통해 배송한다고 언급합니다. MetLife Inc.(MET)는 생명 보험, 연금 및 자산 관리 서비스를 제공하는 회사입니다. 그러나 이 문단에서 MetLife Inc.는 전혀 언급되지 않습니다. 따라서 문서에는 Baxter International Inc.와 MetLife Inc. 사이에 어떠한 제품 공급, 거래, 또는 기타 사업적 관계도 서술되어 있지 않습니다.",list|target_absent|truncated,"In the United States, third parties, such as Cardinal Health, Inc. and Medline Inc., warehouse and ship a significant portion of our products through their distribution centers. These centers are generally stocked with adequate inventories to facilitate prompt customer service.",BAX 10-K FY2025 · Item 1 사업,"MET: 미등장. BAX: ""our products""에서 '우리'로 지칭되는 회사.",근거 문장에 상대 종목 미등장 — 관계 근거로 불충분,"MET: 생명 보험, 치과 보험, 단체/개인 장애 보험, 연금, 직원 복리후생 및 자산 관리 서비스를 전 세계적으로 제공합니다.
미국, 아시아, 라틴 아메리카 등 다양한 지역에서 개인 및 기업 고객에게 포괄적인 보험 및 금융 상품을 제공하는 글로벌 금융 서비스 기업입니다.","BAX: 신장 투석, 정맥 치료, 수술용 생물학적 제제 등 광범위한 헬스케어 제품과 서비스를 개발 및 공급합니다.
병원 및 환자 치료 분야에서 필수 의료 기기 및 솔루션을 제공하는 글로벌 헬스케어 기업입니다.","We have our own direct sales force and also make sales to and through independent distributors, drug wholesalers acting as sales agents and specialty pharmacy or other alternate site providers. In the United States, third parties, such as Cardinal Health, Inc. and Medline Inc., warehouse and ship a significant portion of our products through their distribution centers. These centers are generally stocked with adequate inventories to facilitate prompt customer service. Sales and distribution methods include frequent contact by sales and customer service representatives, automated communications via various electronic purchasing systems, circulation of catalogs and merchandising bulletins, direct-mail campaigns, trade publication presence and advertising.",,DROP,"문단은 BAX의 유통 방식을 설명하며 다른 유통업체를 언급하지만 MET를 전혀 언급하지 않으며, 두 회사는 다른 산업군에 속합니다."
MGM↔O,SUPPLIES_TO,SEC 10-K: MGM Resorts International continues to operate the properties.,부동산 임대,True,,pending,pending,True,True,0.6,True,pending,pending,False,False,False,부동산 임대,"이 문단은 리얼티 인컴(O)의 10-K 보고서에 포함된 것으로 보이며, 변동지분실체(VIE)에 대한 투자 및 회계 처리를 설명합니다. 문단에 따르면, 리얼티 인컴은 특정 파트너십에 우선주 투자를 하고 있으며, 이 파트너십이 소유한 자산의 운영은 MGM 리조트 인터내셔널(MGM)이 계속 담당한다고 명시합니다. 즉, 리얼티 인컴은 해당 파트너십에 재정적으로 투자하고, MGM 리조트 인터내셔널은 그 파트너십의 부동산을 운영하는 간접적인 관계를 가지고 있습니다. 리얼티 인컴은 상업용 부동산을 소유하고 장기 임대하는 리츠이며, MGM은 복합 리조트를 소유 및 운영하는 기업입니다. 문서에는 리얼티 인컴과 MGM 리조트 인터내셔널 사이에 직접적인 사업 계약이나 서비스 제공 관계에 대한 서술은 없습니다.",indirect,"Blackstone retained 
100
% of the common equity ownership of the partnership, and MGM Resorts International continues to operate the properties. We are not the primary beneficiary of the VIE because we do not have the power to direct the activities that most significantly impact the VIE's economic performance.",O 10-K FY2025 · Item 1 사업,"MGM: 해당 자산들을 계속 운영하며, VIE의 주요 수혜자가 아니라고 밝히는 회사. O: 미등장.",,"MGM: 미국 및 마카오에서 카지노, 호텔, 컨벤션, 식당, 엔터테인먼트 등 복합 리조트를 소유 및 운영합니다.
라스베이거스 스트립을 중심으로 온라인 스포츠 베팅 및 i게이밍을 포함한 글로벌 카지노 및 리조트 산업의 선두 주자입니다.","O: 장기 임대 계약을 통해 6,500개 이상의 상업용 부동산을 소유하고, 주주에게 안정적인 월별 배당금을 제공하는 리츠(REIT)입니다.
미국 소매 및 산업용 부동산 리츠 시장에서 '월별 배당 기업'으로 알려진 주요 업체입니다.","% of the common equity ownership of the partnership, and MGM Resorts International continues to operate the properties. We are not the primary beneficiary of the VIE because we do not have the power to direct the activities that most significantly impact the VIE's economic performance. Accordingly, the partnership is not consolidated. Our involvement with the VIE is limited to our investment in preferred equity, which is presented within 'Other assets, net' on our consolidated balance sheets. Our maximum exposure to loss is limited to the carrying value of the investment, as we do not provide financial support to the VIE beyond our contractual investment. As of December 31, 2025, the 'Investment in preferred equity' balance was $",,HOLD,"문단은 MGM이 VIE에 우선주 투자를 했다고 설명하지만, 해당 VIE가 O라고 명시적으로 언급하지 않으며, 두 회사는 부동산 관련 산업에서 간접적으로 연결될 수 있습니다."
MMM↔SOLV,SUPPLIES_TO,"SEC 10-K: Transition Contract Manufacturing Agreement, dated as of March 31, 2024, by and between 3M Company a",,True,,pending,pending,False,True,0.6,True,pending,pending,False,True,False,,"이 문단은 3M Company와 Solventum Corporation 간의 계약 관계를 설명합니다. 2024년 3월 31일 체결된 '전환 계약 제조 계약(Transition Contract Manufacturing Agreement)'에 따라 3M Company가 Solventum Corporation의 계약 제조업체 역할을 합니다. 이는 Solventum Corporation의 사업 운영을 위한 제조 서비스를 3M Company가 제공하고 있음을 의미합니다. 이 계약은 Solventum Corporation의 Form 8-K에서 참조되었으며, 두 회사 간의 비즈니스 전환 과정의 일환으로 체결된 것으로 보입니다. 문서에는 3M Company가 Solventum Corporation을 위해 제조하는 구체적인 제품이나 서비스의 종류, 계약의 재정적 조건 또는 기간에 대한 세부 서술이 없습니다.",list|m&a|target_absent|truncated,"Transition Contract Manufacturing Agreement, dated as of March 31, 2024, by and between 3M Company and Solventum Corporation (3M Company as contract manufacturer) (incorporated by reference from Solventum Corporation's Form 8-K, filed April 4, 2024)*
(10.6)
Stockholder's and Registration's Rights Agreement, dated as of March 31, 2024, by and between 3M Company and Solventum Corporation (incorporated by reference from Solventum Corporation’s Form 8-K, filed April 4, 2024)*
(10.7)
Intellectual Property Cross License Agreement, dated as of March 31, 2024, by and between 3M Company and Solventum Corporation (incorporated by reference from Solventum Corporation’s Form 8-K, filed April 4, 2024)*
(10.8)
3M Trademark Use Agreement, dated as of March 31, 2024, by and between 3M Company and Solventum Corporation (incorporated by reference from Solventum Corporation’s Form 8-K, filed April 4, 2024)*+
(10.9)
Transitional Trademark Cross License Agreement, dated as of March 31, 2024, by and between 3M Company and Solventum Corporation (incorporated by reference from Solventum Corporation’s Form 8-K, filed April 4, 2024)*+
(10.10)
Master Supply Agreement, dated as of March 31, 2024, by and between 3M Company and Solventum Corporation (incorporated by reference from Solventum Corporation’s Form 8-K
, filed April 4, 2024)
(10.11)
Reverse Master Supply Agreement, dated as of March 31, 2024, by and between 3M Company and Solventum Corporation (incorporated by reference from Solventum Corporation’s Form 8-K, filed April 4, 2024)*
(10.12)
Solventum Corporate 2024 Long-Term Incentive Plan, as amended (incorporated by reference from Solventum Corporation’s Registration Statement on Form S-8, filed April 1, 2024)
† 
(10.13)
Solventum 2024 Long-Term Incentive Plan Restricted Stock Unit Awards Agreement (incorporated by reference from Solventum Corporation’s Form 8-K, filed May 17, 2024)
† 
(10.14)
Solventum 2024 Long-Term Incentive Plan Restricted Stock Unit Awards Agreement For Non-Employee Directors (incorporated by reference from Solventum Corporation’s Form 8-K, filed May 17, 2024)
† 
(10.15)
Solventum 2024 Long-Term Incentive Plan Performance Share Unit Awards Agreement (incorporated by reference from Solventum Corporation’s Form 8-K, filed May 17, 2024)
† 
(10.16)
Solventum Annual Incentive Plan (incorporated by reference from Solventum Corporation’s Form 8-K, filed April 4, 2024)
† 
(10.17)
Solventum 2024 Long-Term Incentive Plan Performance Share Unit Awards Agreement (incorporated by reference from Solventum Corporation’s Quarterly Report on Form 10-Q, filed May 9, 2025)
†
(10.18)
Solventum Executive Severance Plan (incorporated by reference from Solventum Corporation’s Form 8-K, filed April 4, 2024)
† 
(10.19)
Solventum VIP Excess Plan (incorporated by reference from Solventum Corporation’s Registration Statement on Form S-8, filed April 1, 2024)
† 
(10.20)
Solventum Employee Stock Purchase Plan (incorporated 
by reference from Solventum Corporation's 
Annual report on Form 10-K, filed February 28, 2025
)
† 
(10.21)
Offer letter with Bryan Hanson, dated August 17, 2023 (incorporated
 
by refere
nce from 
Solventum Corporation's Annual
 Report on Form 10-K
, filed February 28, 2025
)
† 
(10.22)
Offer letter with Wayde McMillan, dated September 22, 2023 (incorporated 
by
 reference from Solventum Corporation's Annual Report on Form 10-K
, filed February 28, 2025
)
† 
(10.23)
Offer letter with Amy Landucci, dated September 22, 2023 (incorporated 
by reference from 
Solventum Corporation's Annual Report on Form 10-K, filed on February 28, 2025
)
† 
(10.24)
Offer letter with Tammy Gomez, dated November 10, 2023 (incorporated 
by
 refere
nce from Solventum Cor
poration's Annual Report on Form 10-K, filed on February 28, 2025)
† 
(10.25)
Offer letter with J. Christopher Barry, dated January 9, 2024 (incorporated 
by
 refere
nce from Solve
ntum Corporation's Annual 
Report on Form 10-K, filed on F
ebruary 2
8
, 2025)
† 
(10.26)
Offer letter 
with
 Heather Knight, dated October 8, 2025 (
filed
 
here
w
ith
)
†
(10.27)
Offer letter with Marcela Kirberger, dated
 October 12, 2023
 
(
filed
 herewith)
† 
(10.28)
Time Sharing Agreement, dated February 
24
, 2026, by and between Solventum Corporation and Wayde McMillan (filed herewith)
†
(10.29)
Solventum Executive Change in Control Severance Plan, as adopted October 30, 2024 (incorporated by reference from Solventum Corporation's Form 8-K, filed November 5, 2024)
† 
106
Table of Contents
 
(10.30)
Five-Year Revolving Credit Agreement
 
of Solventum Corporation, dated as of February 16, 2024
 (
incorporated
 by 
r
e
ference Solventum Corporation's 
Registration Statement on Form 10
,
 filed March 6, 2024)
(10.31)
Delayed Draw Term Loan Agreement of Solventum Corporation, dated as of February 16, 2024 (incorporated by reference Solventum Corporation's Registration Statement on Form 10, filed March 6, 2024)
Filed herewith, unless otherwise indicated:
(19)
Solventum Corporation Insider Trading Policy
(21)
Subsidiaries of the Registrant.
(23)
Consent of independent registered public accounting firm.
(31.1)
Certification of the Chief Executive Officer pursuant to Section 302 of the Sarbanes-Oxley Act of 2002, 18 U.S.C.",SOLV 10-K FY2025 · Item 1 사업,MMM: Solventum Corporation과 여러 계약을 체결한 3M Company. SOLV: 3M Company와 여러 계약을 체결한 Solventum Corporation.,근거 문장에 상대 종목 미등장 — 관계 근거로 불충분,"MMM: 안전 및 산업용 제품, 운송 및 전자 제품, 헬스케어, 소비재 등 다양한 분야에서 기술 기반 제품을 개발, 제조 및 판매합니다.
산업용 연마재부터 의료기기, 소비재에 이르기까지 폭넓은 포트폴리오를 보유한 다각화된 글로벌 기술 기업입니다.","SOLV: 의료 분야의 주요 고객 및 환자 요구를 해결하는 솔루션을 개발, 제조 및 상용화하는 헬스케어 기업입니다.
수술용품, 치과 솔루션, 의료 정보 시스템 및 정화 여과 부문에서 혁신적인 의료 기술을 제공합니다.","Transition Contract Manufacturing Agreement, dated as of March 31, 2024, by and between 3M Company and Solventum Corporation (3M Company as contract manufacturer) (incorporated by reference from Solventum Corporation's Form 8-K, filed April 4, 2024)*",,OK,문단이 3M Company와 Solventum Corporation 간의 계약 제조 합의를 명시적으로 서술하며 3M Company가 계약 제조업체임을 밝힙니다.
MPC↔SRE,SUPPLIES_TO,"SEC 10-K: Our customer contracts for our refined products storage business are structured as long-term, U.S. d",,False,PARTNER_WITH,pending,pending,False,True,0.0,True,pending,pending,False,False,False,,"이 문단은 SI Partners의 정유 제품 저장 사업에 대한 설명 중 고객 계약 부분을 다루고 있습니다. 마라톤 페트롤리엄 코퍼레이션(MPC)은 SI Partners의 정유 제품 저장 사업의 고객 중 하나입니다. SI Partners는 멕시코 내 여러 주에서 가솔린, 디젤, 제트 연료 등 정유 제품의 수령, 저장 및 인도 시스템을 운영하며, MPC와 같은 고객들에게 장기적인 고정 용량 저장 계약을 제공합니다. 이 계약 요율은 각 터미널의 규제 요율과 무관하게 책정됩니다. 문단은 마라톤 페트롤리엄 코퍼레이션과 SI Partners 간의 계약 규모나 정확한 기간에 대해서는 서술하지 않습니다.",target_absent|truncated,"Our customer contracts for our refined products storage business are structured as long-term, U.S. dollar-denominated, firm capacity storage agreements with counterparties including Marathon Petroleum Corporation, Valero Energy Corporation and PEMEX. The contracted rate under these contracts is independent from each terminal’s regulated rate as determined by the CNE.
SI Partners is constructing Louisiana Storage, a 12.5-Bcf salt dome natural gas storage facility to support the PA LNG Phase 1 project.",SRE 10-K FY2025 · Item 7 MD&A,MPC: 정제 제품 저장 사업의 거래 상대방 중 하나인 Marathon Petroleum Corporation. SRE: 미등장.,근거 문장에 상대 종목 미등장 — 관계 근거로 불충분,"MPC: 원유 정제 및 정제 제품 마케팅, 그리고 미드스트림(운송 및 저장) 사업을 주로 미국에서 영위합니다.
운송 연료, 중유, 아스팔트 등 다양한 정제 제품을 생산하며 미국 내 주요 다운스트림 에너지 회사입니다.","SRE: 미국 및 해외에서 에너지 서비스 지주회사로 운영되며, 전력 및 천연가스 서비스를 제공합니다.
샌디에이고 가스 & 일렉트릭, 서던 캘리포니아 가스 컴퍼니를 통해 주요 유틸리티 시장에서 핵심 역할을 합니다.","SI Partners’ refined products storage business develops, constructs, owns and operates systems for the receipt, storage and delivery of refined products, principally gasoline, diesel and jet fuel, throughout the Mexican states of Baja California, Colima, Estado de Mexico, Puebla, Sinaloa and Veracruz for private companies, with a combined storage capacity of 4.6 million barrels fully operating as of December 31, 2025. Our customer contracts for our refined products storage business are structured as long-term, U.S. dollar-denominated, firm capacity storage agreements with counterparties including Marathon Petroleum Corporation, Valero Energy Corporation and PEMEX. The contracted rate under these contracts is independent from each terminal’s regulated rate as determined by the CNE.",,OK,문단이 SRE의 정제 제품 저장 사업 고객 계약에 Marathon Petroleum Corporation이 포함된다고 명시적으로 서술합니다.
MSCI↔BLK,SUPPLIES_TO,"SEC 10-K: Certain of our clients are also significant shareholders, competitors or distributors of our content",,True,,pending,pending,False,False,0.2,True,pending,pending,False,False,False,,"이 문단은 MSCI가 고객, 주주, 콘텐츠 유통업체 및 경쟁자와 맺고 있는 복잡한 관계와 이로 인해 발생할 수 있는 잠재적 이해 상충 위험을 설명합니다. 블랙록(BLK)은 MSCI의 가장 큰 고객 중 하나로 언급됩니다. 나아가 블랙록은 MSCI의 주요 주주, 경쟁자 또는 콘텐츠 유통업체일 가능성이 있어 다층적인 관계를 형성합니다. 이러한 관계는 경쟁 압력을 유발하여 블랙록이 고객 관계를 종료하거나 MSCI의 전략적 결정에 영향을 미칠 수 있습니다. 문서에는 블랙록이 주주, 경쟁자, 유통업체로서 구체적으로 어떤 역할을 하는지에 대한 세부 서술이 없습니다.",target_absent|truncated,"Certain of our clients are also significant shareholders, competitors or distributors of our content, including some of our largest clients, such as BlackRock. This dynamic may introduce competitive pressures that could cause these clients to terminate all or a portion of the relationship and result in a loss of business or reduced revenue or influence our strategic decisions, such as whether to prioritize the client relationship over the development or enhancement of products that directly compete with those clients’ offerings.",MSCI 10-K FY2025 · Item 7 MD&A,MSCI: 문장의 주체 회사 (Our). BLK: MSCI의 대형 고객 중 하나 (BlackRock).,근거 문장에 상대 종목 미등장 — 관계 근거로 불충분,"MSCI: 전 세계 고객에게 투자 의사결정 지원 도구를 제공하며, 지수(Index), 분석(Analytics), ESG 및 기후 솔루션 등을 공급합니다.
상장지수펀드(ETF), 뮤추얼 펀드 등 다양한 금융 상품의 기초 지수를 제공하는 선도적인 글로벌 투자 정보 제공 기업입니다.","BLK: 기관, 중개 및 개인 투자자를 대상으로 투자 관리, 위험 관리 및 자문 서비스를 제공합니다.
세계 최대의 자산운용사 중 하나로, 다양한 투자 포트폴리오와 솔루션을 통해 글로벌 금융 시장에 영향력을 행사합니다.","We have complex relationships with various parties, including clients, shareholders, distributors of our content and competitors, which may present potential conflicts of interest that could adversely affect our business. Certain of our clients are also significant shareholders, competitors or distributors of our content, including some of our largest clients, such as BlackRock. This dynamic may introduce competitive pressures that could cause these clients to terminate all or a portion of the relationship and result in a loss of business or reduced revenue or influence our strategic decisions, such as whether to prioritize the client relationship over the development or enhancement of products that directly compete with those clients’ offerings.",,OK,문단이 BlackRock을 MSCI의 가장 큰 고객 중 하나로 명시하며 복합적인 관계를 서술합니다.
MU↔FTNT,SUPPLIES_TO,"SEC 10-K: Our current manufacturing partners include Accton Technology (“Accton”), IBASE Technology, Inc. (“IB",,False,PARTNER_WITH,pending,pending,False,True,0.0,True,pending,pending,False,True,False,,"이 문단은 Fortinet, Inc.(FTNT)가 보안 어플라이언스 제품 제조를 다양한 계약 제조업체와 원설계 제조업체에 아웃소싱하는 공급망 전략을 설명합니다. Accton Technology, IBASE Technology, Inc., Micro-Star International Co., Senao Networks, Inc., Wistron Corporation 등이 주요 제조 파트너로 언급됩니다. Fortinet은 자체 ASICs를 포함한 하드웨어 제조를 이러한 파트너들에게 맡기며, 제품은 주로 대만에서 생산됩니다. 그러나 이 문단에는 마이크론 테크놀로지, Inc.(MU)에 대한 언급이 전혀 없습니다. 따라서 문서는 마이크론 테크놀로지, Inc.와 Fortinet, Inc. 간의 어떠한 관계도 서술하고 있지 않습니다.",list|target_absent|truncated,"Our current manufacturing partners include Accton Technology (“Accton”), IBASE Technology, Inc. (“IBASE”), Micro-Star International Co. (“Micro-Star”), Senao Networks, Inc. (“Senao”), Wistron Corporation (“Wistron”), and a number of other manufacturers. Approximately 87% of our hardware is manufactured in Taiwan.",FTNT 10-K FY2025 · Item 1 사업,MU 미등장. FTNT 미등장.,근거 문장에 상대 종목 미등장 — 관계 근거로 불충분,"MU: DRAM(동적 랜덤 액세스 메모리), NAND(비휘발성 플래시 메모리), NOR 메모리 등 메모리 및 스토리지 제품을 설계, 제조 및 판매합니다.
컴퓨팅, 네트워킹, 모바일, 스토리지 및 임베디드 시장에 첨단 메모리 솔루션을 제공하는 글로벌 반도체 기업입니다.","FTNT: 전 세계적으로 광범위하고 통합된 자동화된 사이버 보안 솔루션을 제공하며, FortiGate 하드웨어 및 소프트웨어 라이선스를 판매합니다.
방화벽, 침입 방지, 멀웨어 방지 등 다양한 보안 및 네트워킹 기능을 제공하며, 통합 사이버 보안 시장의 선두 주자입니다.","We outsource the manufacturing of our security appliance products to a variety of contract manufacturers and original design manufacturers. Our current manufacturing partners include Accton Technology (“Accton”), IBASE Technology, Inc. (“IBASE”), Micro-Star International Co. (“Micro-Star”), Senao Networks, Inc. (“Senao”), Wistron Corporation (“Wistron”), and a number of other manufacturers. Approximately 87% of our hardware is manufactured in Taiwan. We submit purchase orders to our contract manufacturers that describe the type and quantities of our products to be manufactured, the delivery date and other delivery terms. Once our products are manufactured, they are sent to either our warehouse in California, our warehouse in the Netherlands or to our logistics partner in Taoyuan City, Taiwan, where accessory packaging and quality-control testing are performed. We believe that outsourcing our manufacturing and a substantial portion of our logistics enables us to focus resources on our core competencies. Our proprietary ASICs, which are key to the performance of our appliances, are built by contract manufacturers including Toshiba America Electronic Components, Inc. (“Toshiba America”) and Renesas Electronics America, Inc. (“Renesas”). These contract manufacturers use foundries in Taiwan and Japan operated by either Taiwan Semiconductor Manufacturing Company Limited (“TSMC”) or by the contract manufacturer itself.",,DROP,"문단은 Fortinet의 여러 계약 제조업체를 나열하지만 Micron Technology는 언급하지 않으며, 두 회사는 다른 산업군에 속합니다."
MU↔NVDA,SUPPLIES_TO,"SEC 10-K: We purchase memory from SK Hynix Inc., Micron Technology, Inc., and Samsung.",메모리,True,,pending,pending,False,True,1.0,True,pending,pending,False,True,False,반도체·메모리,"이 문단은 엔비디아 코퍼레이션(NVDA)의 공급망 전략을 설명하며, 특히 제조 역량을 강화하기 위한 공급업체 관계 확장에 중점을 둡니다. 엔비디아는 SK 하이닉스, 마이크론 테크놀로지, Inc.(MU) 및 삼성으로부터 메모리 제품을 구매한다고 명시하고 있습니다. 즉, 마이크론 테크놀로지, Inc.는 엔비디아의 주요 메모리 공급업체 중 하나입니다. 엔비디아는 이들로부터 구매한 메모리를 자사 제품 제조 공정에 활용합니다. 문서에는 마이크론 테크놀로지, Inc.가 엔비디아에 공급하는 특정 메모리 제품의 종류나 거래 규모에 대한 세부 서술이 없습니다.",list|target_absent,"We purchase memory from SK Hynix Inc., Micron Technology, Inc., and Samsung. We utilize CoWoS technology for semiconductor packaging.",NVDA 10-K FY2025 · Item 1 사업,"MU: 회사가 메모리를 구매하는 공급처 중 하나 (Micron Technology, Inc.). NVDA 미등장.",근거 문장에 상대 종목 미등장 — 관계 근거로 불충분,"MU: DRAM(동적 랜덤 액세스 메모리), NAND(비휘발성 플래시 메모리), NOR 메모리 등 메모리 및 스토리지 제품을 설계, 제조 및 판매합니다.
컴퓨팅, 네트워킹, 모바일, 스토리지 및 임베디드 시장에 첨단 메모리 솔루션을 제공하는 글로벌 반도체 기업입니다.","NVDA: 게이밍 및 전문가 시장을 위한 고급 GPU 설계 및 제조, AI 및 시각 컴퓨팅 기술, 모바일 및 자율 주행 SoC 제품을 개발합니다.
전 세계 그래픽 처리 장치(GPU), 인공지능(AI), 데이터 센터 및 자율 주행 기술 시장의 선두 주자입니다.","We have expanded our supplier relationships to build redundancy and resilience in our operations to provide long-term manufacturing capacity aligned with growing customer demand. While currently our supply chain is mainly concentrated in Asia, we are expanding into the U.S. and Latin America. We utilize foundries, such as Taiwan Semiconductor Manufacturing Company Limited, or TSMC, and Samsung Electronics Co., Ltd., or Samsung, to produce our semiconductor wafers. We purchase memory from SK Hynix Inc., Micron Technology, Inc., and Samsung. We utilize CoWoS technology for semiconductor packaging. We engage with independent subcontractors and contract manufacturers such as Hon Hai Precision Industry Co., Ltd., Wistron Corporation, and Fabrinet to perform assembly, testing and packaging of our final products.",,OK,문단이 NVIDIA가 Micron Technology로부터 메모리를 구매한다고 명시적으로 서술합니다.
ON↔LRCX,SUPPLIES_TO,"SEC 10-K: Our customer base includes leading semiconductor memory, foundry, and integrated device manufacturer",반도체 메모리,False,,pending,pending,False,True,0.1,True,pending,pending,False,False,False,반도체·메모리,"이 문단은 람 리서치 코퍼레이션(LRCX)의 고객 기반을 설명하며, 주요 고객 유형으로 반도체 메모리, 파운드리, 그리고 종합 반도체 제조업체(IDM)를 언급합니다. 온세미(ON)는 프로필에 따르면 지능형 감지 및 전력 솔루션을 제공하는 반도체 제조업체로, IDM에 해당합니다. 따라서 온세미는 람 리서치 코퍼레이션이 고객으로 삼는 기업 유형에 속할 수 있습니다. 그러나 이 문단에는 온세미가 람 리서치 코퍼레이션의 특정 고객으로 명시되어 있지 않습니다. 문서는 온세미와 람 리서치 코퍼레이션 간의 구체적인 거래나 계약 관계에 대해 서술하고 있지 않습니다.",target_absent|truncated,"Our customer base includes leading semiconductor memory, foundry, and integrated device manufacturers (“IDMs”) that make products such as non-volatile memory (“NVM”), dynamic random-access memory (“DRAM”), and logic devices. Their continued success is part of our commitment to driving semiconductor breakthroughs that define the next generation.",LRCX 10-K FY2025 · Item 1 사업,ON 미등장. LRCX 미등장.,근거 문장에 상대 종목 미등장 — 관계 근거로 불충분,"ON: 지능형 감지 및 전력 솔루션을 전 세계에 제공하며, 자동차 전동화, 고속 충전, 지속 가능한 에너지 시스템용 반도체 제품을 개발합니다.
자동차, 산업 전력, 에너지 저장 시스템 등 다양한 분야의 반도체 및 지능형 솔루션 시장에서 활동하고 있습니다.","LRCX: 집적회로 제조에 사용되는 반도체 공정 장비를 설계, 제조, 판매하며 리퍼비시 및 서비스도 제공합니다.
증착, 식각, 세정 등 반도체 웨이퍼 가공을 위한 첨단 장비 및 솔루션을 제공하는 글로벌 선도 기업입니다.","Our customer base includes leading semiconductor memory, foundry, and integrated device manufacturers (“IDMs”) that make products such as non-volatile memory (“NVM”), dynamic random-access memory (“DRAM”), and logic devices. Their continued success is part of our commitment to driving semiconductor breakthroughs that define the next generation. Our core technical competency is integrating hardware, process, materials, software, and process control enabling results on the wafer.",,HOLD,"문단이 Lam Research의 고객 유형에 IDM(통합 디바이스 제조업체)이 포함된다고 설명하지만, ON Semiconductor를 명시적으로 언급하지는 않습니다."
ON↔ON,SUPPLIES_TO,"SEC 10-K: On October 27, 2025, we completed the acquisition of rights to Vcore power technologies, including a",Vcore 전력 기술,False,PARTNER_WITH,pending,pending,True,True,0.8,True,pending,pending,False,False,False,에너지·유전·수처리,"이 문단은 온세미(ON)가 자사의 사업 포트폴리오를 확장하기 위해 수행한 전략적 활동을 설명합니다. 2025년 10월 27일, 온세미는 Aura Semiconductor로부터 Vcore 전력 기술에 대한 권리 및 관련 지적 재산권 라이선스를 인수했습니다. 이 인수를 통해 온세미는 자사의 전력 관리 포트폴리오를 강화했습니다. 총 인수 대금은 최대 1억 4,400만 달러이며, 일부는 현금으로 지급되었고 나머지는 특정 제품의 수락 및 인도, 그리고 2030년까지의 매출 목표 달성에 따라 지급될 예정입니다. 이 문단은 온세미(ON)가 M&A 활동을 통해 외부 기업의 기술을 획득하는 과정을 서술합니다.",m&a|truncated,"On October 27, 2025, we completed the acquisition of rights to Vcore power technologies, including associated intellectual property licenses, from Aura Semiconductor enhancing our power management portfolio. The total purchase consideration is up to $144 million, subject to customary purchase price adjustments, with $7 million paid in cash at close.",ON 10-K FY2025 · Item 1 사업,"ON: Vcore 전력 기술 권리를 인수한 회사 (we/our). ON: 문장 내 다른 역할을 수행하지 않으므로, Vcore 전력 기술 권리를 인수한 회사 (we/our).",,"ON: 지능형 감지 및 전력 솔루션을 전 세계에 제공하며, 자동차 전동화, 고속 충전, 지속 가능한 에너지 시스템용 반도체 제품을 개발합니다.
자동차, 산업 전력, 에너지 저장 시스템 등 다양한 분야의 반도체 및 지능형 솔루션 시장에서 활동하고 있습니다.","ON: 지능형 감지 및 전력 솔루션을 전 세계에 제공하며, 자동차 전동화, 고속 충전, 지속 가능한 에너지 시스템용 반도체 제품을 개발합니다.
자동차, 산업 전력, 에너지 저장 시스템 등 다양한 분야의 반도체 및 지능형 솔루션 시장에서 활동하고 있습니다.","On October 27, 2025, we completed the acquisition of rights to Vcore power technologies, including associated intellectual property licenses, from Aura Semiconductor enhancing our power management portfolio. The total purchase consideration is up to $144 million, subject to customary purchase price adjustments, with $7 million paid in cash at close. Of the total purchase price, $72 million is payable upon acceptance and delivery of specified products and the remaining $72 million is contingent upon the achievement of certain revenue milestones through 2030.",,DROP,"문단은 ON Semiconductor가 Aura Semiconductor를 인수한 내용을 서술하며, ON Semiconductor와 ON Semiconductor 간의 관계는 명시적으로 설명하지 않습니다."
PNR↔POOL,SUPPLIES_TO,"SEC 10-K: Our largest suppliers are Pentair plc, Zodiac Pool Systems, Inc. and Hayward Holdings, Inc., which a",수영장 용품,True,,auto_candidate,pending,True,True,0.95,True,auto_candidate,pending,False,True,False,수영장 용품,"이 문단은 Pool Corporation(POOL)이 주요 공급업체에 의존하는 관계와 그에 따른 위험을 설명합니다. 펜테어 plc(PNR)는 Pool Corporation의 가장 큰 공급업체로, 2025년 Pool Corporation이 판매한 제품 원가의 20%를 차지했습니다. 이는 펜테어 plc가 Pool Corporation에게 중요한 제품을 공급하는 관계임을 나타냅니다. Pool Corporation은 펜테어 plc와 같은 주요 공급업체가 자사 유통 채널을 우회하여 제품을 직접 판매하거나, 운영에 어려움을 겪을 경우 사업에 부정적인 영향을 미칠 수 있다고 언급합니다. 문서에는 펜테어 plc가 Pool Corporation에 공급하는 구체적인 제품의 종류에 대한 서술이 없습니다.",list|truncated,"However, any failure to maintain favorable relationships with our suppliers could have an adverse effect on our business.
Our largest suppliers are Pentair plc, Zodiac Pool Systems, Inc. and Hayward Holdings, Inc., which accounted for 20%, 12% and 11%, respectively, of the costs of products we sold in 2025. A decision by our largest suppliers, acting individually or in concert, to sell their products directly to retailers or other end users, bypassing distribution companies like ours, would have an adverse effect on our business.",POOL 10-K FY2025 · Item 7 MD&A,PNR: 회사의 가장 큰 공급업체 중 하나 (Pentair plc). POOL 미등장.,,"PNR: 주거용 및 상업용 수영장 장비, 액세서리 및 수처리 제품과 시스템을 포함한 다양한 수자원 솔루션을 전 세계에 제공합니다.
소비자 및 산업용 수자원 관리 및 유체 기술 솔루션 시장에서 활동하는 글로벌 기업입니다.","POOL: 수영장 용품, 장비 및 관련 레저 제품(화학 약품, 필터, 펌프, 온수 욕조, 풀 키트 등)을 미국 및 전 세계에 유통합니다.
전 세계 수영장 용품 및 레저 제품 유통 시장의 최대 도매업체입니다.","Our largest suppliers are Pentair plc, Zodiac Pool Systems, Inc. and Hayward Holdings, Inc., which accounted for 20%, 12% and 11%, respectively, of the costs of products we sold in 2025. A decision by our largest suppliers, acting individually or in concert, to sell their products directly to retailers or other end users, bypassing distribution companies like ours, would have an adverse effect on our business. Additionally, if our suppliers experience difficulties or disruptions in their operations, if there is any material interruption in our supply",,OK,문단이 Pentair plc가 POOL의 가장 큰 공급업체 중 하나임을 명시적으로 서술합니다.
PWR↔PWR,SUPPLIES_TO,SEC 10-K: Quanta’s Underground and Infrastructure segment provides comprehensive infrastructure solutions to c,인프라 솔루션,True,,pending,pending,True,True,0.6,True,pending,pending,False,False,False,기타,"이 문단은 Quanta Services가 자사의 'Underground and Infrastructure' 사업 부문을 통해 제공하는 서비스와 활동을 설명하며, 회사 운영의 세부 맥락을 제공합니다. Quanta Services의 이 부문은 천연가스, 석유 및 기타 제품의 운송, 분배, 저장, 개발 및 가공과 관련된 고객에게 포괄적인 인프라 솔루션을 제공합니다. 또한, 촉매 교체, 고압 및 핵심 경로 턴어라운드 서비스 등을 통해 중류 및 하류 산업 에너지 시장에도 서비스를 제공합니다. 더불어, 기술, 반도체, 헬스케어 등 다양한 산업의 대규모 시설을 위한 턴키 기계 배관 및 공정 인프라 솔루션도 제공합니다. 두 회사는 동일한 Quanta Services를 지칭하므로, 이 문단은 해당 회사의 특정 사업 부문의 기능과 시장 범위를 서술하고 있습니다. 문서에는 이 사업 부문이 Quanta Services 내 다른 사업 부문과 어떻게 연관되는지에 대한 구체적인 내용은 서술되어 있지 않습니다.",truncated,"Quanta’s Underground and Infrastructure segment provides comprehensive infrastructure solutions to customers involved in the transportation, distribution, storage, development and processing of natural gas, oil and other products. Services include, but are not limited to design, engineering, procurement, new construction, upgrade and repair and maintenance services for natural gas systems for gas utility customers; pipeline construction protection, integrity testing, rehabilitation and replacement services; and civil solutions.",PWR 10-K FY2025 · Item 1 사업,PWR: 지하 및 인프라 부문을 가진 회사 (Quanta). PWR: 지하 및 인프라 부문을 가진 회사 (Quanta).,,"PWR: 전력 전송 및 배전 인프라, 변전소 시설의 설계, 건설, 유지보수를 포함한 전문 계약 서비스를 전 세계에 제공합니다.
전력 인프라 솔루션, 스마트 그리드 기술 및 상업/산업용 배선 시장에서 활동하는 주요 기업입니다.","PWR: 전력 전송 및 배전 인프라, 변전소 시설의 설계, 건설, 유지보수를 포함한 전문 계약 서비스를 전 세계에 제공합니다.
전력 인프라 솔루션, 스마트 그리드 기술 및 상업/산업용 배선 시장에서 활동하는 주요 기업입니다.","Quanta’s Underground and Infrastructure segment provides comprehensive infrastructure solutions to customers involved in the transportation, distribution, storage, development and processing of natural gas, oil and other products. Services include, but are not limited to design, engineering, procurement, new construction, upgrade and repair and maintenance services for natural gas systems for gas utility customers; pipeline construction protection, integrity testing, rehabilitation and replacement services; and civil solutions. Additionally, Quanta serves the midstream and downstream industrial energy markets through catalyst replacement services, high-pressure and critical-path turnaround services, instrumentation and electrical services, piping, fabrication and storage tank services. In addition, this segment provides turnkey mechanical plumbing and process infrastructure solutions for large load facilities in the technology, semiconductor, healthcare and other industries.",,DROP,"문단은 동일 회사(PWR)의 사업 부문 활동을 설명하며, 두 회사 간의 관계를 서술하지 않는다."
SATS↔AMT,SUPPLIES_TO,"SEC 10-K: For example, during the second half of 2025, Echostar Corporation, parent company to DISH, announced",,False,,pending,pending,True,True,0.0,True,pending,pending,False,True,False,,"이 문단은 American Tower Corporation (AMT)이 고객사의 자본 조달 어려움이 자사 사업에 미칠 수 있는 위험을 설명하는 맥락에서 작성되었습니다. Echostar Corporation (SATS의 모회사이자 DISH의 모회사)은 American Tower Corporation의 고객 중 하나였습니다. Echostar는 2025년 하반기에 상당량의 스펙트럼 라이선스 판매 계약을 발표하고, 이후 5G VoNR 및 광대역 네트워크 구축의 일부를 포기하고 해체하기 시작했습니다. 이러한 Echostar의 사업 축소는 American Tower Corporation에 직접적인 영향을 미쳤는데, DISH는 2025년 American Tower Corporation의 총 연간 부동산 매출의 약 2%, 미국 및 캐나다 총 연간 부동산 매출의 약 4%를 차지했습니다. 따라서 Echostar/DISH의 사업 활동은 American Tower Corporation의 통신 인프라 및 서비스 사업에 대한 수요를 감소시키는 결과를 초래했습니다. 문서에는 American Tower Corporation이 Echostar/DISH에 제공한 통신 인프라나 서비스의 구체적인 유형에 대한 자세한 서술은 없습니다.",list|truncated,"For example, during the second half of 2025, Echostar Corporation, parent company to DISH, announced agreements to sell a material amount of spectrum licenses, and subsequently began to abandon and decommission deployment of portions of its 5G VoNR and broadband network. DISH represented approximately 2% and 4% of our total annual property revenue and total annual U.S.",AMT 10-K FY2025 · Item 7 MD&A,SATS 미등장. AMT 미등장.,,"SATS: 전 세계적으로 네트워크 기술 및 서비스를 제공하며, 광대역 통신 및 위성 서비스를 주력으로 합니다.
정부 및 기업 고객에게 '휴즈(Hughes)' 브랜드로 광대역 위성 기술과 관리 서비스를 제공하는 선도적인 기업입니다.","AMT: 아메리칸 타워 코퍼레이션은 약 219,000개의 통신 사이트를 보유한 멀티테넌트 통신 부동산의 독립적인 소유자, 운영자 및 개발자입니다.
전 세계적으로 가장 큰 글로벌 REITs(부동산 투자 신탁) 중 하나로, 무선 통신 인프라 시장을 선도합니다.","In addition, many of our customers and potential customers rely on capital raising activities to fund their operations and capital expenditures, which may be more difficult or expensive in the event of downturns in the economy or disruptions in the financial and credit markets, including those caused by factors such as inflation, currency devaluations and other foreign currency exchange rate volatility, higher interest rates and supply chain disruptions. If our customers or potential customers are unable to raise adequate capital to fund their business plans or face capital constraints, they may reduce their spending, file for bankruptcy, reduce or terminate their operations or exit certain markets, which could materially and adversely affect demand for our communications infrastructure and our services business. For example, during the second half of 2025, Echostar Corporation, parent company to DISH, announced agreements to sell a material amount of spectrum licenses, and subsequently began to abandon and decommission deployment of portions of its 5G VoNR and broadband network. DISH represented approximately 2% and 4% of our total annual property revenue and total annual U.S. & Canada property revenue, respectively, for 2025.",,DROP,"문단은 AMT와 DISH 간의 고객 관계를 서술하지만, SATS에 대한 언급은 없으므로 두 회사 간의 관계를 명시하지 않는다."
SNDK↔ANET,SUPPLIES_TO,"SEC 10-K: Our primary manufacturing partners are Jabil Inc., Sanmina Corporation and Foxconn Hon Hai.",,False,PARTNER_WITH,pending,pending,False,True,0.0,True,pending,pending,False,False,False,,"이 문단은 Arista Networks (ANET)가 제품 제조를 아웃소싱하는 공급망 전략을 설명하는 맥락에서 작성되었습니다. 문단에 따르면, Arista Networks는 자사 제품의 대부분을 다양한 계약 제조업체에 위탁 생산하며, 주요 제조 파트너 중 하나로 ""Sanmina Corporation""을 명시하고 있습니다. 그러나 주어진 회사 프로필에서 SNDK는 SanDisk를 나타내며, SanDisk는 낸드 플래시 기술 기반의 스토리지 장치 및 솔루션을 개발, 제조, 공급하는 회사입니다. 따라서 문단에서는 Arista Networks (ANET)와 SanDisk (SNDK) 사이의 직접적인 관계가 서술되어 있지 않습니다. 문서는 Arista Networks가 Sanmina Corporation과 제조 파트너 관계를 맺고 있다고 언급하지만, SanDisk와의 관계는 언급하지 않습니다.",target_absent,"Our primary manufacturing partners are Jabil Inc., Sanmina Corporation and Foxconn Hon Hai. These partners manufacture our products internationally in Malaysia, Vietnam, Mexico and other countries.",ANET 10-K FY2025 · Item 1 사업,SNDK 미등장. ANET 미등장.,근거 문장에 상대 종목 미등장 — 관계 근거로 불충분,"SNDK: 낸드 플래시 기술 기반의 스토리지 장치 및 솔루션을 개발, 제조, 공급합니다.
솔리드 스테이트 드라이브, 임베디드 제품 및 이동식 카드 등 플래시 메모리 시장의 주요 기업입니다.","ANET: 아리스타 네트웍스는 클라우드 네트워킹 솔루션과 기가비트 이더넷 스위칭 및 라우팅 플랫폼을 개발, 판매합니다.
인터넷 기업, 서비스 제공업체 등 다양한 산업에 클라우드 기반 네트워크 인프라를 제공하며 글로벌 시장에 진출해 있습니다.","We subcontract the manufacturing of the majority of our products to various contract manufacturers. Our primary manufacturing partners are Jabil Inc., Sanmina Corporation and Foxconn Hon Hai. These partners manufacture our products internationally in Malaysia, Vietnam, Mexico and other countries. We require all our manufacturing locations to be ISO-9001 certified. After manufacturing and testing, the products are shipped to direct fulfillment facilities in the United States, the Netherlands and Singapore for further transformation as needed and distribution. We have four direct fulfillment facilities worldwide to hold finished goods inventory and perform final product configuration and shipping to customers and partners. After distribution, our products are typically installed by customers or by third-party service providers such as system integrators or value-added resellers on their behalf.",,DROP,"문단은 ANET의 제조 하도급 파트너에 대해 설명하지만, SNDK에 대한 언급이 없어 두 회사 간의 관계를 명시하지 않는다."
SRE↔NUE,SUPPLIES_TO,"SEC 10-K: Oncor also provides distribution services, consisting of retail delivery services to retail electric",,False,SUPPLIES_TO,pending,pending,False,True,0.0,True,noise_self_contradiction,pending,True,False,False,,"이 문단은 Sempra Energy (SRE)의 자회사인 Oncor가 텍사스에서 운영하는 전력 전송 및 배전 시스템의 역할과 서비스를 설명하는 맥락에서 작성되었습니다. Oncor는 텍사스에서 가장 큰 전송 및 배전 시스템을 운영하며, 410만 가구 및 기업에 전기를 공급하고 있습니다. Oncor는 소매 전기 공급업체, 비계열 배전 회사, 전기 협동조합 및 지방자치단체 소유 유틸리티에 도매 전송 및 배전 서비스를 제공하며, 직접 전기를 판매하거나 구매하지는 않습니다. 그러나 문단 전체에서 Nucor (NUE)에 대한 어떠한 언급도 찾을 수 없습니다. 따라서 문서에는 Sempra Energy (SRE)의 Oncor 사업과 Nucor (NUE) 사이에 어떠한 관계도 서술되어 있지 않습니다.",target_absent|truncated,"Oncor also provides distribution services, consisting of retail delivery services to retail electric providers that sell electricity to end-use customers, as well as wholesale delivery services to electric cooperatives and municipally owned utilities. At December 31, 2025, Oncor’s distribution business customers primarily consisted of over 100 retail electric providers that sell the electricity it distributes to consumers in its certificated service areas.
Oncor’s revenues and results of operations are subject to seasonality, weather conditions and other electricity usage drivers, with revenues being highest in the summer.",SRE 10-K FY2025 · Item 7 MD&A,SRE 미등장. NUE 미등장.,근거 문장에 상대 종목 미등장 — 관계 근거로 불충분,"SRE: 미국 및 해외에서 에너지 서비스 지주회사로 운영되며, 전력 및 천연가스 서비스를 제공합니다.
샌디에이고 가스 & 일렉트릭, 서던 캘리포니아 가스 컴퍼니를 통해 주요 유틸리티 시장에서 핵심 역할을 합니다.","NUE: 열연, 냉연, 아연도금 강판, 강판 제품, 빔 및 봉강 제품 등 다양한 철강 및 철강 제품을 제조 및 판매합니다.
북미(미국, 캐나다, 멕시코) 지역의 철강 산업 시장에서 주요 생산 및 유통 업체 중 하나입니다.","Oncor operates the largest transmission and distribution system in Texas based on the number of end-use customers and miles of transmission and distribution lines. Oncor delivers electricity to more than 4.1 million homes and businesses and operates more than 145,000 circuit miles of transmission and distribution lines as of December 31, 2025 in a territory with an estimated population of approximately 14 million. The majority of consumers of the electricity Oncor delivers are free to choose their electricity supplier from retail electric providers who compete for their business. Oncor is not a seller of electricity, nor does it purchase electricity for resale. Oncor provides wholesale transmission services to its electricity distribution business as well as non-affiliated electricity distribution companies, electric cooperatives and municipally owned utilities. Oncor also provides distribution services, consisting of retail delivery services to retail electric providers that sell electricity to end-use customers, as well as wholesale delivery services to electric cooperatives and municipally owned utilities. At December 31, 2025, Oncor’s distribution business customers primarily consisted of over 100 retail electric providers that sell the electricity it distributes to consumers in its certificated service areas.",HOLD,DROP,"문단은 SRE 관련 회사인 Oncor의 에너지 서비스 사업을 설명하지만, NUE에 대한 언급이 없어 두 회사 간의 관계를 명시하지 않는다."
TSM↔AVGO,SUPPLIES_TO,"SEC 10-K: The majority of our front-end wafer manufacturing operations is outsourced to external foundries, in",반도체 파운드리,True,,pending,pending,False,True,0.9,True,pending,pending,False,False,False,반도체·메모리,"이 문단은 Broadcom (AVGO)이 효율적인 글로벌 공급망을 유지하기 위해 채택한 제조 아웃소싱 전략을 설명하는 맥락에서 작성되었습니다. Broadcom (AVGO)은 자사 제품의 대부분의 제조 작업을 외부 파운드리 및 조립 및 테스트 역량에 위탁하고 있습니다. 특히, Broadcom은 전면 웨이퍼 제조 작업의 대부분을 Taiwan Semiconductor Manufacturing Company Limited (TSMC, TSM)를 포함한 외부 파운드리에 아웃소싱합니다. 또한, Broadcom은 상당수의 조립 및 테스트 작업에 대해서도 TSMC를 활용합니다. 이는 Broadcom이 TSMC로부터 반도체 제품 제조, 조립 및 테스트 서비스를 공급받는 중요한 고객-공급업체 관계를 형성하고 있음을 보여줍니다. 문서에는 이 두 회사 간의 경쟁 관계나 다른 형태의 협력에 대한 구체적인 서술은 없습니다.",target_absent|truncated,"The majority of our front-end wafer manufacturing operations is outsourced to external foundries, including Taiwan Semiconductor Manufacturing Company Limited (“TSMC”). We use third-party CMs for a significant majority of our assembly and test operations, including TSMC, Advanced Semiconductor Engineering, Inc., Foxconn Technology Group, Amkor Technology, Inc.",AVGO 10-K FY2025 · Item 1 사업,TSM: AVGO(화자)의 웨이퍼 제조를 아웃소싱하는 외부 파운드리이자 조립 및 테스트 작업을 수행하는 타사 계약 제조업체 중 하나. AVGO: 자체 웨이퍼 제조 및 조립/테스트 작업을 외부 업체에 아웃소싱하는 주체.,근거 문장에 상대 종목 미등장 — 관계 근거로 불충분,"TSM: 반도체 위탁 생산(파운드리) 서비스를 제공하며 다양한 전자제품의 핵심 칩을 만듭니다.
세계 최대 규모이자 기술 선두 주자인 독립 반도체 파운드리 기업입니다. (일반 지식 기반)","AVGO: 브로드컴은 반도체 및 인프라 소프트웨어 솔루션을 설계, 개발, 판매하는 글로벌 기술 기업입니다.
데이터 센터, 광대역 통신, 엔터프라이즈 스토리지 등 다양한 최종 시장에서 선도적인 위치를 차지합니다. (일반 지식 기반)","We focus on maintaining an efficient global supply chain and a variable, low-cost operating model. Accordingly, we outsource a majority of our manufacturing operations, utilizing third-party foundry and assembly and test capabilities, as well as some of our corporate infrastructure functions. The majority of our front-end wafer manufacturing operations is outsourced to external foundries, including Taiwan Semiconductor Manufacturing Company Limited (“TSMC”). We use third-party CMs for a significant majority of our assembly and test operations, including TSMC, Advanced Semiconductor Engineering, Inc., Foxconn Technology Group, Amkor Technology, Inc. and Siliconware Precision Industries Co., Ltd. We use our internal fabrication facilities for products utilizing our innovative and proprietary processes, such as our FBAR filters for wireless communications and our vertical-cavity surface emitting laser and side emitting lasers based on gallium arsenide (“GaAs”) and indium phosphide (“InP”) lasers for fiber optic communications, while outsourcing commodity processes such as standard CMOS. By doing so, we can protect our IP and accelerate time to market for our products. The majority of our internal III-V semiconductor wafer fabrication is done in the U.S. and Singapore.",,OK,문단이 AVGO(우리)가 TSM을 포함한 외부 파운드리에 웨이퍼 제조를 위탁한다고 명시적으로 서술하여 TSM이 AVGO의 공급업체임을 보여준다.
TSM↔FTNT,SUPPLIES_TO,SEC 10-K: These contract manufacturers use foundries in Taiwan and Japan operated by either Taiwan Semiconduct,,False,SUPPLIES_TO,pending,pending,False,True,0.0,True,noise_self_contradiction,pending,True,False,False,,"이 문단은 Fortinet (FTNT)이 보안 어플라이언스 제품의 제조를 아웃소싱하는 공급망 구조를 설명하는 맥락에서 작성되었습니다. Fortinet은 자사의 보안 어플라이언스 제품 제조를 다양한 계약 제조업체 및 ODM(Original Design Manufacturer)에 위탁합니다. Fortinet 제품 성능의 핵심인 독점적인 ASIC(주문형 반도체)은 도시바 아메리카 및 르네사스와 같은 계약 제조업체에 의해 제작됩니다. 이 계약 제조업체들은 Taiwan Semiconductor Manufacturing Company Limited (TSMC, TSM)가 운영하는 또는 해당 계약 제조업체 자체가 운영하는 대만 및 일본의 파운드리를 이용합니다. 따라서 Fortinet과 TSMC는 직접적인 고객-공급업체 관계를 맺고 있지는 않지만, TSMC는 Fortinet의 계약 제조업체에 반도체 제조 서비스를 제공함으로써 Fortinet의 핵심 제품 생산에 간접적으로 기여하고 있습니다. 문서에는 Fortinet과 TSMC 사이의 직접적인 계약 관계나 기타 협력에 대한 서술은 없습니다.",indirect|target_absent|truncated,"These contract manufacturers use foundries in Taiwan and Japan operated by either Taiwan Semiconductor Manufacturing Company Limited (“TSMC”) or by the contract manufacturer itself.
The components included in our products are sourced from various suppliers by us or, more frequently, by our contract manufacturers. Some of the components important to our business, including certain Central Processing Units (“CPUs”) from Intel Corporation (“Intel”) and Advanced Micro Devices, Inc.",FTNT 10-K FY2025 · Item 1 사업,TSM: 계약 제조업체들이 사용하는 대만 및 일본 파운드리 운영사 중 하나. FTNT: 제품 부품을 조달하거나 계약 제조업체를 통해 조달하는 주체.,근거 문장에 상대 종목 미등장 — 관계 근거로 불충분,"TSM: 반도체 위탁 생산(파운드리) 서비스를 제공하며 다양한 전자제품의 핵심 칩을 만듭니다.
세계 최대 규모이자 기술 선두 주자인 독립 반도체 파운드리 기업입니다. (일반 지식 기반)","FTNT: 전 세계적으로 광범위하고 통합된 자동화된 사이버 보안 솔루션을 제공하며, FortiGate 하드웨어 및 소프트웨어 라이선스를 판매합니다.
방화벽, 침입 방지, 멀웨어 방지 등 다양한 보안 및 네트워킹 기능을 제공하며, 통합 사이버 보안 시장의 선두 주자입니다.","We outsource the manufacturing of our security appliance products to a variety of contract manufacturers and original design manufacturers. Our current manufacturing partners include Accton Technology (“Accton”), IBASE Technology, Inc. (“IBASE”), Micro-Star International Co. (“Micro-Star”), Senao Networks, Inc. (“Senao”), Wistron Corporation (“Wistron”), and a number of other manufacturers. Approximately 87% of our hardware is manufactured in Taiwan. We submit purchase orders to our contract manufacturers that describe the type and quantities of our products to be manufactured, the delivery date and other delivery terms. Once our products are manufactured, they are sent to either our warehouse in California, our warehouse in the Netherlands or to our logistics partner in Taoyuan City, Taiwan, where accessory packaging and quality-control testing are performed. We believe that outsourcing our manufacturing and a substantial portion of our logistics enables us to focus resources on our core competencies. Our proprietary ASICs, which are key to the performance of our appliances, are built by contract manufacturers including Toshiba America Electronic Components, Inc. (“Toshiba America”) and Renesas Electronics America, Inc. (“Renesas”). These contract manufacturers use foundries in Taiwan and Japan operated by either Taiwan Semiconductor Manufacturing Company Limited (“TSMC”) or by the contract manufacturer itself.",OK,OK,문단이 FTNT(우리)의 ASIC을 생산하는 계약 제조업체들이 TSM의 파운드리를 이용한다고 명시적으로 서술하여 TSM이 FTNT의 간접 공급업체임을 보여준다.
TSM↔NVDA,SUPPLIES_TO,"SEC 10-K: We utilize foundries, such as Taiwan Semiconductor Manufacturing Company Limited, or TSMC, and Samsu",반도체 파운드리,True,,pending,pending,False,True,1.0,True,pending,pending,False,True,False,반도체·메모리,"이 문단은 Nvidia (NVDA)가 증가하는 고객 수요에 맞춰 장기적인 제조 역량을 확보하기 위해 공급업체 관계를 확장하는 공급망 전략을 설명하는 맥락에서 작성되었습니다. Nvidia는 자사의 반도체 웨이퍼를 생산하기 위해 Taiwan Semiconductor Manufacturing Company Limited (TSMC, TSM)와 같은 파운드리를 활용합니다. 이는 Nvidia가 TSMC로부터 핵심 반도체 웨이퍼 제조 서비스를 직접적으로 공급받는 중요한 고객-공급업체 관계를 나타냅니다. TSMC는 Nvidia 제품의 핵심 부품 생산에 필수적인 역할을 수행합니다. 문서에는 TSMC가 Nvidia의 전체 웨이퍼 생산에서 차지하는 비중이나 이들 회사 간의 연구 개발 협력과 같은 다른 관계 축은 서술되어 있지 않습니다.",list|target_absent|truncated,"We utilize foundries, such as Taiwan Semiconductor Manufacturing Company Limited, or TSMC, and Samsung Electronics Co., Ltd., or Samsung, to produce our semiconductor wafers. We purchase memory from SK Hynix Inc., Micron Technology, Inc., and Samsung.",NVDA 10-K FY2025 · Item 1 사업,TSM: NVDA(화자)가 반도체 웨이퍼 생산을 위해 이용하는 파운드리 중 하나. NVDA: 반도체 웨이퍼 생산을 위해 파운드리를 이용하는 주체.,근거 문장에 상대 종목 미등장 — 관계 근거로 불충분,"TSM: 반도체 위탁 생산(파운드리) 서비스를 제공하며 다양한 전자제품의 핵심 칩을 만듭니다.
세계 최대 규모이자 기술 선두 주자인 독립 반도체 파운드리 기업입니다. (일반 지식 기반)","NVDA: 게이밍 및 전문가 시장을 위한 고급 GPU 설계 및 제조, AI 및 시각 컴퓨팅 기술, 모바일 및 자율 주행 SoC 제품을 개발합니다.
전 세계 그래픽 처리 장치(GPU), 인공지능(AI), 데이터 센터 및 자율 주행 기술 시장의 선두 주자입니다.","We have expanded our supplier relationships to build redundancy and resilience in our operations to provide long-term manufacturing capacity aligned with growing customer demand. While currently our supply chain is mainly concentrated in Asia, we are expanding into the U.S. and Latin America. We utilize foundries, such as Taiwan Semiconductor Manufacturing Company Limited, or TSMC, and Samsung Electronics Co., Ltd., or Samsung, to produce our semiconductor wafers. We purchase memory from SK Hynix Inc., Micron Technology, Inc., and Samsung. We utilize CoWoS technology for semiconductor packaging. We engage with independent subcontractors and contract manufacturers such as Hon Hai Precision Industry Co., Ltd., Wistron Corporation, and Fabrinet to perform assembly, testing and packaging of our final products.",,OK,문단이 NVDA(우리)가 TSM을 포함한 파운드리를 이용하여 반도체 웨이퍼를 생산한다고 명시적으로 서술하여 TSM이 NVDA의 공급업체임을 보여준다.
V↔SYF,SUPPLIES_TO,SEC 10-K: We also face risks related to cyber-attacks and other security breaches in connection with credit ca,신용카드 결제,False,DEPENDS_ON,pending,pending,False,True,0.3,True,pending,pending,False,False,False,금융·결제·거래소,"이 문단은 Synchrony Financial (SYF)이 신용카드 및 예금 거래에서 발생하는 사이버 공격 및 보안 위반 위험에 대해 설명하는 맥락에서 작성되었습니다. Synchrony Financial은 고객의 민감한 정보 전송을 위해 파트너, 소매업체, 가맹점 인수 은행, 결제 처리업체 등 다양한 제3자에 의존합니다. 이 중 ""카드 네트워크(예: Visa 및 MasterCard)""가 명시되어 있으며, Visa (V)는 Synchrony Financial의 신용카드 및 예금 거래를 처리하는 데 사용되는 핵심 결제 네트워크 중 하나입니다. 이는 Synchrony Financial이 자사의 금융 서비스 운영을 위해 Visa의 결제 네트워크 인프라에 의존하고 있음을 나타냅니다. 따라서 Synchrony Financial은 Visa와 같은 카드 네트워크의 보안 침해 발생 시 자사에 미칠 수 있는 잠재적 위험에 직면해 있습니다. 문서에는 Synchrony Financial과 Visa 간의 구체적인 거래량이나 공동 브랜드 카드 파트너십과 같은 다른 관계 축은 서술되어 있지 않습니다.",target_absent|truncated,"We also face risks related to cyber-attacks and other security breaches in connection with credit card and deposit transactions that typically involve the transmission of sensitive information regarding our customers through various third-parties, including our partners, retailers that are not our partners where our Dual Cards and general purpose co-branded credit cards are used, merchant acquiring banks, payment processors, card networks (e.g., Visa and MasterCard) and our processors (e.g., Fiserv). Some of these parties have in the past been the target of security breaches and cyber-attacks, and because the transactions involve third parties and environments such as the point-of-sale that we neither control nor have the ability to secure, future security breaches or cyber-attacks affecting any of these third parties could impact us through no fault of our own, and in some cases, we may have exposure and suffer losses for breaches or attacks relating to them.",SYF 10-K FY2025 · Item 7 MD&A,V: 제3자 중 카드 네트워크의 예시로 언급됨. SYF: 신용카드 및 예금 거래와 관련하여 사이버 공격 및 보안 침해 위험에 직면하는 주체.,근거 문장에 상대 종목 미등장 — 관계 근거로 불충분,"V: 소비자, 판매자, 금융 기관 간 디지털 결제를 촉진하는 결제 기술 회사입니다.
전 세계적으로 가장 널리 사용되는 결제 네트워크 중 하나를 운영하는 글로벌 리더입니다.","SYF: 미국에서 소비자 금융 서비스를 제공하며, 신용카드, 상업용 신용 상품 및 소비자 할부 대출을 주력으로 합니다.
프라이빗 라벨, 공동 브랜드 신용카드 및 예금 상품을 통해 소비자 금융 시장에서 중요한 역할을 합니다.","We also face risks related to cyber-attacks and other security breaches in connection with credit card and deposit transactions that typically involve the transmission of sensitive information regarding our customers through various third-parties, including our partners, retailers that are not our partners where our Dual Cards and general purpose co-branded credit cards are used, merchant acquiring banks, payment processors, card networks (e.g., Visa and MasterCard) and our processors (e.g., Fiserv). Some of these parties have in the past been the target of security breaches and cyber-attacks, and because the transactions involve third parties and environments such as the point-of-sale that we neither control nor have the ability to secure, future security breaches or cyber-attacks affecting any of these third parties could impact us through no fault of our own, and in some cases, we may have exposure and suffer losses for breaches or attacks relating to them. We also rely on a number of other third-party service providers to conduct other aspects of our business operations on our behalf and face similar risks relating to them. There is heightened scrutiny from regulators on the degree of potential risk to financial institutions and their operations resulting from the engagement of third parties and how information security and resiliency risks are effectively managed, including cascading effects from the continued concentration of certain capabilities provided by a decreasing number of third parties. While we regularly conduct security assessments of critical third-party service providers using a risk based methodology, their information security protocols may not be sufficient enough to withstand all forms of cyber-attacks or other security breaches.",,OK,문단이 SYF(우리)가 신용카드 거래 시 '카드 네트워크(예: Visa)'와 같은 제3자에 의존한다고 명시적으로 서술하여 SYF와 V 간의 관계를 보여준다.
V↔V,SUPPLIES_TO,"SEC 10-K: Built on a cloud-based architecture, our Acceptance Platform solutions such as Cybersource and Autho",클라우드 기반 결제 솔루션,True,,pending,pending,False,True,0.9,True,pending,pending,False,False,False,클라우드·엔터프라이즈SW,"이 문단은 Visa가 제공하는 결제 플랫폼 및 솔루션에 대해 설명하며, 주로 인수 기관, 결제 서비스 제공업체, 독립 소프트웨어 공급업체 및 판매자들이 이러한 솔루션을 어떻게 활용하여 결제 경험을 개선하고 운영 효율성을 높일 수 있는지 기술합니다. 이는 Visa의 사업 운영 및 제품 제공을 소개하는 부분으로 보입니다. 이 문단은 두 개의 개별적인 회사 'V' 간의 관계를 서술하는 것이 아니라, Visa라는 단일 회사가 자사의 제품과 서비스를 통해 고객들에게 제공하는 가치를 설명합니다. Visa Acceptance Platform, Cybersource, Authorize.net, Token Management Service 등은 Visa가 자체적으로 개발하고 운영하는 솔루션들입니다. 이 솔루션들은 판매자 및 인수 기관이 옴니채널 결제 통합을 강화하고 사기를 완화하며 운영 비용을 절감하도록 돕습니다. 문서에는 두 개의 개별 법인으로서의 'V' 사이에 직접적인 사업적 거래, 경쟁 관계, 또는 기타 상호작용에 대한 서술이 없습니다. 대신, Visa가 자신의 생태계 내에서 어떻게 기술 솔루션을 제공하는지에 초점을 맞추고 있습니다.",target_absent|truncated,"Built on a cloud-based architecture, our Acceptance Platform solutions such as Cybersource and Authorize.net provide new and enhanced omnichannel payment integrations with ecommerce platforms, enabling sellers and acquirers to provide tailored commerce experiences with seamlessly embedded payments tools. Token Management Service, another example, helps simplify network token adoption, offers access and management for seller and acquiring clients, provides a single integration point into major card networks and is used standalone or easily integrated into other payment solutions For more information, see the 
Token Technology
 discussion above.
12
Table 
of Contents
Our Post-Purchase solutions include a network-agnostic solution from Verifi that enables sellers to prevent and resolve disputes on a single platform as well as dispute tools for issuers and acquirers like Visa Resolve Online.",V 10-K FY2025 · Item 1 사업,V: 클라우드 기반 Acceptance Platform 솔루션 및 Post-Purchase 솔루션을 제공하는 주체로 언급됨. V: 발행사 및 매입사를 위한 분쟁 해결 도구인 Visa Resolve Online의 일부로 언급됨.,근거 문장에 상대 종목 미등장 — 관계 근거로 불충분,"V: 소비자, 판매자, 금융 기관 간 디지털 결제를 촉진하는 결제 기술 회사입니다.
전 세계적으로 가장 널리 사용되는 결제 네트워크 중 하나를 운영하는 글로벌 리더입니다.","V: 소비자, 판매자, 금융 기관 간 디지털 결제를 촉진하는 결제 기술 회사입니다.
전 세계적으로 가장 널리 사용되는 결제 네트워크 중 하나를 운영하는 글로벌 리더입니다.","Using the Visa Acceptance Platform, acquirers, payment service providers, independent software vendors and sellers can improve the way their consumers engage and transact, while helping to mitigate fraud and lower operational costs. These solutions enable them to enhance, complement or supplement their existing payment services to adapt to changing business requirements. Built on a cloud-based architecture, our Acceptance Platform solutions such as Cybersource and Authorize.net provide new and enhanced omnichannel payment integrations with ecommerce platforms, enabling sellers and acquirers to provide tailored commerce experiences with seamlessly embedded payments tools. Token Management Service, another example, helps simplify network token adoption, offers access and management for seller and acquiring clients, provides a single integration point into major card networks and is used standalone or easily integrated into other payment solutions For more information, see the",,HOLD,"문단은 Visa 자신의 플랫폼과 솔루션에 대해 설명하며, 두 회사(V와 V) 간의 명시적인 관계를 서술하지는 않지만 두 회사가 동일한 회사이므로 같은 산업군에 속한다."
VLO↔SRE,SUPPLIES_TO,"SEC 10-K: Our customer contracts for our refined products storage business are structured as long-term, U.S. d",,False,SUPPLIES_TO,pending,pending,False,True,0.0,True,noise_self_contradiction,pending,True,False,False,,"이 문단은 'SI Partners'의 정제 제품 저장 사업에 대해 설명하며, 이는 정제 제품의 수령, 저장 및 배송 시스템을 개발하고 운영하는 사업입니다. 문단은 이 사업의 주요 고객 계약과 상대방을 명시하여, 해당 사업의 수익원과 주요 관계를 밝히는 맥락에 있습니다. Valero Energy Corporation(VLO)은 SI Partners의 정제 제품 저장 사업의 고객 중 하나입니다. SI Partners는 멕시코의 여러 주에서 휘발유, 디젤, 제트 연료 등 정제 제품의 저장 및 배송 시스템을 운영하며, Valero Energy Corporation(VLO)과 같은 회사들과 장기적이고 미국 달러 기반의 고정 용량 저장 계약을 맺고 있습니다. 이는 SI Partners가 Valero Energy Corporation(VLO)에 핵심 운송 연료 저장 서비스를 제공하는 상업적 관계를 보여줍니다. Sempra Energy(SRE)와 SI Partners 간의 직접적인 지분 관계나 SI Partners가 SRE의 자회사 또는 합작 투자 법인인지에 대한 명시적인 서술은 문서에 없습니다. 또한 Valero Energy Corporation(VLO)이 SI Partners의 저장 서비스를 이용하는 구체적인 이유나 그 비중에 대한 자세한 서술도 문서에 없습니다.",indirect|target_absent|truncated,"Our customer contracts for our refined products storage business are structured as long-term, U.S. dollar-denominated, firm capacity storage agreements with counterparties including Marathon Petroleum Corporation, Valero Energy Corporation and PEMEX. The contracted rate under these contracts is independent from each terminal’s regulated rate as determined by the CNE.
SI Partners is constructing Louisiana Storage, a 12.5-Bcf salt dome natural gas storage facility to support the PA LNG Phase 1 project.",SRE 10-K FY2025 · Item 7 MD&A,VLO: SRE(화자)의 정제 제품 저장 사업에 대한 장기 계약 상대방 중 하나. SRE: 정제 제품 저장 사업에 대한 고객 계약을 보유한 주체.,근거 문장에 상대 종목 미등장 — 관계 근거로 불충분,"VLO: 미국, 캐나다, 유럽 등에서 운송 연료 및 석유화학 제품을 제조, 판매합니다.
북미 지역의 주요 독립 정유사이자 재생 디젤 및 에탄올 생산 업체 중 하나입니다.","SRE: 미국 및 해외에서 에너지 서비스 지주회사로 운영되며, 전력 및 천연가스 서비스를 제공합니다.
샌디에이고 가스 & 일렉트릭, 서던 캘리포니아 가스 컴퍼니를 통해 주요 유틸리티 시장에서 핵심 역할을 합니다.","SI Partners’ refined products storage business develops, constructs, owns and operates systems for the receipt, storage and delivery of refined products, principally gasoline, diesel and jet fuel, throughout the Mexican states of Baja California, Colima, Estado de Mexico, Puebla, Sinaloa and Veracruz for private companies, with a combined storage capacity of 4.6 million barrels fully operating as of December 31, 2025. Our customer contracts for our refined products storage business are structured as long-term, U.S. dollar-denominated, firm capacity storage agreements with counterparties including Marathon Petroleum Corporation, Valero Energy Corporation and PEMEX. The contracted rate under these contracts is independent from each terminal’s regulated rate as determined by the CNE.",OK,OK,문단에서 Valero Energy Corporation(VLO)이 SRE의 정제 제품 저장 사업의 상대방(고객) 중 하나라고 명시적으로 언급한다.
WMT↔CAG,SUPPLIES_TO,"SEC 10-K: Our largest customer, Walmart, Inc. and its affiliates, accounted for approximately 29% of consolida",식품 소매,True,,pending,pending,False,True,1.0,True,pending,pending,False,True,False,소매·소비재,"이 문단은 Conagra Brands, Inc.의 주요 고객사를 명시하며, 특히 단일 고객사에 대한 매출 의존도를 설명합니다. 이는 회사의 매출 구조와 잠재적 위험 요소를 설명하는 맥락에서 작성된 것으로 보입니다. Conagra Brands, Inc.(CAG)는 자사의 다양한 포장 식품 제품을 Walmart, Inc.(WMT) 및 그 계열사에 판매합니다. Walmart(WMT)는 Conagra(CAG)의 가장 큰 고객으로, 2025 회계연도에는 Conagra(CAG)의 연결 순매출의 약 29%를, 2024년과 2023년에는 각각 28%를 차지했습니다. 이는 Conagra(CAG)가 Walmart(WMT)에 대한 상당한 매출 의존도를 가지고 있음을 보여주는 공급자-고객 관계입니다. 문서에는 Walmart(WMT)가 Conagra(CAG)로부터 구매하는 특정 제품의 종류나 그 규모에 대한 구체적인 서술이 없습니다. 또한, 두 회사 간의 계약 조건, 유통 전략, 또는 기타 전략적 협력 관계에 대한 언급도 문서에 없습니다.",list|target_absent|truncated,"Our largest customer, Walmart, Inc. and its affiliates, accounted for approximately 29% of consolidated net sales for fiscal 2025 and 28% for fiscal 2024 and 2023.",CAG 10-K FY2025,"WMT: CAG(화자)의 최대 고객. CAG: Walmart, Inc.를 최대 고객으로 명시하는 주체.",근거 문장에 상대 종목 미등장 — 관계 근거로 불충분,"WMT: 하이퍼마켓, 할인점, 식료품점을 운영하며 다양한 상품을 저렴한 가격으로 판매합니다.
전 세계적으로 가장 큰 소매업체이자 전자상거래 시장에서도 강력한 입지를 가진 리더입니다. (일반 지식 기반)","CAG: 북미를 중심으로 식료품, 냉장 및 냉동식품 등을 생산 및 판매하는 소비재 포장 식품 기업입니다.
식료품, 냉장 및 냉동식품, 국제 및 푸드 서비스 시장에서 여러 유명 브랜드를 보유하고 있습니다.","Our largest customer, Walmart, Inc. and its affiliates, accounted for approximately 29% of consolidated net sales for fiscal 2025 and 28% for fiscal 2024 and 2023.",,OK,"문단에서 Walmart, Inc.(WMT)가 CAG의 가장 큰 고객이며 매출의 상당 부분을 차지한다고 명시적으로 언급한다."
WMT↔CL,SUPPLIES_TO,"SEC 10-K: Our sales to Walmart, Inc. and its affiliates represented approximately 11% of our Net sales in 2025",,True,,pending,pending,False,True,1.0,True,pending,pending,False,False,False,,"이 문단은 Colgate-Palmolive Company의 제품 판매 채널과 주요 고객사를 설명하며, 특정 고객사에 대한 매출 비중을 명시합니다. 이는 회사의 판매 전략과 매출 구성 요소를 설명하는 맥락으로 보입니다. Colgate-Palmolive Company(CL)는 자사의 구강, 퍼스널 및 홈 케어 제품을 Walmart, Inc.(WMT) 및 그 계열사에 판매합니다. Walmart(WMT)는 Colgate-Palmolive(CL)의 중요한 고객 중 하나로, 2025년에 Colgate-Palmolive(CL) 순매출의 약 11%를 차지했습니다. Colgate-Palmolive(CL)는 자사 제품을 다양한 소매업체와 유통업체에 판매하지만, Walmart(WMT)는 명시적으로 언급된 단일 고객사 중 가장 큰 매출 비중을 차지합니다. 문서에는 Walmart(WMT)가 Colgate-Palmolive(CL)의 어떤 특정 제품군을 주로 취급하는지에 대한 서술이 없습니다. 또한, 두 회사 간의 장기 계약 여부나 전략적 파트너십에 대한 구체적인 내용은 문서에 언급되어 있지 않습니다.",target_absent|truncated,"Our sales to Walmart, Inc. and its affiliates represented approximately 11% of our Net sales in 2025. No other customer represented more than 10% of our Net sales in 2025.",CL 10-K FY2025 · Item 7 MD&A,"WMT: CL(화자)의 고객. CL: Walmart, Inc.에 대한 매출 비중을 보고하는 주체.",근거 문장에 상대 종목 미등장 — 관계 근거로 불충분,"WMT: 하이퍼마켓, 할인점, 식료품점을 운영하며 다양한 상품을 저렴한 가격으로 판매합니다.
전 세계적으로 가장 큰 소매업체이자 전자상거래 시장에서도 강력한 입지를 가진 리더입니다. (일반 지식 기반)","CL: 구강, 퍼스널 및 홈 케어 제품과 반려동물 사료를 전 세계적으로 제조 및 판매합니다.
콜게이트(Colgate)와 힐스 펫 뉴트리션(Hill's Pet Nutrition) 등 강력한 브랜드를 통해 글로벌 소비재 시장을 선도합니다.","Our Oral, Personal and Home Care products are sold to a variety of retailers, wholesalers and distributors worldwide. Pet Nutrition products are sold by authorized pet supply retailers, veterinarians and eCommerce retailers. Certain of our products are also sold direct-to-consumer. Our sales to Walmart, Inc. and its affiliates represented approximately 11% of our Net sales in 2025. No other customer represented more than 10% of our Net sales in 2025. We support our products with advertising, promotion and other marketing (with increasing emphasis on digital) to build awareness and trial of our products. Our products are marketed by a direct sales force at individual operating subsidiaries or business units and by distributors or brokers.",,OK,"문단에서 Walmart, Inc.(WMT)가 CL의 순매출의 11%를 차지하는 고객이라고 명시적으로 언급한다."
WMT↔KMB,SUPPLIES_TO,"SEC 10-K: Our largest customer, Walmart Inc., represented approximatel",생활용품,True,,pending,pending,False,True,0.9,True,pending,pending,False,False,False,기타,"이 문단은 Kimberly-Clark Corporation의 가장 큰 고객을 식별하는 부분으로, 회사 매출에 있어 주요 고객의 중요성을 설명하는 맥락입니다. Kimberly-Clark Corporation(KMB)은 자사의 일회용 기저귀, 물티슈 등 개인 위생용품과 미용 티슈, 화장지 등 소비자용 티슈 제품을 Walmart, Inc.(WMT)에 판매합니다. 문서에 따르면, Walmart(WMT)는 Kimberly-Clark(KMB)의 가장 큰 고객입니다. 이는 Kimberly-Clark(KMB)이 Walmart(WMT)를 통해 주요 제품을 유통하는 공급자-고객 관계를 나타냅니다. 문서에는 Walmart(WMT)가 Kimberly-Clark(KMB)의 전체 매출에서 차지하는 정확한 비중이 문단이 잘려 명시되어 있지 않습니다. 또한, 두 회사 간의 구체적인 거래 조건, 판매되는 제품의 종류, 또는 전략적 파트너십에 대한 자세한 서술은 없습니다.",target_absent|truncated,"Products for professional use are sold through distributors, directly to manufacturing, lodging, office building, food service, and high-volume public facilities, and through e-commerce.
Our largest customer, Walmart Inc., represented approximatel
y 16% i
n 2025 and 2024 and 15% in 2023 of our net sales from continuing operations. Net sales to Walmart Inc.",KMB 10-K FY2025 · Item 1 사업,WMT: KMB(화자)의 최대 고객. KMB: Walmart Inc.를 최대 고객으로 명시하는 주체.,근거 문장에 상대 종목 미등장 — 관계 근거로 불충분,"WMT: 하이퍼마켓, 할인점, 식료품점을 운영하며 다양한 상품을 저렴한 가격으로 판매합니다.
전 세계적으로 가장 큰 소매업체이자 전자상거래 시장에서도 강력한 입지를 가진 리더입니다. (일반 지식 기반)","KMB: 일회용 기저귀, 물티슈 등 개인 위생용품과 미용 티슈, 화장지 등 소비자용 티슈 제품을 제조 및 판매합니다.
하기스(Huggies), 코텍스(Kotex) 등 유명 브랜드를 보유한 글로벌 생활용품 기업입니다.","Our largest customer, Walmart Inc., represented approximatel",,OK,문단은 Walmart Inc.(WMT)가 KMB의 가장 큰 고객이라고 명시적으로 언급하기 시작한다.
WMT↔PG,SUPPLIES_TO,SEC 10-K: Sales to Walmart Inc. and its affiliates represent approximately 16% of our total sales in 2025 and ,,True,,pending,pending,False,True,1.0,True,pending,pending,False,False,False,,"이 문단은 The Procter & Gamble Company의 다양한 판매 채널과 주요 고객사를 설명하며, 특정 고객사에 대한 매출 비중을 자세히 제시합니다. 이는 회사의 매출 구성 및 고객 집중도를 보여주는 맥락으로 보입니다. The Procter & Gamble Company(PG)는 자사의 미용, 면도, 헬스케어, 섬유 및 홈 케어, 유아용품 등 광범위한 소비재 제품을 Walmart, Inc.(WMT) 및 그 계열사에 판매합니다. Walmart(WMT)는 Procter & Gamble(PG)의 가장 큰 단일 고객으로, 2025년과 2024년에는 Procter & Gamble(PG) 총 매출의 약 16%를, 2023년에는 15%를 차지했습니다. Procter & Gamble(PG)은 대형 할인점, 전자상거래 채널, 식료품점 등 다양한 판매 채널을 활용하지만, Walmart(WMT)는 그중 가장 중요한 매출처입니다. 문서에는 Procter & Gamble(PG)이 Walmart(WMT)를 통해 주로 판매하는 특정 제품군에 대한 자세한 서술이 없습니다. 또한, 두 회사 간의 장기 계약 조건, 마케팅 협력 또는 기타 전략적 파트너십에 대한 구체적인 내용은 문서에 언급되어 있지 않습니다.",target_absent|truncated,Sales to Walmart Inc. and its affiliates represent approximately 16% of our total sales in 2025 and 2024 and 15% in 2023. No other customer represents more than 10% of our total sales.,PG 10-K FY2025 · Item 1 사업,WMT: PG(화자)의 고객. PG: Walmart Inc.에 대한 매출 비중을 보고하는 주체.,근거 문장에 상대 종목 미등장 — 관계 근거로 불충분,"WMT: 하이퍼마켓, 할인점, 식료품점을 운영하며 다양한 상품을 저렴한 가격으로 판매합니다.
전 세계적으로 가장 큰 소매업체이자 전자상거래 시장에서도 강력한 입지를 가진 리더입니다. (일반 지식 기반)","PG: 'Head & Shoulders', 'Gillette', 'Pampers' 등 미용, 면도, 헬스케어, 섬유 및 홈 케어, 유아용품 분야의 다양한 브랜드 소비재를 제조 및 판매합니다.
전 세계 소비재 시장에서 광범위한 제품 포트폴리오를 가진 주요 글로벌 기업입니다.",". Our customers include mass merchandisers, e-commerce (including social commerce) channels, grocery stores, membership club stores, drug stores, department stores, distributors, wholesalers, specialty beauty stores (including airport duty-free stores), high-frequency stores, pharmacies, electronics stores and professional channels. We also sell direct to consumers. Sales to Walmart Inc. and its affiliates represent approximately 16% of our total sales in 2025 and 2024 and 15% in 2023. No other customer represents more than 10% of our total sales. Our top ten customers accounted for 43% of our total net sales in 2025, 42% in 2024 and 40% in 2023.",,OK,문단에서 Walmart Inc.(WMT)가 PG 총 매출의 약 16%를 차지하는 고객이라고 명시적으로 언급한다.
