symbol_a,symbol_b,mcap_tercile,industry_same,prompt_variant,llm_tag,llm_conf,normalized_bucket,rationale_A,rationale_B,claim_type,basis_hint,counter_signal,verdict
NTAP,WDC,상,동일,A,엔터프라이즈 데이터 스토리지,0.9,반도체·메모리,"{""claim"": ""NTAP은 기업용 데이터 관리 및 스토리지 시스템 솔루션을 제공하며, WDC는 하드디스크 드라이브(HDD) 및 솔리드 스테이트 드라이브(SSD)와 같은 기업용 저장장치를 제조한다."", ""claim_type"": ""known_fact"", ""basis_hint"": ""각 사의 공식 사업 설명 및 제품 포트폴리오"", ""counter_signal"": ""NTAP은 주로 소프트웨어 기반 솔루션과 시스템을, WDC는 물리적 저장장치 하드웨어에 집중하여 직접적인 제품 경쟁보다는 보완적인 관계에 가깝다.""}",,known_fact,각 사의 공식 사업 설명 및 제품 포트폴리오,"NTAP은 주로 소프트웨어 기반 솔루션과 시스템을, WDC는 물리적 저장장치 하드웨어에 집중하여 직접적인 제품 경쟁보다는 보완적인 관계에 가깝다.",
MCO,NDAQ,상,동일,A,금융 정보 및 분석,0.9,금융·결제·거래소,"{""claim"": ""무디스(MCO)는 신용평가 및 리스크 관리 분석을, 나스닥(NDAQ)은 시장 데이터 및 인덱스 분석을 통해 금융 시장에 핵심 정보와 분석 서비스를 제공한다."", ""claim_type"": ""known_fact"", ""basis_hint"": ""MCO 및 NDAQ의 사업 보고서 및 주력 서비스"", ""counter_signal"": ""두 회사는 직접적인 경쟁 관계보다는 서로 다른 종류의 금융 정보를 제공하는 보완적 관계에 가깝다.""}",,known_fact,MCO 및 NDAQ의 사업 보고서 및 주력 서비스,두 회사는 직접적인 경쟁 관계보다는 서로 다른 종류의 금융 정보를 제공하는 보완적 관계에 가깝다.,
GE,LMT,상,동일,A,항공우주방위산업,0.9,자동차·부품·산업재,"{""claim"": ""GE는 항공기 엔진을 포함한 항공우주 부품을 생산하며, Lockheed Martin은 전투기 및 미사일 등 방위 시스템을 개발하는 주요 항공우주방위산업 기업이다."", ""claim_type"": ""known_fact"", ""basis_hint"": ""GE Aerospace 사업 부문, Lockheed Martin의 주요 방산 계약 및 제품군."", ""counter_signal"": ""GE의 전력 및 헬스케어 사업 부문은 Lockheed Martin과 직접적인 경쟁 관계가 없다.""}",,known_fact,"GE Aerospace 사업 부문, Lockheed Martin의 주요 방산 계약 및 제품군.",GE의 전력 및 헬스케어 사업 부문은 Lockheed Martin과 직접적인 경쟁 관계가 없다.,
AXP,COF,상,동일,A,소비자 금융 서비스,0.95,금융·결제·거래소,"{""claim"": ""American Express와 Capital One은 모두 신용카드 발행, 소비자 대출, 예금 상품 등 광범위한 소비자 금융 상품 및 서비스를 제공하며 경쟁한다."", ""claim_type"": ""known_fact"", ""basis_hint"": ""두 기업 모두 개인 고객을 대상으로 한 금융 상품 포트폴리오를 보유하고 있으며, 특히 신용카드 시장에서 직접적으로 경쟁한다."", ""counter_signal"": ""AXP는 자체 결제 네트워크와 프리미엄 고객에 더 집중하는 반면, COF는 더 넓은 고객층과 다양한 은행 상품을 제공하는 차이가 있지만, 핵심 경쟁 영역은 중복된다.""}",,known_fact,"두 기업 모두 개인 고객을 대상으로 한 금융 상품 포트폴리오를 보유하고 있으며, 특히 신용카드 시장에서 직접적으로 경쟁한다.","AXP는 자체 결제 네트워크와 프리미엄 고객에 더 집중하는 반면, COF는 더 넓은 고객층과 다양한 은행 상품을 제공하는 차이가 있지만, 핵심 경쟁 영역은 중복된다.",
CRWD,XYZ,상,동일,A,사업 도메인 불명,0.0,클라우드·엔터프라이즈SW,"{""claim"": ""XYZ는 가상의 종목으로 CRWD와의 사업 도메인 경쟁/연결 관계를 분석할 수 없습니다."", ""claim_type"": ""uncertain"", ""basis_hint"": ""XYZ 종목 정보 부재"", ""counter_signal"": """"}",,uncertain,XYZ 종목 정보 부재,,
CDNS,NOW,상,동일,A,상이한 B2B 소프트웨어 솔루션,0.9,클라우드·엔터프라이즈SW,"{""claim"": ""Cadence Design Systems(CDNS)는 반도체 및 전자 설계 자동화(EDA) 소프트웨어 분야의 선두 주자이며, ServiceNow(NOW)는 엔터프라이즈 워크플로우 자동화 및 IT 서비스 관리(ITSM) SaaS 솔루션을 제공한다."", ""claim_type"": ""known_fact"", ""basis_hint"": ""각 기업의 사업 보고서, 공식 웹사이트 설명, 산업 분석 자료."", ""counter_signal"": ""두 기업은 고객층, 핵심 기술 스택, 제공하는 솔루션의 목적 및 시장이 명확히 구분되어 직접적인 경쟁 관계나 긴밀한 사업적 연결점이 없다.""}",,known_fact,"각 기업의 사업 보고서, 공식 웹사이트 설명, 산업 분석 자료.","두 기업은 고객층, 핵심 기술 스택, 제공하는 솔루션의 목적 및 시장이 명확히 구분되어 직접적인 경쟁 관계나 긴밀한 사업적 연결점이 없다.",
KKR,STT,상,동일,A,자산운용,0.9,금융·결제·거래소,"{""claim"": ""KKR은 사모펀드를 포함한 대체 자산을 운용하는 반면, STT는 SSGA를 통해 전통 자산을 운용하며 수탁 서비스도 제공하여, 넓은 의미의 자산운용 분야에서 연결된다."", ""claim_type"": ""known_fact"", ""basis_hint"": ""두 기업의 사업 내용 및 GICS 산업 분류"", ""counter_signal"": ""STT의 주요 사업 중 하나인 수탁 서비스는 KKR의 핵심 자산운용 사업과는 성격이 다르다.""}",,known_fact,두 기업의 사업 내용 및 GICS 산업 분류,STT의 주요 사업 중 하나인 수탁 서비스는 KKR의 핵심 자산운용 사업과는 성격이 다르다.,
AMGN,BMY,상,동일,A,바이오 제약,0.9,헬스케어·의료기기·제약,"{""claim"": ""Amgen과 Bristol-Myers Squibb는 모두 바이오 의약품의 연구, 개발, 제조 및 판매를 주요 사업으로 하는 대형 제약바이오 기업이다."", ""claim_type"": ""known_fact"", ""basis_hint"": ""각 기업의 공식 웹사이트 및 사업 보고서, 주요 제품 포트폴리오"", ""counter_signal"": """"}",,known_fact,"각 기업의 공식 웹사이트 및 사업 보고서, 주요 제품 포트폴리오",,
EMR,ETN,상,동일,A,전력 관리 및 산업 자동화,0.9,자동차·부품·산업재,"{""claim"": ""Emerson은 자동화 솔루션과 산업 제어에 강점을 가지고 있으며, Eaton은 전력 관리 및 전기 시스템 분야의 선두 주자로, 양사는 산업 및 상업용 전력 분배, 제어 장비 및 관련 솔루션 시장에서 경쟁하거나 보완적인 관계에 있습니다."", ""claim_type"": ""known_fact"", ""basis_hint"": ""양사 사업 보고서 및 제품 포트폴리오 분석"", ""counter_signal"": ""Eaton은 항공우주 및 차량 부문이 큰 반면, Emerson은 상업용 HVAC 및 소프트웨어에 더 중점을 둡니다.""}",,known_fact,양사 사업 보고서 및 제품 포트폴리오 분석,"Eaton은 항공우주 및 차량 부문이 큰 반면, Emerson은 상업용 HVAC 및 소프트웨어에 더 중점을 둡니다.",
PH,ROP,상,동일,A,산업용 공정 제어 및 자동화,0.9,자동차·부품·산업재,"{""claim"": ""Parker-Hannifin은 유체 동력 및 모션 제어 기술의 선두 주자이며, Roper Technologies는 공정 기술 및 측정/분석 솔루션 등을 통해 산업용 제어 및 자동화 시스템에 필요한 부품과 솔루션을 제공한다."", ""claim_type"": ""known_fact"", ""basis_hint"": ""각 사의 사업 부문 및 주요 제품 포트폴리오"", ""counter_signal"": ""Roper Technologies는 소프트웨어 및 네트워크 솔루션 비중이 높아 Parker-Hannifin보다 사업 영역이 훨씬 광범위하다.""}",,known_fact,각 사의 사업 부문 및 주요 제품 포트폴리오,Roper Technologies는 소프트웨어 및 네트워크 솔루션 비중이 높아 Parker-Hannifin보다 사업 영역이 훨씬 광범위하다.,
ELV,UNH,상,동일,A,건강 보험 및 관리 의료,0.98,헬스케어·의료기기·제약,"{""claim"": ""Elevance Health (ELV)와 UnitedHealth Group (UNH)은 미국 내에서 건강 보험 플랜 및 관리 의료 서비스를 제공하는 주요 기업으로서 직접적으로 경쟁합니다."", ""claim_type"": ""known_fact"", ""basis_hint"": ""ELV는 Anthem의 후신으로 다양한 건강 보험 플랜을 제공하며, UNH는 UnitedHealthcare 부문을 통해 건강 보험 및 관련 서비스를 제공합니다."", ""counter_signal"": """"}",,known_fact,"ELV는 Anthem의 후신으로 다양한 건강 보험 플랜을 제공하며, UNH는 UnitedHealthcare 부문을 통해 건강 보험 및 관련 서비스를 제공합니다.",,
GLW,KEYS,상,동일,A,첨단 전자 및 광학 기술,0.9,반도체·메모리,"{""claim"": ""Corning은 광섬유 및 특수 유리 등 첨단 소재를 제공하고, Keysight는 통신 및 전자 기기용 측정 솔루션을 제공하여, 두 회사 모두 첨단 전자 및 광학 기술 산업의 핵심 플레이어입니다."", ""claim_type"": ""known_fact"", ""basis_hint"": ""각 사 사업보고서 및 산업 분석 자료"", ""counter_signal"": ""직접적인 경쟁 관계는 아니며, 사업 영역이 재료 공급과 측정 장비로 구분되어 있다는 점.""}",,known_fact,각 사 사업보고서 및 산업 분석 자료,"직접적인 경쟁 관계는 아니며, 사업 영역이 재료 공급과 측정 장비로 구분되어 있다는 점.",
BKNG,RCL,상,동일,A,여행 및 레저,0.98,여행·숙박·크루즈,"{""claim"": ""BKNG는 다양한 온라인 여행 예약 서비스를 제공하고, RCL은 크루즈 여행 상품을 운영하며, 둘 다 소비자에게 여행 및 레저 경험을 제공하는 사업 영역에서 경쟁한다."", ""claim_type"": ""known_fact"", ""basis_hint"": ""각 기업의 사업 보고서 및 시장 포지션 분석"", ""counter_signal"": ""BKNG는 중개 플랫폼이고 RCL은 직접 서비스 제공자라는 운영 방식의 차이가 있으나, 최종 소비자의 여행 및 레저 지출이라는 관점에서는 여전히 경쟁 관계이다.""}",,known_fact,각 기업의 사업 보고서 및 시장 포지션 분석,"BKNG는 중개 플랫폼이고 RCL은 직접 서비스 제공자라는 운영 방식의 차이가 있으나, 최종 소비자의 여행 및 레저 지출이라는 관점에서는 여전히 경쟁 관계이다.",
PSX,VLO,상,동일,A,정유 사업,0.95,에너지·유전·수처리,"{""claim"": ""PSX (Phillips 66)와 VLO (Valero Energy)는 모두 북미 최대 규모의 독립 정유 및 마케팅 회사로, 석유 제품 생산 및 유통 시장에서 직접적으로 경쟁합니다."", ""claim_type"": ""known_fact"", ""basis_hint"": ""두 회사 웹사이트의 사업 부문 소개 및 10-K 보고서; 산업 분석 자료."", ""counter_signal"": ""VLO는 재생 에너지 연료 생산 부문을, PSX는 미드스트림 및 화학 부문을 보유하고 있으나, 핵심 사업 경쟁 도메인은 정유입니다.""}",,known_fact,두 회사 웹사이트의 사업 부문 소개 및 10-K 보고서; 산업 분석 자료.,"VLO는 재생 에너지 연료 생산 부문을, PSX는 미드스트림 및 화학 부문을 보유하고 있으나, 핵심 사업 경쟁 도메인은 정유입니다.",
AMD,MPWR,상,동일,A,반도체 전력 관리 솔루션,0.9,반도체·메모리,"{""claim"": ""MPWR은 AMD의 프로세서와 같은 고성능 반도체 부품의 안정적인 작동에 필수적인 전력 관리 IC를 설계 및 공급하므로, 두 기업은 반도체 산업 내에서 상호 보완적인 연결 관계를 가진다."", ""claim_type"": ""known_fact"", ""basis_hint"": ""각 기업의 주요 제품 포트폴리오 및 시장 적용 분야에 대한 분석."", ""counter_signal"": """"}",,known_fact,각 기업의 주요 제품 포트폴리오 및 시장 적용 분야에 대한 분석.,,
CSX,WAB,상,동일,A,철도 운송 및 장비,1.0,자동차·부품·산업재,"{""claim"": ""CSX는 북미 주요 화물 철도 운송 회사이며, Wabtec은 철도 차량, 장비 및 디지털 솔루션을 공급하는 회사로, 둘은 철도 산업 생태계 내에서 연결됩니다."", ""claim_type"": ""known_fact"", ""basis_hint"": ""CSX는 철도 운송 서비스를 제공하고, Wabtec은 해당 서비스에 필요한 장비와 부품을 제조 및 공급합니다."", ""counter_signal"": """"}",,known_fact,"CSX는 철도 운송 서비스를 제공하고, Wabtec은 해당 서비스에 필요한 장비와 부품을 제조 및 공급합니다.",,
HON,MMM,상,동일,A,산업 안전 및 제조 솔루션,0.9,자동차·부품·산업재,"{""claim"": ""Honeywell과 3M은 개인 보호 장비(PPE), 산업용 접착제, 연마재, 공정 제어 및 자동화 등 다양한 산업 안전 및 제조 솔루션 분야에서 직접적으로 경쟁하며 유사한 산업 고객층을 가집니다."", ""claim_type"": ""known_fact"", ""basis_hint"": ""각 사의 사업 보고서(예: Honeywell의 Safety and Productivity Solutions, 3M의 Safety & Industrial 부문)에서 제품 포트폴리오와 시장 공략 방식을 확인했습니다."", ""counter_signal"": ""Honeywell은 항공우주, 빌딩 기술 등 3M이 크게 관여하지 않는 분야에 강점을 가지고 있으며, 3M은 소비자 제품, 헬스케어 등 Honeywell과 겹치지 않는 광범위한 사업을 영위하고 있어 일부 영역에서는 직접 경쟁이 적습니다.""}",,known_fact,"각 사의 사업 보고서(예: Honeywell의 Safety and Productivity Solutions, 3M의 Safety & Industrial 부문)에서 제품 포트폴리오와 시장 공략 방식을 확인했습니다.","Honeywell은 항공우주, 빌딩 기술 등 3M이 크게 관여하지 않는 분야에 강점을 가지고 있으며, 3M은 소비자 제품, 헬스케어 등 Honeywell과 겹치지 않는 광범위한 사업을 영위하고 있어 일부 영역에서는 직접 경쟁이 적습니다.",
AEP,XEL,상,동일,A,전력 유틸리티,1.0,유틸리티,"{""claim"": ""AEP와 XEL은 미국 내 여러 주에서 전력 생산, 송전, 배전 및 판매 서비스를 제공하는 주요 전력 유틸리티 기업들이다."", ""claim_type"": ""known_fact"", ""basis_hint"": ""기업 공식 웹사이트, 금융 데이터 제공업체 섹터 분류 (예: Bloomberg, Refinitiv)."", ""counter_signal"": """"}",,known_fact,"기업 공식 웹사이트, 금융 데이터 제공업체 섹터 분류 (예: Bloomberg, Refinitiv).",,
AMD,TER,상,동일,A,반도체 테스트 솔루션,0.9,반도체·메모리,"{""claim"": ""AMD는 반도체 칩을 설계하고 생산하며, Teradyne은 이러한 반도체 칩의 품질과 성능을 검증하는 데 필요한 테스트 장비 및 솔루션을 제공한다."", ""claim_type"": ""known_fact"", ""basis_hint"": ""AMD의 주력 제품(CPU, GPU), Teradyne의 주요 사업(반도체 자동 테스트 장비)."", ""counter_signal"": ""AMD와 Teradyne은 직접적인 경쟁 관계에 있지 않으며, Teradyne이 반도체 칩을 직접 생산하지 않는다.""}",,known_fact,"AMD의 주력 제품(CPU, GPU), Teradyne의 주요 사업(반도체 자동 테스트 장비).","AMD와 Teradyne은 직접적인 경쟁 관계에 있지 않으며, Teradyne이 반도체 칩을 직접 생산하지 않는다.",
HLT,MAR,상,동일,A,글로벌 호텔 체인,1.0,여행·숙박·크루즈,"{""claim"": ""HLT와 MAR은 전 세계적으로 호텔 및 리조트를 운영, 프랜차이즈, 라이선스하는 대표적인 글로벌 호텔 체인으로 직접적인 경쟁 관계에 있다."", ""claim_type"": ""known_fact"", ""basis_hint"": ""두 기업의 주요 사업 모델 및 제공하는 서비스 영역이 거의 동일함."", ""counter_signal"": """"}",,known_fact,두 기업의 주요 사업 모델 및 제공하는 서비스 영역이 거의 동일함.,,
ADI,QCOM,상,동일,B,신호 처리 및 연결 반도체,0.9,반도체·메모리,,"{""claim"": ""ADI는 아날로그 신호 처리 및 전력 관리 IC에, QCOM은 무선 통신 및 고성능 디지털 SoC에 강점을 가지며, 이들은 차량, 통신, IoT 등 복합 시스템에서 신호 처리 및 연결 기능을 제공하며 상호 보완적 관계를 형성합니다."", ""claim_type"": ""known_fact"", ""basis_hint"": ""각 사의 주요 제품 포트폴리오 및 핵심 기술 (아날로그/혼성 신호 vs. 무선 통신/디지털 컴퓨팅)."", ""counter_signal"": ""두 회사가 독립적인 단일 칩 솔루션보다는 시스템 수준에서 긴밀히 협력하는 경향이 강해 직접적인 제품 경쟁은 제한적입니다.""}",known_fact,각 사의 주요 제품 포트폴리오 및 핵심 기술 (아날로그/혼성 신호 vs. 무선 통신/디지털 컴퓨팅).,두 회사가 독립적인 단일 칩 솔루션보다는 시스템 수준에서 긴밀히 협력하는 경향이 강해 직접적인 제품 경쟁은 제한적입니다.,
CDNS,UBER,상,동일,B,이질적인 소프트웨어 서비스,1.0,클라우드·엔터프라이즈SW,,"{""claim"": ""Cadence는 반도체 및 전자 시스템 설계 소프트웨어(EDA)를, Uber는 승차 호출 및 음식 배달 플랫폼 서비스를 제공하여 사업 도메인이 완전히 다릅니다."", ""claim_type"": ""known_fact"", ""basis_hint"": ""각 기업의 사업 보고서 및 공개된 서비스 내용."", ""counter_signal"": """"}",known_fact,각 기업의 사업 보고서 및 공개된 서비스 내용.,,
AMT,IRM,상,동일,B,데이터 인프라,0.8,부동산·REIT,,"{""claim"": ""두 회사 모두 데이터의 저장, 전송 및 관리에 필수적인 물리적 인프라를 제공하며, 특히 데이터센터 사업에서 교차점이 뚜렷하다."", ""claim_type"": ""known_fact"", ""basis_hint"": ""AMT는 통신 타워 및 데이터센터를, IRM은 물리적 기록 보관소 및 데이터센터를 운영함."", ""counter_signal"": ""각 사의 전통적인 핵심 사업 영역(AMT의 통신 타워, IRM의 물리적 기록 보관)에는 차이가 있음.""}",known_fact,"AMT는 통신 타워 및 데이터센터를, IRM은 물리적 기록 보관소 및 데이터센터를 운영함.","각 사의 전통적인 핵심 사업 영역(AMT의 통신 타워, IRM의 물리적 기록 보관)에는 차이가 있음.",
PGR,TRV,상,동일,B,손해보험,0.99,금융·결제·거래소,,"{""claim"": ""두 회사 모두 명시적으로 'Insurance - Property & Casualty' 부문으로 분류되어 있으며, 이는 동일한 사업 영역에서 경쟁하고 있음을 나타냅니다."", ""claim_type"": ""known_fact"", ""basis_hint"": ""두 종목의 회사 설명에 명시된 산업 분류(Insurance - Property & Casualty)"", ""counter_signal"": """"}",known_fact,두 종목의 회사 설명에 명시된 산업 분류(Insurance - Property & Casualty),,
ACGL,AIG,상,동일,B,다각화 보험 서비스,0.95,금융·결제·거래소,,"{""claim"": ""ACGL과 AIG는 모두 다각화된 보험 및 재보험 시장에서 광범위한 상품과 서비스를 제공하며 직접적으로 경쟁합니다."", ""claim_type"": ""known_fact"", ""basis_hint"": ""양사 모두 S&P Global 및 주요 금융 정보 제공업체에서 'Insurance - Diversified'로 분류됩니다."", ""counter_signal"": """"}",known_fact,양사 모두 S&P Global 및 주요 금융 정보 제공업체에서 'Insurance - Diversified'로 분류됩니다.,,
KLAC,NXPI,상,동일,B,반도체 제조 솔루션 및 부품,0.95,반도체·메모리,,"{""claim"": ""KLAC는 반도체 제조 공정 제어 및 수율 관리 장비와 소프트웨어를 제공하는 솔루션 기업이며, NXPI는 자동차 및 산업용 반도체 칩을 설계 및 생산하는 기업으로, 둘 다 반도체 제조 가치 사슬의 필수적인 부분을 구성합니다."", ""claim_type"": ""known_fact"", ""basis_hint"": ""각 기업의 사업 모델 및 핵심 제품/서비스 분석"", ""counter_signal"": """"}",known_fact,각 기업의 사업 모델 및 핵심 제품/서비스 분석,,
ABBV,JNJ,상,동일,B,전문의약품 시장 경쟁,0.9,헬스케어·의료기기·제약,,"{""claim"": ""두 회사 모두 면역학, 종양학, 신경과학 분야에서 혁신적인 전문의약품을 개발하고 판매하며 직접적으로 경쟁합니다."", ""claim_type"": ""known_fact"", ""basis_hint"": ""ABBV 및 JNJ의 주요 파이프라인 및 출시 제품 목록, 투자자 보고서"", ""counter_signal"": ""JNJ는 의료기기 사업 부문도 크지만, ABBV와의 직접적인 의약품 경쟁 영역에서는 관련성이 낮습니다.""}",known_fact,"ABBV 및 JNJ의 주요 파이프라인 및 출시 제품 목록, 투자자 보고서","JNJ는 의료기기 사업 부문도 크지만, ABBV와의 직접적인 의약품 경쟁 영역에서는 관련성이 낮습니다.",
GD,GE,상,동일,B,항공우주 제조,0.95,자동차·부품·산업재,,"{""claim"": ""General Dynamics는 항공기와 방산 플랫폼을 제조하고, GE Aerospace는 항공기 엔진을 제조하여, 둘 다 항공우주 분야의 핵심 제조 활동을 수행합니다."", ""claim_type"": ""known_fact"", ""basis_hint"": ""양사의 사업 보고서 및 공개된 정보"", ""counter_signal"": ""GD는 엔진을 직접 제조하지 않으며, GE Aerospace는 완제품 항공기를 제조하지 않으므로 직접적인 제품 경쟁은 없습니다.""}",known_fact,양사의 사업 보고서 및 공개된 정보,"GD는 엔진을 직접 제조하지 않으며, GE Aerospace는 완제품 항공기를 제조하지 않으므로 직접적인 제품 경쟁은 없습니다.",
PYPL,V,상,동일,B,디지털 결제 서비스,0.95,금융·결제·거래소,,"{""claim"": ""PayPal은 온라인 및 모바일 결제 솔루션을, Visa는 신용/직불카드 기반의 글로벌 결제 네트워크를 제공하며, 둘 다 전자상거래 및 일반 상거래에서 디지털 거래를 가능하게 한다."", ""claim_type"": ""known_fact"", ""basis_hint"": ""PYPL은 Venmo 및 PayPal 플랫폼을 통한 디지털 지갑/P2P 결제 제공. V는 카드 네트워크를 통한 전자 결제 처리."", ""counter_signal"": ""Visa는 주로 결제 인프라 네트워크이고 PayPal은 직접적인 소비자/판매자 플랫폼이지만, 양사 모두 디지털 결제 시장에서 경쟁하며 서비스 영역이 확장되고 있다.""}",known_fact,PYPL은 Venmo 및 PayPal 플랫폼을 통한 디지털 지갑/P2P 결제 제공. V는 카드 네트워크를 통한 전자 결제 처리.,"Visa는 주로 결제 인프라 네트워크이고 PayPal은 직접적인 소비자/판매자 플랫폼이지만, 양사 모두 디지털 결제 시장에서 경쟁하며 서비스 영역이 확장되고 있다.",
PCG,XEL,상,동일,B,규제 전력 유틸리티,1.0,유틸리티,,"{""claim"": ""PCG와 XEL 모두 설명에 'Regulated Electric'으로 명시된 규제 대상 전력 유틸리티 기업입니다."", ""claim_type"": ""known_fact"", ""basis_hint"": ""두 종목의 설명에 공통적으로 'Regulated Electric' 키워드가 포함되어 있습니다."", ""counter_signal"": """"}",known_fact,두 종목의 설명에 공통적으로 'Regulated Electric' 키워드가 포함되어 있습니다.,,
D,PEG,상,동일,B,규제 전력 사업,1.0,유틸리티,,"{""claim"": ""두 회사 모두 규제 환경에서 전력 생산, 송전 및 분배 서비스를 제공하는 핵심 사업을 영위합니다."", ""claim_type"": ""known_fact"", ""basis_hint"": ""각 종목 설명에 'Regulated Electric'으로 명시되어 있습니다."", ""counter_signal"": """"}",known_fact,각 종목 설명에 'Regulated Electric'으로 명시되어 있습니다.,,
EXC,PCG,상,동일,B,규제 전력 유틸리티,1.0,유틸리티,,"{""claim"": ""두 회사 모두 'Regulated Electric'으로 명시되어 있어 규제 전력 생산, 송전 및 배전 사업 도메인에서 직접 경쟁 또는 협력하는 관계에 있다."", ""claim_type"": ""known_fact"", ""basis_hint"": ""제공된 회사 설명"", ""counter_signal"": """"}",known_fact,제공된 회사 설명,,
CI,HUM,상,동일,B,건강 보험 서비스,1.0,헬스케어·의료기기·제약,,"{""claim"": ""시그나와 휴매나는 모두 미국에서 건강 보험 플랜 및 관련 의료 관리 서비스를 제공하는 주요 기업으로, 핵심 사업 영역에서 직접적으로 경쟁한다."", ""claim_type"": ""known_fact"", ""basis_hint"": ""두 기업의 공식 산업 분류(Medical - Healthcare Plans) 및 사업 설명"", ""counter_signal"": """"}",known_fact,두 기업의 공식 산업 분류(Medical - Healthcare Plans) 및 사업 설명,,
APP,INTU,상,동일,B,애플리케이션 소프트웨어 산업,0.7,클라우드·엔터프라이즈SW,,"{""claim"": ""AppLovin은 모바일 앱 마케팅 및 수익화 플랫폼을 제공하며, Intuit은 재무 관리 소프트웨어(세금, 회계)에 집중하므로 직접적인 경쟁이나 긴밀한 사업적 연결 도메인은 없지만, 두 회사 모두 넓은 의미의 애플리케이션 소프트웨어 산업에 속한다."", ""claim_type"": ""known_fact"", ""basis_hint"": ""각 기업의 주요 사업 모델 및 제공 서비스 비교"", ""counter_signal"": ""두 기업 모두 상위 분류인 'Software - Application' 섹터에 속한다는 공통점""}",known_fact,각 기업의 주요 사업 모델 및 제공 서비스 비교,두 기업 모두 상위 분류인 'Software - Application' 섹터에 속한다는 공통점,
ARES,BLK,상,동일,B,자산 운용,1.0,금융·결제·거래소,,"{""claim"": ""Ares Management와 BlackRock은 모두 기관 및 개인 투자자를 대상으로 다양한 자산 클래스에 걸쳐 투자 관리 및 자문 서비스를 제공하는 주요 자산 운용사입니다."", ""claim_type"": ""known_fact"", ""basis_hint"": ""두 회사의 공식 사업 설명 및 시장 포지셔닝"", ""counter_signal"": """"}",known_fact,두 회사의 공식 사업 설명 및 시장 포지셔닝,,
ED,WEC,상,동일,B,규제 전력 유틸리티,0.9,유틸리티,,"{""claim"": ""ED와 WEC 두 종목 모두 사업 설명에 'Regulated Electric'으로 명시되어 있어, 규제된 전력 공급 및 유틸리티 사업을 주요 사업 도메인으로 한다."", ""claim_type"": ""known_fact"", ""basis_hint"": ""제공된 종목 설명 ('Regulated Electric')"", ""counter_signal"": """"}",known_fact,제공된 종목 설명 ('Regulated Electric'),,
ABT,BSX,상,동일,B,심혈관 및 신경 조절 의료기기,1.0,헬스케어·의료기기·제약,,"{""claim"": ""두 회사 모두 심혈관 질환 치료(스텐트, 심장판막) 및 만성 통증/운동 장애 관리를 위한 신경 조절(SCS, DBS) 의료기기 시장에서 직접적으로 경쟁합니다."", ""claim_type"": ""known_fact"", ""basis_hint"": ""ABT 및 BSX의 공식 웹사이트, 투자자 자료, 산업 보고서에서 양사의 심혈관 및 신경 조절 제품 포트폴리오 확인 가능."", ""counter_signal"": """"}",known_fact,"ABT 및 BSX의 공식 웹사이트, 투자자 자료, 산업 보고서에서 양사의 심혈관 및 신경 조절 제품 포트폴리오 확인 가능.",,
INTC,KLAC,상,동일,B,반도체 생산 공정,0.9,반도체·메모리,,"{""claim"": ""인텔(INTC)은 반도체 칩을 설계하고 생산하는 주요 기업이며, KLA(KLAC)는 이러한 반도체 생산 공정의 수율과 품질을 관리하는 필수 장비를 공급한다."", ""claim_type"": ""known_fact"", ""basis_hint"": ""각 기업의 사업 보고서 및 산업 포지셔닝"", ""counter_signal"": """"}",known_fact,각 기업의 사업 보고서 및 산업 포지셔닝,,
AEP,ED,상,동일,B,전력 유틸리티,1.0,유틸리티,,"{""claim"": ""두 회사는 모두 전력의 생산, 송전, 배전 및 공급을 포함하는 규제 대상 전력 유틸리티 사업을 운영합니다."", ""claim_type"": ""known_fact"", ""basis_hint"": ""회사 사업 설명에 명시된 'Regulated Electric' 분류"", ""counter_signal"": """"}",known_fact,회사 사업 설명에 명시된 'Regulated Electric' 분류,,
DUK,XEL,상,동일,B,전력 유틸리티,1.0,유틸리티,,"{""claim"": ""두 회사 모두 명시적으로 'Regulated Electric' 사업을 영위하며, 전력 생산, 송전, 배전을 규제 하에 제공하는 동일한 핵심 산업에 속합니다."", ""claim_type"": ""known_fact"", ""basis_hint"": ""제공된 회사 설명에 'Regulated Electric' 명시"", ""counter_signal"": """"}",known_fact,제공된 회사 설명에 'Regulated Electric' 명시,,
AAPL,AMD,상,상이,A,컴퓨팅 칩 설계 및 공급,0.95,반도체·메모리,"{""claim"": ""Apple은 자사 제품용 M 시리즈 칩을 개발하여 AMD와 같은 외부 CPU/GPU 공급업체에 대한 의존도를 줄였으며, 이는 기능적 경쟁 관계를 형성합니다."", ""claim_type"": ""known_fact"", ""basis_hint"": ""Apple M 시리즈 칩 발표 및 Mac 라인업 전환, AMD의 Mac Pro GPU 공급 이력."", ""counter_signal"": ""AMD는 여전히 특정 Apple 제품(예: Mac Pro)에 GPU를 공급할 수 있으나, Apple의 핵심 제품 자체 칩 전환은 큰 변화입니다.""}",,known_fact,"Apple M 시리즈 칩 발표 및 Mac 라인업 전환, AMD의 Mac Pro GPU 공급 이력.","AMD는 여전히 특정 Apple 제품(예: Mac Pro)에 GPU를 공급할 수 있으나, Apple의 핵심 제품 자체 칩 전환은 큰 변화입니다.",
VLO,WMB,상,상이,A,에너지 자원 가공 및 운송,0.85,에너지·유전·수처리,"{""claim"": ""VLO는 석유 정제 및 바이오 연료 생산에, WMB는 천연가스 운송 및 처리에 중점을 두어 에너지 자원을 가공하고 운반하는 역할을 합니다."", ""claim_type"": ""known_fact"", ""basis_hint"": ""두 기업의 주요 사업 영역"", ""counter_signal"": ""두 기업은 직접적인 상품 시장에서 경쟁하기보다는 각기 다른 에너지 자원(원유 및 천연가스)과 가치 사슬 단계(정제 vs. 미드스트림 운송/처리)에 집중합니다.""}",,known_fact,두 기업의 주요 사업 영역,두 기업은 직접적인 상품 시장에서 경쟁하기보다는 각기 다른 에너지 자원(원유 및 천연가스)과 가치 사슬 단계(정제 vs. 미드스트림 운송/처리)에 집중합니다.,
KEYS,TTWO,상,상이,A,기술 산업,0.1,반도체·메모리,"{""claim"": ""Keysight Technologies는 전자 측정 및 설계 솔루션을 제공하는 반면, Take-Two Interactive Software는 비디오 게임 퍼블리셔로, 핵심 사업 도메인에서 직접적인 경쟁이나 연결점이 없다."", ""claim_type"": ""known_fact"", ""basis_hint"": ""각 기업의 사업 보고서 및 주력 제품/서비스"", ""counter_signal"": """"}",,known_fact,각 기업의 사업 보고서 및 주력 제품/서비스,,
CCL,MCD,상,상이,A,환대 산업,0.9,여행·숙박·크루즈,"{""claim"": ""CCL은 크루즈 여행, MCD는 패스트푸드 레스토랑을 운영하며, 둘 다 광범위한 환대 산업에 속해 소비자 임의 지출을 놓고 경쟁한다."", ""claim_type"": ""known_fact"", ""basis_hint"": ""CCL (크루즈 여행), MCD (패스트푸드), 소비자 임의 지출, 환대 산업 분류"", ""counter_signal"": ""두 회사의 구체적인 서비스 제공 방식(장기 여행 vs. 즉석 식사)은 매우 상이하다는 점""}",,known_fact,"CCL (크루즈 여행), MCD (패스트푸드), 소비자 임의 지출, 환대 산업 분류",두 회사의 구체적인 서비스 제공 방식(장기 여행 vs. 즉석 식사)은 매우 상이하다는 점,
ACN,EA,상,상이,A,정보 기술 서비스,0.8,클라우드·엔터프라이즈SW,"{""claim"": ""Accenture는 다양한 산업군의 기업에 정보 기술 컨설팅 및 솔루션을 제공하며, Electronic Arts는 게임 개발 및 디지털 엔터테인먼트 운영에 핵심적으로 정보 기술 서비스를 사용하고 소비한다."", ""claim_type"": ""known_fact"", ""basis_hint"": ""ACN의 사업 모델(IT 컨설팅, 디지털 전환)과 EA의 기술 집약적 사업(온라인 게임 플랫폼, 클라우드 인프라 등) 특성"", ""counter_signal"": ""두 회사는 최종 소비자 시장에서 직접적으로 경쟁하지 않으며, ACN은 서비스 공급자, EA는 서비스 소비자의 관계에 가깝다.""}",,known_fact,"ACN의 사업 모델(IT 컨설팅, 디지털 전환)과 EA의 기술 집약적 사업(온라인 게임 플랫폼, 클라우드 인프라 등) 특성","두 회사는 최종 소비자 시장에서 직접적으로 경쟁하지 않으며, ACN은 서비스 공급자, EA는 서비스 소비자의 관계에 가깝다.",
CSCO,META,상,상이,A,데이터센터 및 클라우드 인프라,0.95,통신·네트워크,"{""claim"": ""Meta는 방대한 사용자 기반과 메타버스 서비스를 지원하기 위해 대규모 데이터센터와 클라우드 인프라를 구축하고 운영하며, Cisco는 이러한 환경에 필수적인 네트워킹, 서버, 보안 솔루션 등을 제공하는 주요 벤더이자 기술 파트너이다."", ""claim_type"": ""known_fact"", ""basis_hint"": ""Meta의 글로벌 데이터센터 운영, OCP(Open Compute Project) 활동, Cisco의 데이터센터 네트워킹 및 컴퓨팅 솔루션 포트폴리오"", ""counter_signal"": ""Meta는 데이터센터 및 클라우드 인프라 장비를 직접 판매하지 않으며, Cisco는 소셜 미디어 또는 광고 서비스를 제공하지 않아 직접적인 시장 경쟁은 제한적이다.""}",,known_fact,"Meta의 글로벌 데이터센터 운영, OCP(Open Compute Project) 활동, Cisco의 데이터센터 네트워킹 및 컴퓨팅 솔루션 포트폴리오","Meta는 데이터센터 및 클라우드 인프라 장비를 직접 판매하지 않으며, Cisco는 소셜 미디어 또는 광고 서비스를 제공하지 않아 직접적인 시장 경쟁은 제한적이다.",
JPM,MSCI,상,상이,A,금융 지수 및 분석 서비스,0.9,금융·결제·거래소,"{""claim"": ""MSCI는 글로벌 투자 커뮤니티에 금융 지수, 리스크 분석 및 ESG 솔루션을 제공하며, JPM은 자산 운용 및 투자 전략 수립에 이러한 서비스를 광범위하게 활용한다."", ""claim_type"": ""known_fact"", ""basis_hint"": ""MSCI의 핵심 사업 모델(지수 라이선싱, 데이터, 분석), JPM의 자산 운용(Asset & Wealth Management) 부문의 사업 성격."", ""counter_signal"": ""JPM이 MSCI와 직접적으로 금융 지수 개발 또는 외부용 분석 솔루션 판매 시장에서 경쟁하는 사업 부문은 미미하다.""}",,known_fact,"MSCI의 핵심 사업 모델(지수 라이선싱, 데이터, 분석), JPM의 자산 운용(Asset & Wealth Management) 부문의 사업 성격.",JPM이 MSCI와 직접적으로 금융 지수 개발 또는 외부용 분석 솔루션 판매 시장에서 경쟁하는 사업 부문은 미미하다.,
ECL,FCX,상,상이,A,소재 산업,0.85,소재·화학,"{""claim"": ""Ecolab은 산업용 수처리 및 위생 솔루션을 제공하는 회사이며, Freeport-McMoRan은 구리 등 광물을 채굴하는 광업 회사이다. 두 회사 모두 GICS 섹터 분류상 '소재'에 해당한다."", ""claim_type"": ""known_fact"", ""basis_hint"": ""GICS 섹터 분류 정보"", ""counter_signal"": ""두 회사의 핵심 사업 모델과 직접적인 경쟁 관계는 없다.""}",,known_fact,GICS 섹터 분류 정보,두 회사의 핵심 사업 모델과 직접적인 경쟁 관계는 없다.,
UPS,VRT,상,상이,A,무관한 산업,1.0,자동차·부품·산업재,"{""claim"": ""UPS는 글로벌 운송 및 물류 서비스 기업이며, VRT는 데이터센터 및 통신 네트워크를 위한 전력, 냉각, IT 인프라 솔루션을 제공하는 기업으로 사업 도메인이 완전히 다릅니다."", ""claim_type"": ""known_fact"", ""basis_hint"": ""각 사의 기업 소개 및 주요 사업 영역 (UPS: package delivery, freight, logistics; VRT: data center power, cooling, IT infrastructure)."", ""counter_signal"": """"}",,known_fact,"각 사의 기업 소개 및 주요 사업 영역 (UPS: package delivery, freight, logistics; VRT: data center power, cooling, IT infrastructure).",,
CEG,ED,상,상이,A,에너지 유틸리티,0.9,유틸리티,"{""claim"": ""Constellation Energy는 발전 및 에너지 공급을, Consolidated Edison은 전력, 가스, 증기 분배 및 공급을 주요 사업으로 하는 에너지 유틸리티 기업들이다."", ""claim_type"": ""known_fact"", ""basis_hint"": ""각 기업 공식 웹사이트 및 사업 보고서"", ""counter_signal"": """"}",,known_fact,각 기업 공식 웹사이트 및 사업 보고서,,
AFL,AJG,상,상이,A,보험 서비스,0.9,금융·결제·거래소,"{""claim"": ""AFL은 보험 상품을 직접 인수 및 판매하는 보험사이며, AJG는 다양한 보험 상품을 중개하고 위험 관리 컨설팅을 제공하는 보험 중개사로, 두 회사 모두 보험 서비스 산업 내에서 상호 연결되어 활동한다."", ""claim_type"": ""known_fact"", ""basis_hint"": ""두 기업의 핵심 사업 모델 및 산업 분류"", ""counter_signal"": """"}",,known_fact,두 기업의 핵심 사업 모델 및 산업 분류,,
SYY,TGT,상,상이,A,식료품 유통,0.7,소매·소비재,"{""claim"": ""Sysco는 B2B 식료품 유통의 선두 주자이며, Target은 대규모 식료품 소매 사업을 운영하며 자체 유통망을 통해 상품을 조달한다."", ""claim_type"": ""known_fact"", ""basis_hint"": ""Sysco 및 Target 기업 정보, 사업 모델 분석"", ""counter_signal"": ""Sysco는 B2B에, Target은 B2C 소매에 집중하므로 직접적인 경쟁 관계는 아니다.""}",,known_fact,"Sysco 및 Target 기업 정보, 사업 모델 분석","Sysco는 B2B에, Target은 B2C 소매에 집중하므로 직접적인 경쟁 관계는 아니다.",
FDX,WAB,상,상이,A,물류 및 운송 인프라,0.8,자동차·부품·산업재,"{""claim"": ""FDX는 종합 물류 서비스를 제공하며, WAB는 철도 운송 인프라를 위한 핵심 장비와 솔루션을 공급하여 양사는 물류 및 운송 생태계에서 연결됩니다."", ""claim_type"": ""known_fact"", ""basis_hint"": ""FDX(FedEx Corporation)는 택배 및 화물 운송 서비스, WAB(Wabtec Corporation)는 철도 장비 제조 및 솔루션 제공."", ""counter_signal"": ""WAB의 주요 사업 영역인 철도 운송 인프라는 FDX의 다양한 운송 방식 중 일부일 뿐이므로 직접적인 경쟁 또는 밀접한 협력 관계는 아닙니다.""}",,known_fact,"FDX(FedEx Corporation)는 택배 및 화물 운송 서비스, WAB(Wabtec Corporation)는 철도 장비 제조 및 솔루션 제공.",WAB의 주요 사업 영역인 철도 운송 인프라는 FDX의 다양한 운송 방식 중 일부일 뿐이므로 직접적인 경쟁 또는 밀접한 협력 관계는 아닙니다.,
AFL,BAC,상,상이,A,금융 서비스 제공,0.9,금융·결제·거래소,"{""claim"": ""Aflac은 보충 보험을 제공하고 Bank of America는 은행, 투자 및 자산 관리를 포함한 광범위한 금융 서비스를 제공하며, 둘 다 금융 서비스 산업 내에서 고객에게 솔루션을 제공합니다."", ""claim_type"": ""known_fact"", ""basis_hint"": ""각 기업의 주요 사업 영역과 제공 상품 분석"", ""counter_signal"": ""Aflac은 보험에 특화되어 있고 Bank of America는 은행업이 주력이므로 핵심 사업 분야에서 직접적인 경쟁은 제한적입니다.""}",,known_fact,각 기업의 주요 사업 영역과 제공 상품 분석,Aflac은 보험에 특화되어 있고 Bank of America는 은행업이 주력이므로 핵심 사업 분야에서 직접적인 경쟁은 제한적입니다.,
CEG,NEE,상,상이,A,청정 에너지 및 전력 유틸리티,0.95,유틸리티,"{""claim"": ""CEG와 NEE는 모두 청정 에너지 발전과 전력 송배전 및 공급을 주력으로 하는 미국의 대표적인 종합 전력 유틸리티 기업이다."", ""claim_type"": ""known_fact"", ""basis_hint"": ""각 기업의 주요 사업 설명 및 재무 보고서"", ""counter_signal"": ""CEG는 원자력 중심, NEE는 재생에너지 중심이라는 기술적 차이점은 있으나, 시장 도메인 경쟁에선 미미함""}",,known_fact,각 기업의 주요 사업 설명 및 재무 보고서,"CEG는 원자력 중심, NEE는 재생에너지 중심이라는 기술적 차이점은 있으나, 시장 도메인 경쟁에선 미미함",
JCI,UNP,상,상이,A,산업 인프라,0.8,부동산·REIT,"{""claim"": ""JCI는 건물 인프라 솔루션을 제공하고 UNP는 철도 운송 인프라를 운영하여 두 회사 모두 광범위한 산업 인프라 부문에 기여합니다."", ""claim_type"": ""known_fact"", ""basis_hint"": ""JCI (건물 기술, HVAC, 보안), UNP (화물 철도 운송 네트워크)."", ""counter_signal"": ""두 회사의 핵심 사업 모델과 고객 기반은 직접적으로 경쟁하지 않고 크게 다릅니다.""}",,known_fact,"JCI (건물 기술, HVAC, 보안), UNP (화물 철도 운송 네트워크).",두 회사의 핵심 사업 모델과 고객 기반은 직접적으로 경쟁하지 않고 크게 다릅니다.,
FANG,TRGP,상,상이,A,석유가스 생산 및 미드스트림,0.95,에너지·유전·수처리,"{""claim"": ""FANG은 원유 및 천연가스 탐사 및 생산(Upstream) 기업이며, TRGP는 이들 자원의 운송, 처리, 저장 등 미드스트림 서비스를 제공하는 기업으로, 서로 상호 보완적인 관계에 있습니다."", ""claim_type"": ""known_fact"", ""basis_hint"": ""각 기업의 사업 모델 및 가치 사슬 포지션"", ""counter_signal"": """"}",,known_fact,각 기업의 사업 모델 및 가치 사슬 포지션,,
APO,PYPL,상,상이,A,금융 플랫폼,0.6,금융·결제·거래소,"{""claim"": ""APO는 기관 투자를 위한 자산 운용 플랫폼을, PYPL은 디지털 결제 및 금융 거래 플랫폼을 운영한다는 점에서 공통점이 있다."", ""claim_type"": ""inference"", ""basis_hint"": ""두 회사 모두 금융 활동을 중개하고 연결하는 플랫폼 비즈니스 모델을 활용한다."", ""counter_signal"": ""핵심 사업 영역(대안 자산 운용 vs. 디지털 결제)과 주 고객층이 매우 다르다.""}",,inference,두 회사 모두 금융 활동을 중개하고 연결하는 플랫폼 비즈니스 모델을 활용한다.,핵심 사업 영역(대안 자산 운용 vs. 디지털 결제)과 주 고객층이 매우 다르다.,
ROST,SBUX,상,상이,A,소매업,0.7,소매·소비재,"{""claim"": ""ROST는 의류 및 가정용품 소매업체이며, SBUX는 커피 및 음료 소매업체로, 둘 다 물리적 매장을 통해 최종 소비자에게 판매하는 소매업 비즈니스 모델을 공유한다."", ""claim_type"": ""known_fact"", ""basis_hint"": ""기업 사업 보고서, 산업 분류"", ""counter_signal"": ""판매 제품 카테고리가 상이하여 직접적인 제품 경쟁은 발생하지 않는다.""}",,known_fact,"기업 사업 보고서, 산업 분류",판매 제품 카테고리가 상이하여 직접적인 제품 경쟁은 발생하지 않는다.,
NSC,ODFL,상,상이,A,화물 운송,0.9,자동차·부품·산업재,"{""claim"": ""NSC는 주요 철도 화물 운송사이고, ODFL은 LTL 트럭 화물 운송사로, 둘 다 화물 운송 시장에서 경쟁하고 연결되는 기업이다."", ""claim_type"": ""known_fact"", ""basis_hint"": ""NSC와 ODFL의 사업 영역 및 제공 서비스에 대한 공개 정보 (연례 보고서, 기업 프로필)."", ""counter_signal"": ""운송 모드가 철도와 트럭으로 달라, 직접적인 일대일 경쟁보다는 광범위한 운송 시장 내에서 경쟁하거나 보완적 관계를 가질 수 있다.""}",,known_fact,"NSC와 ODFL의 사업 영역 및 제공 서비스에 대한 공개 정보 (연례 보고서, 기업 프로필).","운송 모드가 철도와 트럭으로 달라, 직접적인 일대일 경쟁보다는 광범위한 운송 시장 내에서 경쟁하거나 보완적 관계를 가질 수 있다.",
CAH,JNJ,상,상이,B,제약 및 의료 제품 공급망,0.9,헬스케어·의료기기·제약,,"{""claim"": ""Cardinal Health는 제약 및 의료 제품을 유통하고, Johnson & Johnson은 해당 제품들을 제조하므로, 이들은 동일한 의료 및 제약 공급망 내에서 상호 연결됩니다."", ""claim_type"": ""known_fact"", ""basis_hint"": ""CAH는 의약품 유통업체이며, JNJ는 제약 및 의료기기 제조업체로서, 공급자와 유통망이라는 관계를 가짐."", ""counter_signal"": """"}",known_fact,"CAH는 의약품 유통업체이며, JNJ는 제약 및 의료기기 제조업체로서, 공급자와 유통망이라는 관계를 가짐.",,
PSX,XOM,상,상이,B,석유 정제 및 유통,0.95,에너지·유전·수처리,,"{""claim"": ""Phillips 66은 주로 원유 정제 및 석유 제품 판매에 집중하며, Exxon Mobil은 통합 석유 가스 기업으로서 이와 동일한 다운스트림(정유 및 마케팅) 사업을 영위한다."", ""claim_type"": ""known_fact"", ""basis_hint"": ""두 기업의 산업 분류 및 사업 개요"", ""counter_signal"": """"}",known_fact,두 기업의 산업 분류 및 사업 개요,,
DE,HWM,상,상이,B,산업용 기계 및 부품 제조,0.7,자동차·부품·산업재,,"{""claim"": ""Deere는 농업 및 건설용 완성 기계를 제조하고 Howmet Aerospace는 항공우주 및 산업용 터빈의 고성능 부품을 제조하여, 둘 다 광범위한 산업용 기계 및 관련 부품 제조 영역에 속합니다."", ""claim_type"": ""inference"", ""basis_hint"": ""DE의 농업 및 건설 장비 제조 사업과 HWM의 항공우주 및 산업용 고성능 부품 제조 사업."", ""counter_signal"": ""두 회사는 고객층, 최종 제품, 기술 전문성이 매우 달라 직접적인 경쟁 관계나 긴밀한 공급망 연결은 없습니다.""}",inference,DE의 농업 및 건설 장비 제조 사업과 HWM의 항공우주 및 산업용 고성능 부품 제조 사업.,"두 회사는 고객층, 최종 제품, 기술 전문성이 매우 달라 직접적인 경쟁 관계나 긴밀한 공급망 연결은 없습니다.",
OXY,PSX,상,상이,B,석유 가치 사슬,0.95,에너지·유전·수처리,,"{""claim"": ""OXY는 원유 및 천연가스 탐사와 생산을 담당하는 상류 부문 기업이며, PSX는 원유를 정제하여 석유 제품을 생산하고 유통하는 하류 부문 기업으로서, 이들은 석유 가치 사슬의 서로 다른 단계에서 핵심적인 역할을 하며 연결되어 있다."", ""claim_type"": ""known_fact"", ""basis_hint"": ""두 기업의 사업 모델 (OXY: E&P, PSX: Refining & Marketing) 및 에너지 산업 구조에 대한 지식"", ""counter_signal"": ""두 기업이 직접적으로 동일한 제품 시장에서 경쟁하지는 않음""}",known_fact,"두 기업의 사업 모델 (OXY: E&P, PSX: Refining & Marketing) 및 에너지 산업 구조에 대한 지식",두 기업이 직접적으로 동일한 제품 시장에서 경쟁하지는 않음,
AMAT,ANET,상,상이,B,데이터센터 및 클라우드 인프라,0.8,반도체·메모리,,"{""claim"": ""AMAT는 데이터센터 및 클라우드 서비스의 핵심 부품인 반도체 생산 장비를 공급하고, ANET는 해당 인프라의 필수 요소인 고성능 네트워크 장비를 제공한다."", ""claim_type"": ""known_fact"", ""basis_hint"": ""각 사 사업 보고서 및 시장 동향 분석"", ""counter_signal"": ""양사는 직접적으로 경쟁하지 않으며, AMAT는 공급망의 상류에, ANET는 하류에 위치한다.""}",known_fact,각 사 사업 보고서 및 시장 동향 분석,"양사는 직접적으로 경쟁하지 않으며, AMAT는 공급망의 상류에, ANET는 하류에 위치한다.",
CARR,HON,상,상이,B,빌딩 기술 솔루션,0.9,부동산·REIT,,"{""claim"": ""두 회사 모두 건물용 HVAC, 화재 감지 및 보안 시스템 등 빌딩 기술 솔루션을 제공하며 경쟁 및 연결됩니다."", ""claim_type"": ""known_fact"", ""basis_hint"": ""Carrier Global은 HVAC, 냉동, 화재 및 보안 시스템 전문이며, Honeywell은 HBT(Honeywell Building Technologies) 사업부를 통해 빌딩 관리 시스템, 보안, 화재 및 HVAC 제어 솔루션을 제공합니다."", ""counter_signal"": ""Honeywell은 항공우주, 산업 자동화 등 Carrier와 무관한 다른 대규모 사업부를 보유하여 사업 범위가 훨씬 넓습니다.""}",known_fact,"Carrier Global은 HVAC, 냉동, 화재 및 보안 시스템 전문이며, Honeywell은 HBT(Honeywell Building Technologies) 사업부를 통해 빌딩 관리 시스템, 보안, 화재 및 HVAC 제어 솔루션을 제공합니다.","Honeywell은 항공우주, 산업 자동화 등 Carrier와 무관한 다른 대규모 사업부를 보유하여 사업 범위가 훨씬 넓습니다.",
ADBE,INTU,상,상이,B,기업 생산성 소프트웨어,0.9,클라우드·엔터프라이즈SW,,"{""claim"": ""Adobe는 창작 및 문서 관리 솔루션을, Intuit는 재무 및 회계 솔루션을 제공하며, 둘 다 다양한 규모의 기업 및 전문가의 핵심 업무 생산성 향상에 기여한다."", ""claim_type"": ""known_fact"", ""basis_hint"": ""Adobe Creative Cloud, Document Cloud; Intuit QuickBooks, TurboTax 등 각 사의 주력 제품군"", ""counter_signal"": ""각 사의 주력 소프트웨어 기능 및 시장은 직접적으로 겹치지 않는다.""}",known_fact,"Adobe Creative Cloud, Document Cloud; Intuit QuickBooks, TurboTax 등 각 사의 주력 제품군",각 사의 주력 소프트웨어 기능 및 시장은 직접적으로 겹치지 않는다.,
C,CME,상,상이,B,금융 파생상품 거래,0.9,금융·결제·거래소,,"{""claim"": ""Citigroup은 CME Group이 제공하는 파생상품 거래 플랫폼의 주요 이용자이며, 둘 다 금융 파생상품 시장에서 중요한 역할을 수행한다."", ""claim_type"": ""known_fact"", ""basis_hint"": ""Citigroup은 대규모 은행으로서 파생상품 트레이딩을 활발히 하며, CME Group은 선물 및 옵션과 같은 파생상품 거래를 위한 주요 글로벌 거래소이다."", ""counter_signal"": ""CME Group과 Citigroup은 직접적으로 동일한 고객에게 동일한 상품을 판매하며 경쟁하는 관계는 아니며, 하나는 시장 인프라 제공자이고 다른 하나는 시장 참여자이다.""}",known_fact,"Citigroup은 대규모 은행으로서 파생상품 트레이딩을 활발히 하며, CME Group은 선물 및 옵션과 같은 파생상품 거래를 위한 주요 글로벌 거래소이다.","CME Group과 Citigroup은 직접적으로 동일한 고객에게 동일한 상품을 판매하며 경쟁하는 관계는 아니며, 하나는 시장 인프라 제공자이고 다른 하나는 시장 참여자이다.",
META,ORCL,상,상이,B,AI 인프라,0.6,미디어·스트리밍·검색,,"{""claim"": ""Meta는 대규모 AI 모델 학습을 위한 자체 인프라를 구축하며, 오라클은 기업용 AI 인프라 솔루션을 OCI를 통해 제공한다."", ""claim_type"": ""known_fact"", ""basis_hint"": ""Meta의 AI 투자 및 자체 데이터센터 운영, Oracle의 OCI AI 서비스 및 GPU 클러스터 제공"", ""counter_signal"": ""Meta는 AI 인프라를 외부 고객에게 직접 판매하지 않으며, 오라클은 소셜 미디어 사업을 하지 않는다.""}",known_fact,"Meta의 AI 투자 및 자체 데이터센터 운영, Oracle의 OCI AI 서비스 및 GPU 클러스터 제공","Meta는 AI 인프라를 외부 고객에게 직접 판매하지 않으며, 오라클은 소셜 미디어 사업을 하지 않는다.",
BSX,PFE,상,상이,B,질병 치료 및 예방,0.9,헬스케어·의료기기·제약,,"{""claim"": ""보스턴 사이언티픽은 의료기기로 질병을 진단, 치료, 예방하며, 화이자는 의약품 및 백신으로 질병을 치료하고 예방한다."", ""claim_type"": ""known_fact"", ""basis_hint"": ""두 회사 모두 환자의 건강 증진 및 질병 관리를 목표로 하는 광범위한 의료 산업에 속한다."", ""counter_signal"": ""두 회사의 핵심 제품군이 의료기기와 의약품으로 명확히 구분되어 직접적인 제품 경쟁은 드물다.""}",known_fact,두 회사 모두 환자의 건강 증진 및 질병 관리를 목표로 하는 광범위한 의료 산업에 속한다.,두 회사의 핵심 제품군이 의료기기와 의약품으로 명확히 구분되어 직접적인 제품 경쟁은 드물다.,
ISRG,MCK,상,상이,B,의료 공급망,0.9,헬스케어·의료기기·제약,,"{""claim"": ""ISRG는 첨단 의료기기를 생산하고 MCK는 광범위한 의료 용품의 유통을 담당하여, 두 기업 모두 의료 공급망의 핵심적인 부분을 구성한다."", ""claim_type"": ""known_fact"", ""basis_hint"": ""ISRG는 로봇 수술 시스템 제조사이며, MCK는 북미 최대의 의약품 및 의료 물품 유통업체이다."", ""counter_signal"": ""ISRG의 고가 로봇 수술 장비는 MCK의 일반적인 유통 경로보다는 자체적인 전문 판매 및 서비스 채널을 통해 공급될 가능성이 높아 직접적인 제품 유통 파트너십은 제한적일 수 있다.""}",known_fact,"ISRG는 로봇 수술 시스템 제조사이며, MCK는 북미 최대의 의약품 및 의료 물품 유통업체이다.",ISRG의 고가 로봇 수술 장비는 MCK의 일반적인 유통 경로보다는 자체적인 전문 판매 및 서비스 채널을 통해 공급될 가능성이 높아 직접적인 제품 유통 파트너십은 제한적일 수 있다.,
GLW,NVDA,상,상이,B,디지털 시각화 및 데이터 인프라,0.9,반도체·메모리,,"{""claim"": ""NVIDIA는 고성능 컴퓨팅 및 그래픽 처리 반도체로 데이터센터와 디스플레이 분야를 선도하며, Corning은 데이터센터 광통신 인프라와 디스플레이 소재를 제공하여 양사는 디지털 시각화 및 데이터 인프라 구축에 필수적인 역할로 상호 연결된다."", ""claim_type"": ""known_fact"", ""basis_hint"": ""NVIDIA의 데이터센터 AI/GPU 및 디스플레이 구동 사업, Corning의 광섬유 및 디스플레이 유리 사업."", ""counter_signal"": ""Corning의 일부 사업 분야(예: 생명 과학, 자동차 공해 방지)는 NVIDIA와 직접적인 연관성이 낮다.""}",known_fact,"NVIDIA의 데이터센터 AI/GPU 및 디스플레이 구동 사업, Corning의 광섬유 및 디스플레이 유리 사업.","Corning의 일부 사업 분야(예: 생명 과학, 자동차 공해 방지)는 NVIDIA와 직접적인 연관성이 낮다.",
EBAY,GM,상,상이,B,자동차 온라인 유통,0.85,소매·소비재,,"{""claim"": ""eBay는 자동차 부품 및 중고차 거래를 위한 주요 온라인 마켓플레이스이며, GM은 자동차 및 관련 부품을 생산하므로 eBay는 GM이 생산한 제품의 온라인 유통 또는 재판매 채널로 기능할 수 있다."", ""claim_type"": ""known_fact"", ""basis_hint"": ""eBay의 자동차 카테고리 활성화 및 GM의 자동차/부품 제조 사업."", ""counter_signal"": ""GM은 주로 딜러십을 통해 신차를 판매하며, eBay에서 직접 신차를 판매하는 경우는 드물다.""}",known_fact,eBay의 자동차 카테고리 활성화 및 GM의 자동차/부품 제조 사업.,"GM은 주로 딜러십을 통해 신차를 판매하며, eBay에서 직접 신차를 판매하는 경우는 드물다.",
NOC,ODFL,상,상이,B,기업 물류 운송 서비스,0.4,자동차·부품·산업재,,"{""claim"": ""NOC은 대규모 방위산업 제조사로서 제품 및 부품 운송을 위해 ODFL과 같은 물류 및 운송 서비스를 이용할 수 있다."", ""claim_type"": ""inference"", ""basis_hint"": ""대규모 제조 기업의 일반적인 물류 필요성 및 운송업체의 서비스 범위"", ""counter_signal"": ""NOC의 핵심 사업은 첨단 방위 시스템 제조이며, ODFL은 독립적인 화물 운송 서비스 제공자이므로 직접적인 경쟁 관계나 핵심 사업 도메인에서의 긴밀한 연결은 없다.""}",inference,대규모 제조 기업의 일반적인 물류 필요성 및 운송업체의 서비스 범위,"NOC의 핵심 사업은 첨단 방위 시스템 제조이며, ODFL은 독립적인 화물 운송 서비스 제공자이므로 직접적인 경쟁 관계나 핵심 사업 도메인에서의 긴밀한 연결은 없다.",
GOOG,MSI,상,상이,B,공공·기업 기술 솔루션,0.3,클라우드·엔터프라이즈SW,,"{""claim"": ""MSI는 공공 안전 및 기업용 미션 크리티컬 통신 및 보안 솔루션을 제공하며, Google은 클라우드, AI, 안드로이드 엔터프라이즈 등을 통해 공공 부문 및 기업 고객에게 다양한 기술 솔루션을 지원합니다."", ""claim_type"": ""known_fact"", ""basis_hint"": ""Motorola Solutions의 공공 안전 및 기업 통신 장비/소프트웨어, Google Cloud의 정부/기업 클라우드 서비스 및 Android Enterprise"", ""counter_signal"": ""두 회사의 핵심 사업 영역(통신 장비 대 인터넷 콘텐츠 및 광고)과 제품군은 매우 달라 직접적인 경쟁이 거의 없습니다.""}",known_fact,"Motorola Solutions의 공공 안전 및 기업 통신 장비/소프트웨어, Google Cloud의 정부/기업 클라우드 서비스 및 Android Enterprise",두 회사의 핵심 사업 영역(통신 장비 대 인터넷 콘텐츠 및 광고)과 제품군은 매우 달라 직접적인 경쟁이 거의 없습니다.,
DASH,YUM,상,상이,B,음식 배달,0.95,클라우드·엔터프라이즈SW,,"{""claim"": ""DoorDash는 YUM! Brands의 레스토랑 체인들이 고객에게 음식을 배달하는 데 사용하는 주요 플랫폼 중 하나이다."", ""claim_type"": ""known_fact"", ""basis_hint"": ""DoorDash는 선도적인 음식 배달 플랫폼이며, YUM! Brands는 KFC, Pizza Hut, Taco Bell 등 배달 서비스가 핵심 사업 모델의 큰 부분을 차지하는 대형 레스토랑 체인을 소유하고 있다."", ""counter_signal"": """"}",known_fact,"DoorDash는 선도적인 음식 배달 플랫폼이며, YUM! Brands는 KFC, Pizza Hut, Taco Bell 등 배달 서비스가 핵심 사업 모델의 큰 부분을 차지하는 대형 레스토랑 체인을 소유하고 있다.",,
BLK,MET,상,상이,B,자산 관리,0.9,금융·결제·거래소,,"{""claim"": ""BlackRock은 자산 운용을 전문으로 하며, MetLife는 막대한 보험 준비금을 관리하고 투자합니다."", ""claim_type"": ""known_fact"", ""basis_hint"": ""BlackRock의 주요 사업 모델 및 MetLife의 보험 준비금 운용 방식."", ""counter_signal"": ""MetLife의 핵심 사업은 보험 인수이며 BlackRock은 보험 사업을 하지 않음.""}",known_fact,BlackRock의 주요 사업 모델 및 MetLife의 보험 준비금 운용 방식.,MetLife의 핵심 사업은 보험 인수이며 BlackRock은 보험 사업을 하지 않음.,
AAPL,MCHP,상,상이,B,반도체 부품 공급망,0.9,반도체·메모리,,"{""claim"": ""Apple은 아이폰 등 전자제품 제조사로서 다양한 반도체 부품을 필요로 하며, Microchip Technology는 이러한 반도체 및 임베디드 제어 솔루션을 공급하는 회사이다."", ""claim_type"": ""known_fact"", ""basis_hint"": ""AAPL은 MCHP의 잠재적 고객이거나 MCHP 제품이 사용되는 최종 전자제품의 생산자이다."", ""counter_signal"": ""Apple이 핵심 프로세서의 자체 칩 설계를 강화하고 있지만, 기타 다양한 보조 및 주변 반도체 부품은 여전히 외부 공급에 의존한다.""}",known_fact,AAPL은 MCHP의 잠재적 고객이거나 MCHP 제품이 사용되는 최종 전자제품의 생산자이다.,"Apple이 핵심 프로세서의 자체 칩 설계를 강화하고 있지만, 기타 다양한 보조 및 주변 반도체 부품은 여전히 외부 공급에 의존한다.",
GLW,GOOGL,상,상이,B,모바일/디스플레이 부품,0.9,반도체·메모리,,"{""claim"": ""Corning은 스마트폰, 태블릿 등 모바일 기기의 핵심 부품인 디스플레이 커버 글라스(Gorilla Glass) 및 패널 글라스를 생산하며, Alphabet은 Pixel 폰, Nest 기기 등 하드웨어 제품을 개발 및 판매한다."", ""claim_type"": ""known_fact"", ""basis_hint"": ""Corning의 Gorilla Glass 사업과 Alphabet의 Pixel/Nest 하드웨어 사업"", ""counter_signal"": ""Alphabet이 직접 디스플레이 글라스 부품을 제조하지 않으며, Corning의 광통신 등 다른 사업은 Alphabet과 직접적인 연관성이 낮음""}",known_fact,Corning의 Gorilla Glass 사업과 Alphabet의 Pixel/Nest 하드웨어 사업,"Alphabet이 직접 디스플레이 글라스 부품을 제조하지 않으며, Corning의 광통신 등 다른 사업은 Alphabet과 직접적인 연관성이 낮음",
SO,SRE,상,상이,B,유틸리티 서비스,0.9,유틸리티,,"{""claim"": ""The Southern Company와 Sempra 모두 전력 및 천연가스 공급 등 규제 유틸리티 사업을 영위하며 핵심 수익을 창출한다."", ""claim_type"": ""known_fact"", ""basis_hint"": ""각 기업의 사업 설명(Regulated Electric, Diversified Utilities) 및 주요 서비스 포트폴리오."", ""counter_signal"": ""Sempra는 Southern Company에 비해 LNG 인프라 등 에너지 인프라 사업 비중이 더 커서 사업 다각화 수준이 다르다.""}",known_fact,"각 기업의 사업 설명(Regulated Electric, Diversified Utilities) 및 주요 서비스 포트폴리오.",Sempra는 Southern Company에 비해 LNG 인프라 등 에너지 인프라 사업 비중이 더 커서 사업 다각화 수준이 다르다.,
NXPI,Q,중,동일,A,차량용 및 IoT 반도체,0.9,반도체·메모리,"{""claim"": ""NXP와 Qualcomm은 차량용 인포테인먼트, ADAS, 디지털 콕핏 및 사물인터넷(IoT) 기기를 위한 반도체 및 플랫폼 솔루션 시장에서 직접 경쟁한다."", ""claim_type"": ""known_fact"", ""basis_hint"": ""각 회사 웹사이트의 제품 포트폴리오 및 사업 부문 설명, 산업 분석 보고서"", ""counter_signal"": ""NXP는 전통적으로 임베디드 및 산업용 비중이 크고, Qualcomm은 모바일 AP 및 모뎀 분야에서 독보적 지위를 가지고 있어 전체 사업 포트폴리오 비중에서는 차이가 있다.""}",,known_fact,"각 회사 웹사이트의 제품 포트폴리오 및 사업 부문 설명, 산업 분석 보고서","NXP는 전통적으로 임베디드 및 산업용 비중이 크고, Qualcomm은 모바일 AP 및 모뎀 분야에서 독보적 지위를 가지고 있어 전체 사업 포트폴리오 비중에서는 차이가 있다.",
AEE,DTE,중,동일,A,전력 및 천연가스 유틸리티,0.98,유틸리티,"{""claim"": ""AEE와 DTE는 모두 규제받는 지역에서 전력 생산, 송전, 배전 및 천연가스 공급 사업을 영위하는 주요 유틸리티 기업입니다."", ""claim_type"": ""known_fact"", ""basis_hint"": ""기업 공식 웹사이트, SEC filing, 산업 보고서"", ""counter_signal"": """"}",,known_fact,"기업 공식 웹사이트, SEC filing, 산업 보고서",,
CCI,IRM,중,동일,A,정보 통신 인프라,0.9,부동산·REIT,"{""claim"": ""CCI는 무선 통신 인프라(셀 타워, 광섬유)를 제공하고, IRM은 물리적 및 디지털 정보 관리 서비스(데이터 센터 포함)를 제공하며, 이들은 모두 정보 저장, 처리 및 전송을 위한 핵심 인프라 영역에서 연결됩니다."", ""claim_type"": ""known_fact"", ""basis_hint"": ""각 기업의 사업 보고서 및 투자자 자료(예: REIT 산업 분류) 참조"", ""counter_signal"": ""IRM은 데이터 센터 외에 대규모 물리적 기록 보관 사업을 영위하고 있어 CCI와 직접적인 경쟁은 적지만, 디지털 인프라 부문에서는 연결 고리가 강합니다.""}",,known_fact,각 기업의 사업 보고서 및 투자자 자료(예: REIT 산업 분류) 참조,"IRM은 데이터 센터 외에 대규모 물리적 기록 보관 사업을 영위하고 있어 CCI와 직접적인 경쟁은 적지만, 디지털 인프라 부문에서는 연결 고리가 강합니다.",
AVB,ESS,중,동일,A,아파트 임대 및 개발,1.0,부동산·REIT,"{""claim"": ""두 회사 모두 대규모 아파트 포트폴리오를 소유, 개발, 재개발 및 관리하는 주거용 부동산 투자 신탁(REIT)으로 동일한 사업 도메인에서 경쟁합니다."", ""claim_type"": ""known_fact"", ""basis_hint"": ""AVB (AvalonBay Communities) 및 ESS (Essex Property Trust)의 공식 웹사이트, SEC Filing (10-K), 그리고 GICS/NAICS 산업 분류 정보를 통해 확인 가능합니다."", ""counter_signal"": """"}",,known_fact,"AVB (AvalonBay Communities) 및 ESS (Essex Property Trust)의 공식 웹사이트, SEC Filing (10-K), 그리고 GICS/NAICS 산업 분류 정보를 통해 확인 가능합니다.",,
CTSH,FI,중,동일,A,금융 기술 서비스,0.9,클라우드·엔터프라이즈SW,"{""claim"": ""Cognizant는 금융 서비스 부문에 IT 컨설팅 및 솔루션을 제공하며, Fiserv는 금융 기관을 위한 핵심 기술 및 결제 솔루션을 전문으로 하여, 두 회사 모두 금융 기술 서비스 시장에서 운영됩니다."", ""claim_type"": ""known_fact"", ""basis_hint"": ""각 회사 웹사이트, 연례 보고서(10-K), 산업 분석 보고서"", ""counter_signal"": ""Cognizant는 다양한 산업에 서비스를 제공하는 반면, Fiserv는 금융 산업에만 집중하며 주로 자체 솔루션 및 플랫폼을 제공한다는 점에서 비즈니스 모델에 차이가 있습니다.""}",,known_fact,"각 회사 웹사이트, 연례 보고서(10-K), 산업 분석 보고서","Cognizant는 다양한 산업에 서비스를 제공하는 반면, Fiserv는 금융 산업에만 집중하며 주로 자체 솔루션 및 플랫폼을 제공한다는 점에서 비즈니스 모델에 차이가 있습니다.",
DVN,EXE,중,동일,A,무관한 사업 영역,1.0,에너지·유전·수처리,"{""claim"": ""DVN은 석유 및 가스 탐사 및 생산 기업이며, EXE는 2015년 인수된 소매 부동산 투자 신탁(REIT)이었던 회사로, 사업 도메인에서 경쟁 또는 연결 관계가 없습니다."", ""claim_type"": ""known_fact"", ""basis_hint"": ""DVN 및 EXE의 기업 프로필 및 산업 분류 정보"", ""counter_signal"": """"}",,known_fact,DVN 및 EXE의 기업 프로필 및 산업 분류 정보,,
CMS,XEL,중,동일,A,에너지 유틸리티,1.0,유틸리티,"{""claim"": ""CMS와 XEL은 모두 미국 내에서 전력 및 천연가스를 공급하는 주요 규제 공공 유틸리티 기업입니다."", ""claim_type"": ""known_fact"", ""basis_hint"": ""각 사의 공식 웹사이트, 연간 보고서(10-K), 산업 분류(GICS 섹터: 유틸리티)"", ""counter_signal"": """"}",,known_fact,"각 사의 공식 웹사이트, 연간 보고서(10-K), 산업 분류(GICS 섹터: 유틸리티)",,
COP,TPL,중,동일,A,석유가스 생산 및 광물권,0.95,에너지·유전·수처리,"{""claim"": ""ConocoPhillips는 전 세계적으로 석유 및 천연가스를 탐사하고 생산하는 주요 기업이며, Texas Pacific Land는 서부 텍사스 지역의 광범위한 광물권을 통해 석유가스 생산 로열티 및 기타 관련 수익을 얻으므로, 둘 다 석유가스 상류 사업 도메인에서 밀접하게 연결됩니다."", ""claim_type"": ""known_fact"", ""basis_hint"": ""각 기업의 주요 사업 모델 및 수익원 (ConocoPhillips: E&P, TPL: 광물권 로열티)"", ""counter_signal"": """"}",,known_fact,"각 기업의 주요 사업 모델 및 수익원 (ConocoPhillips: E&P, TPL: 광물권 로열티)",,
CASY,ULTA,중,동일,A,이질적 소매업,1.0,소매·소비재,"{""claim"": ""Casey's General Stores는 편의점 및 주유소 사업을, Ulta Beauty는 뷰티 제품 소매 및 살롱 서비스를 제공하므로 사업 도메인이 직접적으로 경쟁하거나 연결되지 않는 완전히 상이합니다."", ""claim_type"": ""known_fact"", ""basis_hint"": ""각 사의 공개된 사업 모델 및 주력 제품/서비스 분류"", ""counter_signal"": """"}",,known_fact,각 사의 공개된 사업 모델 및 주력 제품/서비스 분류,,
EL,KVUE,중,동일,A,뷰티 및 퍼스널 케어,0.7,소매·소비재,"{""claim"": ""EL은 럭셔리 뷰티 제품을, KVUE는 컨슈머 헬스 및 퍼스널 케어 제품을 제공하며, 이들은 광범위한 개인 관리 소비재 시장에서 연결된다."", ""claim_type"": ""known_fact"", ""basis_hint"": ""각 기업의 사업 영역 및 주요 브랜드 포트폴리오 확인 (EL: Estée Lauder, Clinique; KVUE: Tylenol, Neutrogena)."", ""counter_signal"": ""각 기업의 주요 타겟 시장(EL은 럭셔리, KVUE는 대중)과 핵심 사업 영역(EL은 미용, KVUE는 헬스)이 명확하여 직접적인 경쟁은 제한적이다.""}",,known_fact,"각 기업의 사업 영역 및 주요 브랜드 포트폴리오 확인 (EL: Estée Lauder, Clinique; KVUE: Tylenol, Neutrogena).","각 기업의 주요 타겟 시장(EL은 럭셔리, KVUE는 대중)과 핵심 사업 영역(EL은 미용, KVUE는 헬스)이 명확하여 직접적인 경쟁은 제한적이다.",
CFG,TFC,중,동일,A,종합 은행 서비스,0.95,금융·결제·거래소,"{""claim"": ""CFG와 TFC는 모두 미국 내에서 리테일 및 상업 고객에게 예금, 대출, 투자 등 다양한 금융 상품과 서비스를 제공하는 종합 은행이다."", ""claim_type"": ""known_fact"", ""basis_hint"": ""각 사의 공식 웹사이트, 투자자 관계 자료 및 금융 산업 보고서."", ""counter_signal"": """"}",,known_fact,"각 사의 공식 웹사이트, 투자자 관계 자료 및 금융 산업 보고서.",,
BALL,PKG,중,동일,A,포장재 제조,0.9,부동산·REIT,"{""claim"": ""두 회사 모두 다양한 산업 분야에 사용되는 포장재를 설계 및 제조하는 사업을 영위합니다."", ""claim_type"": ""known_fact"", ""basis_hint"": ""BALL은 알루미늄 캔을, PKG는 골판지 상자를 주로 생산하며, 둘 다 광범위한 포장 솔루션을 제공합니다."", ""counter_signal"": """"}",,known_fact,"BALL은 알루미늄 캔을, PKG는 골판지 상자를 주로 생산하며, 둘 다 광범위한 포장 솔루션을 제공합니다.",,
FTV,GRMN,중,동일,A,센싱 및 측정 기술,0.65,반도체·메모리,"{""claim"": ""FTV는 산업 정밀 측정 및 센싱 솔루션을 제공하며, GRMN은 GPS 기반 내비게이션 및 웨어러블 기기에 다양한 센싱 기술을 활용하므로, 센싱 및 측정 기술 도메인에서 기술적 공통점을 찾을 수 있다."", ""claim_type"": ""inference"", ""basis_hint"": ""회사 사업 설명 및 주요 제품군 분석 (Company business descriptions and analysis of main product lines)"", ""counter_signal"": ""두 회사의 주력 시장(FTV는 B2B 산업, GRMN은 B2C 소비재 및 특정 전문 시장)과 최종 제품군이 크게 달라 직접적인 경쟁은 제한적임.""}",,inference,회사 사업 설명 및 주요 제품군 분석 (Company business descriptions and analysis of main product lines),"두 회사의 주력 시장(FTV는 B2B 산업, GRMN은 B2C 소비재 및 특정 전문 시장)과 최종 제품군이 크게 달라 직접적인 경쟁은 제한적임.",
SYK,ZBH,중,동일,A,정형외과 의료기기,0.95,헬스케어·의료기기·제약,"{""claim"": ""Stryker (SYK)와 Zimmer Biomet (ZBH)는 모두 정형외과용 임플란트(특히 관절 치환술) 및 수술 기기를 주력으로 하는 글로벌 의료기기 기업으로 핵심 사업 분야에서 직접적인 경쟁 관계에 있습니다."", ""claim_type"": ""known_fact"", ""basis_hint"": ""각 기업의 공식 웹사이트, 연례 보고서(10-K), 그리고 의료기기 산업 분석 보고서에서 정형외과 분야의 주요 경쟁사로 상호 언급됨."", ""counter_signal"": """"}",,known_fact,"각 기업의 공식 웹사이트, 연례 보고서(10-K), 그리고 의료기기 산업 분석 보고서에서 정형외과 분야의 주요 경쟁사로 상호 언급됨.",,
JBL,TDY,중,동일,A,고기술 전자 및 시스템,0.8,반도체·메모리,"{""claim"": ""JBL은 다양한 산업 분야의 전자 제품 위탁 생산 및 엔지니어링 서비스 제공을 통해 고기술 전자 시스템 구현을 지원하며, TDY는 디지털 이미징, 계측, 항공우주 및 방위 전자 시스템 등 자체적인 고기술 전자 및 시스템을 개발하고 공급합니다."", ""claim_type"": ""inference"", ""basis_hint"": ""각 기업의 사업 영역 및 제공하는 제품/서비스 정보"", ""counter_signal"": ""JBL은 주로 제조 서비스업이고 TDY는 자체 제품/시스템 개발 및 공급업체이므로, 사업 모델에서의 직접적인 경쟁은 제한적입니다.""}",,inference,각 기업의 사업 영역 및 제공하는 제품/서비스 정보,"JBL은 주로 제조 서비스업이고 TDY는 자체 제품/시스템 개발 및 공급업체이므로, 사업 모델에서의 직접적인 경쟁은 제한적입니다.",
EXC,LNT,중,동일,A,전력 유틸리티,0.95,유틸리티,"{""claim"": ""두 회사 모두 미국 내 규제 전력 시장에서 발전, 송전, 배전 및 고객 서비스 등을 제공하는 주요 유틸리티 기업입니다."", ""claim_type"": ""known_fact"", ""basis_hint"": ""회사 공식 웹사이트 및 사업 보고서, 산업 분류 (GICS)"", ""counter_signal"": """"}",,known_fact,"회사 공식 웹사이트 및 사업 보고서, 산업 분류 (GICS)",,
BDX,RMD,중,동일,A,의료기기,0.9,헬스케어·의료기기·제약,"{""claim"": ""BDX는 광범위한 의료기기 및 진단 솔루션을 제공하며, RMD는 호흡기 질환 관리 의료기기 전문 기업이다. 두 회사 모두 의료기기 산업의 주요 플레이어이다."", ""claim_type"": ""known_fact"", ""basis_hint"": ""각 기업의 공식 사업 설명 및 제품 포트폴리오"", ""counter_signal"": ""BDX와 RMD는 주력하는 의료기기 분야가 달라 직접적인 제품 경쟁은 제한적이다.""}",,known_fact,각 기업의 공식 사업 설명 및 제품 포트폴리오,BDX와 RMD는 주력하는 의료기기 분야가 달라 직접적인 제품 경쟁은 제한적이다.,
RF,TFC,중,동일,A,지역 상업은행업,0.98,금융·결제·거래소,"{""claim"": ""RF(Regions Financial Corporation)와 TFC(Truist Financial Corporation)는 모두 미국 남동부를 중심으로 광범위한 리테일 및 상업 뱅킹 서비스를 제공하는 대형 지역 상업은행으로 직접적인 경쟁 관계에 있다."", ""claim_type"": ""known_fact"", ""basis_hint"": ""기업 개요, 금융 산업 보고서, 증권사 리서치"", ""counter_signal"": """"}",,known_fact,"기업 개요, 금융 산업 보고서, 증권사 리서치",,
DVN,FANG,중,동일,A,석유가스 탐사생산,0.95,에너지·유전·수처리,"{""claim"": ""DVN(Devon Energy)과 FANG(Diamondback Energy)은 모두 미국 내 주요 셰일 유전에 집중하는 독립적인 석유 및 천연가스 탐사 및 생산(E&P) 기업이다."", ""claim_type"": ""known_fact"", ""basis_hint"": ""각 회사의 사업 개요, SEC filing (10-K), 투자자 관계 자료"", ""counter_signal"": """"}",,known_fact,"각 회사의 사업 개요, SEC filing (10-K), 투자자 관계 자료",,
AEP,CMS,중,동일,A,에너지 유틸리티,0.9,유틸리티,"{""claim"": ""두 회사 모두 미국 내에서 전력 및 천연가스 공급을 주요 사업으로 하는 대형 유틸리티 기업입니다."", ""claim_type"": ""known_fact"", ""basis_hint"": ""회사 사업 보고서, 산업 분류 (Utilities Sector)"", ""counter_signal"": """"}",,known_fact,"회사 사업 보고서, 산업 분류 (Utilities Sector)",,
IP,PKG,중,동일,B,골판지 포장재 제조,1.0,부동산·REIT,,"{""claim"": ""International Paper Company와 Packaging Corporation of America는 골판지 상자 및 기타 종이 기반 포장재 제조 산업에서 직접적으로 경쟁하는 주요 기업들입니다."", ""claim_type"": ""known_fact"", ""basis_hint"": ""두 회사 모두 사업 보고서 및 공식 웹사이트에서 골판지 컨테이너 및 포장재 제조를 핵심 사업으로 명시하고 있습니다."", ""counter_signal"": """"}",known_fact,두 회사 모두 사업 보고서 및 공식 웹사이트에서 골판지 컨테이너 및 포장재 제조를 핵심 사업으로 명시하고 있습니다.,,
D,EVRG,중,동일,B,규제 전력 유틸리티,1.0,유틸리티,,"{""claim"": ""두 종목 모두 'Regulated Electric'으로 설명되어 규제 환경에서 전력을 생산, 송전 및 분배하는 동일한 핵심 사업을 영위합니다."", ""claim_type"": ""known_fact"", ""basis_hint"": ""주어진 종목 설명"", ""counter_signal"": """"}",known_fact,주어진 종목 설명,,
EIX,XEL,중,동일,B,규제 전력 유틸리티,1.0,유틸리티,,"{""claim"": ""두 회사 모두 규제 환경에서 전력 생산, 송전 및 배전 서비스를 제공하는 주요 전력 유틸리티 회사입니다."", ""claim_type"": ""known_fact"", ""basis_hint"": ""제공된 종목 설명(Regulated Electric)"", ""counter_signal"": """"}",known_fact,제공된 종목 설명(Regulated Electric),,
L,PGR,중,동일,B,손해보험업,0.95,금융·결제·거래소,,"{""claim"": ""두 기업 모두 미국 상장사 정보에 명시된 바와 같이 손해보험(Property & Casualty Insurance)을 핵심 사업으로 영위한다."", ""claim_type"": ""known_fact"", ""basis_hint"": ""제공된 산업 분류"", ""counter_signal"": """"}",known_fact,제공된 산업 분류,,
CHD,PG,중,동일,B,가정 및 개인용품,0.95,소매·소비재,,"{""claim"": ""두 회사 모두 가정용 세제, 개인 위생용품, 구강 관리 제품 등 다양한 소비재를 생산 및 판매하며, 이들 사업 영역에서 직접적으로 경쟁합니다."", ""claim_type"": ""known_fact"", ""basis_hint"": ""기업별 주요 브랜드 및 제품군 (예: CHD의 Arm & Hammer, OxiClean, PG의 Tide, Crest)"", ""counter_signal"": """"}",known_fact,"기업별 주요 브랜드 및 제품군 (예: CHD의 Arm & Hammer, OxiClean, PG의 Tide, Crest)",,
BSX,ZBH,중,동일,B,이식형 의료기기,0.9,헬스케어·의료기기·제약,,"{""claim"": ""두 회사는 모두 심혈관, 신경, 정형외과 등 다양한 신체 부위에 사용되는 고가치 이식형 의료기기를 개발, 제조 및 판매하는 주요 기업이다."", ""claim_type"": ""known_fact"", ""basis_hint"": ""각 기업의 주요 사업 부문 및 제품 포트폴리오 (예: BSX의 스텐트, 신경 자극기; ZBH의 인공 관절, 척추 임플란트)"", ""counter_signal"": ""두 회사의 주력 이식형 의료기기 제품군은 직접적으로 경쟁하기보다 신체 부위별로 특화되어 있다.""}",known_fact,"각 기업의 주요 사업 부문 및 제품 포트폴리오 (예: BSX의 스텐트, 신경 자극기; ZBH의 인공 관절, 척추 임플란트)",두 회사의 주력 이식형 의료기기 제품군은 직접적으로 경쟁하기보다 신체 부위별로 특화되어 있다.,
CMS,EIX,중,동일,B,규제 전력 유틸리티,1.0,유틸리티,,"{""claim"": ""두 기업 모두 사업 설명에 'Regulated Electric'으로 명시되어 있어, 핵심 사업 도메인이 규제 전력 유틸리티로 동일합니다."", ""claim_type"": ""known_fact"", ""basis_hint"": ""CMS 및 EIX의 제공된 회사 설명 ('Regulated Electric')"", ""counter_signal"": """"}",known_fact,CMS 및 EIX의 제공된 회사 설명 ('Regulated Electric'),,
L,WRB,중,동일,B,재물 및 배상 책임 보험,1.0,금융·결제·거래소,,"{""claim"": ""L과 WRB는 모두 재산 및 상해 보험(Property & Casualty Insurance) 산업에 속하며, 동일한 유형의 보험 상품 및 서비스를 제공하며 직접 경쟁한다."", ""claim_type"": ""known_fact"", ""basis_hint"": ""두 Peer 종목의 산업 분류가 'Insurance - Property & Casualty'로 명시적으로 동일함."", ""counter_signal"": """"}",known_fact,두 Peer 종목의 산업 분류가 'Insurance - Property & Casualty'로 명시적으로 동일함.,,
AEE,PCG,중,동일,B,규제 전기 유틸리티,1.0,유틸리티,,"{""claim"": ""AEE와 PCG는 모두 규제받는 전력 생산, 송전, 배전을 주 사업으로 하는 유틸리티 기업입니다."", ""claim_type"": ""known_fact"", ""basis_hint"": ""두 종목의 설명에 공통적으로 'Regulated Electric'이 명시되어 있습니다."", ""counter_signal"": """"}",known_fact,두 종목의 설명에 공통적으로 'Regulated Electric'이 명시되어 있습니다.,,
ISRG,WST,중,동일,B,정밀 의료 기술 및 부품,0.8,헬스케어·의료기기·제약,,"{""claim"": ""ISRG는 로봇 수술 시스템과 같은 정밀 의료 기술 및 기기를 개발하고, WST는 주사제용 의약품 포장 및 전달을 위한 정밀 부품을 제조하여, 양사 모두 정밀 의료 분야에 필수적인 기술과 부품을 제공한다."", ""claim_type"": ""known_fact"", ""basis_hint"": ""각 회사 공식 웹사이트 및 제품 소개 자료"", ""counter_signal"": ""양사가 직접적으로 경쟁하거나 공급망에서 긴밀하게 연결되지는 않음""}",known_fact,각 회사 공식 웹사이트 및 제품 소개 자료,양사가 직접적으로 경쟁하거나 공급망에서 긴밀하게 연결되지는 않음,
DD,ECL,중,동일,B,수처리 솔루션,0.9,소재·화학,,"{""claim"": ""듀폰은 수처리 멤브레인 및 이온 교환 수지 같은 핵심 소재를 제공하며, 에코랩은 산업 및 기관 수처리 시스템을 위한 화학 제품과 서비스를 제공하여 양사 모두 수처리 도메인에서 전문성을 발휘합니다."", ""claim_type"": ""known_fact"", ""basis_hint"": ""DuPont의 Water & Protection 부문; Ecolab의 Water & Process Services 부문."", ""counter_signal"": ""듀폰은 주로 수처리용 소재 및 부품을 판매하는 반면, 에코랩은 통합 화학 솔루션 및 서비스를 제공하여 사업 모델에 차이가 있습니다.""}",known_fact,DuPont의 Water & Protection 부문; Ecolab의 Water & Process Services 부문.,"듀폰은 주로 수처리용 소재 및 부품을 판매하는 반면, 에코랩은 통합 화학 솔루션 및 서비스를 제공하여 사업 모델에 차이가 있습니다.",
DVN,EQT,중,동일,B,원유 및 천연가스 생산,1.0,에너지·유전·수처리,,"{""claim"": ""두 기업 모두 사업 설명에 'Oil & Gas Exploration & Production'으로 명시되어 있어 원유 및 천연가스 탐사 및 생산 사업에서 직접적으로 경쟁한다."", ""claim_type"": ""known_fact"", ""basis_hint"": ""제공된 기업 정보 (사업 설명)"", ""counter_signal"": """"}",known_fact,제공된 기업 정보 (사업 설명),,
DGX,IQV,중,동일,B,의료 진단 및 생명과학 연구,0.8,헬스케어·의료기기·제약,,"{""claim"": ""DGX는 의료 진단 서비스를 제공하며, IQV는 생명과학 분야의 임상 연구 및 데이터 솔루션에 중점을 두어, 두 기업은 의료 진단과 생명과학 연구라는 사업 도메인에서 연결됩니다."", ""claim_type"": ""known_fact"", ""basis_hint"": ""각 기업의 사업 분야 설명 및 공식 웹사이트 정보."", ""counter_signal"": ""DGX는 주로 환자 대상의 검사실 서비스에 집중하는 반면, IQV는 제약사 등 기업 대상의 임상 시험 및 데이터 분석 서비스가 주력으로, 직접적인 경쟁 관계는 약합니다.""}",known_fact,각 기업의 사업 분야 설명 및 공식 웹사이트 정보.,"DGX는 주로 환자 대상의 검사실 서비스에 집중하는 반면, IQV는 제약사 등 기업 대상의 임상 시험 및 데이터 분석 서비스가 주력으로, 직접적인 경쟁 관계는 약합니다.",
NWS,WBD,중,동일,B,미디어 콘텐츠,0.8,미디어·스트리밍·검색,,"{""claim"": ""News Corp.은 뉴스, 출판, 호주 내 구독형 비디오 서비스를 제공하며, Warner Bros. Discovery는 영화, TV 프로그램, 스트리밍 서비스를 중심으로 미디어 콘텐츠를 제작하고 유통한다."", ""claim_type"": ""known_fact"", ""basis_hint"": ""각 사의 사업 부문 및 제공 서비스."", ""counter_signal"": ""News Corp의 사업 포트폴리오 중 엔터테인먼트 콘텐츠 제작 비중은 Warner Bros. Discovery에 비해 훨씬 작다.""}",known_fact,각 사의 사업 부문 및 제공 서비스.,News Corp의 사업 포트폴리오 중 엔터테인먼트 콘텐츠 제작 비중은 Warner Bros. Discovery에 비해 훨씬 작다.,
CB,L,중,동일,B,재물 및 상해 보험,0.98,금융·결제·거래소,,"{""claim"": ""두 회사 모두 명시적으로 재물 및 상해 보험(Property & Casualty Insurance) 업종으로 분류됩니다."", ""claim_type"": ""known_fact"", ""basis_hint"": ""제공된 정보에 두 Peer 종목의 산업 분류가 'Insurance - Property & Casualty'로 동일하게 기재됨."", ""counter_signal"": """"}",known_fact,제공된 정보에 두 Peer 종목의 산업 분류가 'Insurance - Property & Casualty'로 동일하게 기재됨.,,
DELL,HPQ,중,동일,B,컴퓨터 하드웨어 제조,1.0,반도체·메모리,,"{""claim"": ""Dell과 HP는 개인용 컴퓨터, 프린터, 서버 등 다양한 컴퓨터 하드웨어를 설계, 제조 및 판매하는 주요 경쟁사입니다."", ""claim_type"": ""known_fact"", ""basis_hint"": ""두 기업의 공식 사업 보고서, 제품 포트폴리오, 시장 점유율 분석"", ""counter_signal"": """"}",known_fact,"두 기업의 공식 사업 보고서, 제품 포트폴리오, 시장 점유율 분석",,
AEE,AEP,중,동일,B,규제 전기 유틸리티,1.0,유틸리티,,"{""claim"": ""두 회사는 모두 규제 산업 내에서 전기를 생산하고 배분하는 유틸리티 기업입니다."", ""claim_type"": ""known_fact"", ""basis_hint"": ""종목 설명에 명시된 'Regulated Electric' 사업 유형"", ""counter_signal"": """"}",known_fact,종목 설명에 명시된 'Regulated Electric' 사업 유형,,
NVDA,Q,중,동일,B,반도체,1.0,반도체·메모리,,"{""claim"": ""두 종목 모두 'SEMICONDUCTORS' 산업으로 명시되어 있어, 같은 반도체 산업 도메인에서 경쟁하거나 연결될 것으로 판단된다."", ""claim_type"": ""known_fact"", ""basis_hint"": ""NVDA와 Q 종목 정보에 명시된 산업 분류가 'SEMICONDUCTORS'이다."", ""counter_signal"": """"}",known_fact,NVDA와 Q 종목 정보에 명시된 산업 분류가 'SEMICONDUCTORS'이다.,,
DTE,ED,중,동일,B,규제 전력 유틸리티,1.0,유틸리티,,"{""claim"": ""두 회사 모두 핵심 사업으로 규제를 받는 전력 유틸리티를 운영하며, 종목 설명에 'Regulated Electric'으로 명시되어 있습니다."", ""claim_type"": ""known_fact"", ""basis_hint"": ""종목 설명"", ""counter_signal"": """"}",known_fact,종목 설명,,
RMD,WST,중,동일,B,의료기기 및 제약 부품 제조,0.9,헬스케어·의료기기·제약,,"{""claim"": ""RMD는 수면 무호흡증 및 호흡기 질환 치료용 의료기기를 제조하고, WST는 주사제용 포장 및 전달 부품을 제조하여 각각 의료기기 및 제약 산업에 핵심 부품 및 제품을 공급합니다."", ""claim_type"": ""known_fact"", ""basis_hint"": ""두 회사의 주요 사업 내용 및 제품군 비교 분석"", ""counter_signal"": """"}",known_fact,두 회사의 주요 사업 내용 및 제품군 비교 분석,,
LYB,NEM,중,상이,A,서로 다른 산업 부문,1.0,소재·화학,"{""claim"": ""LYB는 석유화학 제품 및 정유 사업을, NEM은 금속 광업(주로 금)을 영위하여 주요 사업 도메인에서 직접적인 경쟁이나 유의미한 연결이 없습니다."", ""claim_type"": ""known_fact"", ""basis_hint"": ""각 기업의 사업 보고서 및 공식 웹사이트에 명시된 주요 사업 영역 정보"", ""counter_signal"": ""양사 모두 원자재 시장 및 거시경제 변동에 민감하게 반응할 수 있다는 점""}",,known_fact,각 기업의 사업 보고서 및 공식 웹사이트에 명시된 주요 사업 영역 정보,양사 모두 원자재 시장 및 거시경제 변동에 민감하게 반응할 수 있다는 점,
ESS,EXR,중,상이,A,부동산 임대업,0.9,부동산·REIT,"{""claim"": ""ESS는 주거용 아파트, EXR은 셀프 스토리지 시설을 소유하고 임대하는 부동산 투자 신탁(REIT) 회사입니다."", ""claim_type"": ""known_fact"", ""basis_hint"": ""각 회사 공식 웹사이트 및 투자자 자료"", ""counter_signal"": ""두 회사는 서로 다른 유형의 부동산 자산에 중점을 두므로 최종 고객 경쟁은 제한적입니다.""}",,known_fact,각 회사 공식 웹사이트 및 투자자 자료,두 회사는 서로 다른 유형의 부동산 자산에 중점을 두므로 최종 고객 경쟁은 제한적입니다.,
NKE,WSM,중,상이,A,재량 소비재 소매업,0.8,소매·소비재,"{""claim"": ""NKE는 스포츠 의류 및 신발을, WSM은 가정용품 및 가구를 판매하는 기업으로, 둘 다 소비자의 재량 지출을 타겟으로 하는 소매 기업이다."", ""claim_type"": ""known_fact"", ""basis_hint"": ""두 회사 모두 소비재 산업 내 소매 부문에 속하며, 소비자의 가처분 소득 내에서 지출 경쟁을 한다."", ""counter_signal"": ""두 회사는 판매하는 제품 카테고리가 완전히 달라 직접적인 제품 시장 경쟁은 없다.""}",,known_fact,"두 회사 모두 소비재 산업 내 소매 부문에 속하며, 소비자의 가처분 소득 내에서 지출 경쟁을 한다.",두 회사는 판매하는 제품 카테고리가 완전히 달라 직접적인 제품 시장 경쟁은 없다.,
AWK,ED,중,상이,A,유틸리티 서비스,0.95,유틸리티,"{""claim"": ""AWK는 수도 유틸리티 기업이며, ED는 전력, 가스 및 증기를 제공하는 다중 유틸리티 기업으로, 둘 다 규제받는 필수 인프라 서비스 사업을 영위합니다."", ""claim_type"": ""known_fact"", ""basis_hint"": ""각 기업의 공식 사업 내용 및 산업 분류."", ""counter_signal"": ""각 회사가 제공하는 주요 유틸리티 종류(수도 대 전력/가스)는 다르므로, 더 세분화된 분류에서는 직접적인 경쟁자로 보기 어려울 수 있습니다.""}",,known_fact,각 기업의 공식 사업 내용 및 산업 분류.,"각 회사가 제공하는 주요 유틸리티 종류(수도 대 전력/가스)는 다르므로, 더 세분화된 분류에서는 직접적인 경쟁자로 보기 어려울 수 있습니다.",
KMB,TSN,중,상이,A,필수 소비재,0.7,소매·소비재,"{""claim"": ""KMB는 개인 위생 용품 및 종이 제품을, TSN은 육류 및 가공 식품을 생산하며, 둘 다 광범위한 필수 소비재 시장에 속한다."", ""claim_type"": ""known_fact"", ""basis_hint"": ""각 기업의 주요 제품군 및 산업 분류 (GICS Consumer Staples 섹터)"", ""counter_signal"": ""두 기업의 핵심 제품군이 직접적인 대체재 관계를 형성하지 않아 사업적 경쟁은 간접적이다.""}",,known_fact,각 기업의 주요 제품군 및 산업 분류 (GICS Consumer Staples 섹터),두 기업의 핵심 제품군이 직접적인 대체재 관계를 형성하지 않아 사업적 경쟁은 간접적이다.,
CPRT,DHI,중,상이,A,독립 사업 영역,0.0,자동차·부품·산업재,"{""claim"": ""CPRT는 손상된 차량 경매 및 리마케팅 서비스를 제공하고 DHI는 주택 건설 및 판매 사업을 영위하여 사업 영역이 완전히 다르다."", ""claim_type"": ""known_fact"", ""basis_hint"": ""각 기업의 사업 내용 및 주요 서비스/제품 정보 (예: CPRT는 중고차 경매, DHI는 주택 건설)."", ""counter_signal"": """"}",,known_fact,"각 기업의 사업 내용 및 주요 서비스/제품 정보 (예: CPRT는 중고차 경매, DHI는 주택 건설).",,
ADSK,BR,중,상이,A,산업 소프트웨어 및 금융 기술,1.0,클라우드·엔터프라이즈SW,"{""claim"": ""Autodesk (ADSK)는 건축, 엔지니어링, 건설, 제조 등 광범위한 산업 분야를 위한 디자인 및 엔지니어링 소프트웨어를 제공하며, Broadridge (BR)는 금융 기관을 위한 투자자 커뮤니케이션, 거래 처리 및 기술 솔루션을 전문으로 한다. 두 회사의 핵심 사업 도메인은 명확히 분리되어 직접적인 경쟁 또는 연결 고리를 찾기 어렵다."", ""claim_type"": ""known_fact"", ""basis_hint"": ""각 기업의 공식 웹사이트, 사업 보고서 및 시장 포지셔닝 정보"", ""counter_signal"": """"}",,known_fact,"각 기업의 공식 웹사이트, 사업 보고서 및 시장 포지셔닝 정보",,
DHR,MRNA,중,상이,A,생명과학 도구 및 바이오 신약 개발,0.95,헬스케어·의료기기·제약,"{""claim"": ""Danaher는 생명과학 연구 및 바이오 의약품 생산에 필요한 장비, 시약 및 솔루션을 제공하는 반면, Moderna는 mRNA 기반 치료제 및 백신을 연구 개발하는 바이오 제약 회사입니다."", ""claim_type"": ""known_fact"", ""basis_hint"": ""Danaher 및 Moderna의 사업 보고서 및 공식 기업 소개"", ""counter_signal"": ""Danaher가 직접 mRNA 치료제를 개발하거나, Moderna가 생명과학 장비를 대규모로 제조 및 판매한다는 증거는 없습니다.""}",,known_fact,Danaher 및 Moderna의 사업 보고서 및 공식 기업 소개,"Danaher가 직접 mRNA 치료제를 개발하거나, Moderna가 생명과학 장비를 대규모로 제조 및 판매한다는 증거는 없습니다.",
CEG,PPL,중,상이,A,에너지 유틸리티,0.9,유틸리티,"{""claim"": ""CEG는 전력 생산 및 소매 공급에, PPL은 전력 및 천연가스 유틸리티 운영에 중점을 두어, 모두 에너지 유틸리티 산업 도메인에서 활동합니다."", ""claim_type"": ""known_fact"", ""basis_hint"": ""각 기업의 사업 설명 (Business descriptions of each company)"", ""counter_signal"": """"}",,known_fact,각 기업의 사업 설명 (Business descriptions of each company),,
F,TPR,중,상이,A,상이한 사업 도메인,0.9,자동차·부품·산업재,"{""claim"": ""F는 자동차 제조사이고 TPR은 명품 패션 기업으로, 사업 도메인과 제품군이 매우 상이하여 직접적인 경쟁 또는 사업적 연결성이 없습니다."", ""claim_type"": ""known_fact"", ""basis_hint"": ""각 기업의 사업 보고서 및 제품 라인업"", ""counter_signal"": """"}",,known_fact,각 기업의 사업 보고서 및 제품 라인업,,
OTIS,WM,중,상이,A,시설 관리 지원 서비스,0.75,자동차·부품·산업재,"{""claim"": ""OTIS는 건물 내 수직 이동 시설을, WM은 건물 외부 폐기물 처리 서비스를 제공하며, 둘 다 시설 운영에 필수적인 지원 서비스다."", ""claim_type"": ""known_fact"", ""basis_hint"": ""OTIS (엘리베이터 및 에스컬레이터 설치/서비스), WM (폐기물 관리 서비스) 사업 내용"", ""counter_signal"": ""두 기업의 핵심 사업 분야는 직접적인 경쟁 관계에 있지 않다.""}",,known_fact,"OTIS (엘리베이터 및 에스컬레이터 설치/서비스), WM (폐기물 관리 서비스) 사업 내용",두 기업의 핵심 사업 분야는 직접적인 경쟁 관계에 있지 않다.,
JBHT,SNA,중,상이,A,상업 운송 및 차량 유지보수,0.85,자동차·부품·산업재,"{""claim"": ""JBHT는 북미 지역의 주요 운송 및 물류 서비스를 제공하며, SNA는 상업용 차량 및 장비의 진단, 수리, 유지보수에 필요한 전문 도구와 장비를 공급한다."", ""claim_type"": ""known_fact"", ""basis_hint"": ""각 기업의 사업 보고서 및 시장 포지셔닝."", ""counter_signal"": ""두 기업은 직접적인 경쟁 관계에 있지 않으며, 사업 모델이 상이하다는 점.""}",,known_fact,각 기업의 사업 보고서 및 시장 포지셔닝.,"두 기업은 직접적인 경쟁 관계에 있지 않으며, 사업 모델이 상이하다는 점.",
HLT,ROL,중,상이,A,건물 유지보수,0.9,여행·숙박·크루즈,"{""claim"": ""Hilton Worldwide Holdings (HLT)는 숙박 시설의 위생 및 고객 만족을 위해 Rollins (ROL)가 제공하는 해충 방제와 같은 건물 유지보수 서비스가 필수적이다."", ""claim_type"": ""known_fact"", ""basis_hint"": ""HLT는 호텔 체인 운영사이며, ROL은 해충 방제를 포함한 상업용 시설 유지보수 서비스를 제공한다."", ""counter_signal"": ""ROL이 숙박 시설에 서비스를 제공하지 않거나, HLT가 모든 시설 유지보수 서비스를 완전히 내재화하는 경우""}",,known_fact,"HLT는 호텔 체인 운영사이며, ROL은 해충 방제를 포함한 상업용 시설 유지보수 서비스를 제공한다.","ROL이 숙박 시설에 서비스를 제공하지 않거나, HLT가 모든 시설 유지보수 서비스를 완전히 내재화하는 경우",
ORLY,PKG,중,상이,A,서로 다른 산업,0.9,자동차·부품·산업재,"{""claim"": ""ORLY는 자동차 부품 소매업체이며, PKG는 포장재 및 제지 제조업체로 사업 도메인이 명확히 다릅니다."", ""claim_type"": ""known_fact"", ""basis_hint"": ""각 기업의 공식 사업 내용 및 산업 분류 정보"", ""counter_signal"": ""두 기업 간 직접적인 공급망 연결 또는 경쟁 관계의 증거 없음""}",,known_fact,각 기업의 공식 사업 내용 및 산업 분류 정보,두 기업 간 직접적인 공급망 연결 또는 경쟁 관계의 증거 없음,
MDT,VTRS,중,상이,A,글로벌 헬스케어,0.9,헬스케어·의료기기·제약,"{""claim"": ""Medtronic은 의료기기 및 기술을, Viatris는 의약품을 제공하지만, 궁극적으로 글로벌 환자들의 건강 증진을 목표로 하는 헬스케어 산업 전반에 걸쳐 연결되어 있다."", ""claim_type"": ""known_fact"", ""basis_hint"": ""각 사의 사업 포트폴리오"", ""counter_signal"": ""직접적인 제품 경쟁은 하지 않으므로, 세부 사업 분야에서는 차이가 크다.""}",,known_fact,각 사의 사업 포트폴리오,"직접적인 제품 경쟁은 하지 않으므로, 세부 사업 분야에서는 차이가 크다.",
AMCR,AZO,중,상이,A,소비재 간접 공급망,0.2,부동산·REIT,"{""claim"": ""AMCR은 다양한 소비재 포장을 제공하고, AZO는 소비자 차량용 부품을 유통하여, 두 기업 모두 간접적으로 소비재 시장의 수요 변화에 영향을 받습니다."", ""claim_type"": ""inference"", ""basis_hint"": ""AMCR의 매출은 포장재가 사용되는 최종 소비재 생산량에 연동되며, AZO의 매출은 개인 차량 운행 및 유지보수 수요와 직결됩니다."", ""counter_signal"": ""두 기업의 핵심 사업 모델, 주력 고객, 그리고 직접적인 제품군은 포장재 제조와 자동차 부품 소매업으로 전혀 다릅니다.""}",,inference,"AMCR의 매출은 포장재가 사용되는 최종 소비재 생산량에 연동되며, AZO의 매출은 개인 차량 운행 및 유지보수 수요와 직결됩니다.","두 기업의 핵심 사업 모델, 주력 고객, 그리고 직접적인 제품군은 포장재 제조와 자동차 부품 소매업으로 전혀 다릅니다.",
CL,DLTR,중,상이,A,필수 소비재 소매,1.0,소매·소비재,"{""claim"": ""Colgate-Palmolive는 치약, 비누 등 필수 소비재를 생산하며, Dollar Tree는 이러한 제품을 포함한 다양한 상품을 할인 가격으로 판매하는 소매업체로서 필수 소비재 소매 시장에서 연결됩니다."", ""claim_type"": ""known_fact"", ""basis_hint"": ""두 기업의 핵심 사업 모델 및 제품/서비스 포트폴리오"", ""counter_signal"": """"}",,known_fact,두 기업의 핵심 사업 모델 및 제품/서비스 포트폴리오,,
FOX,T,중,상이,A,미디어 및 통신 서비스,0.7,미디어·스트리밍·검색,"{""claim"": ""AT&T는 무선 및 유선 통신 인프라와 서비스를 제공하며, FOX는 뉴스, 스포츠 등의 미디어 콘텐츠를 생산하고 방송 및 디지털 플랫폼을 통해 배포한다."", ""claim_type"": ""known_fact"", ""basis_hint"": ""AT&T의 핵심 통신 사업 (무선, 광대역), FOX의 주요 미디어 자산 (Fox News, Fox Sports, Tubi) 및 AT&T의 과거 WarnerMedia 보유 이력."", ""counter_signal"": ""AT&T가 과거 미디어 사업부(WarnerMedia)를 분사하면서, 두 기업 간의 직접적인 미디어 콘텐츠 경쟁은 크게 줄어들고 현재는 주로 콘텐츠 공급자와 통신 인프라 제공자로서 연결된다.""}",,known_fact,"AT&T의 핵심 통신 사업 (무선, 광대역), FOX의 주요 미디어 자산 (Fox News, Fox Sports, Tubi) 및 AT&T의 과거 WarnerMedia 보유 이력.","AT&T가 과거 미디어 사업부(WarnerMedia)를 분사하면서, 두 기업 간의 직접적인 미디어 콘텐츠 경쟁은 크게 줄어들고 현재는 주로 콘텐츠 공급자와 통신 인프라 제공자로서 연결된다.",
BR,FTNT,중,상이,A,기업용 기술 인프라,0.4,클라우드·엔터프라이즈SW,"{""claim"": ""Broadridge는 금융 서비스 기업의 디지털 커뮤니케이션 및 거래 처리 인프라 솔루션을 제공하며, Fortinet은 모든 기업의 사이버 보안 인프라 솔루션을 제공합니다."", ""claim_type"": ""known_fact"", ""basis_hint"": ""각 기업의 공식 사업 소개 및 서비스 포트폴리오"", ""counter_signal"": ""두 회사의 핵심 사업 영역은 직접적으로 경쟁하지 않으며, 각기 다른 유형의 기업용 기술 인프라를 제공합니다.""}",,known_fact,각 기업의 공식 사업 소개 및 서비스 포트폴리오,"두 회사의 핵심 사업 영역은 직접적으로 경쟁하지 않으며, 각기 다른 유형의 기업용 기술 인프라를 제공합니다.",
INVH,O,중,상이,A,부동산 임대업,0.9,부동산·REIT,"{""claim"": ""INVH는 단독 주택을, O는 상업용 부동산을 소유하고 임대하여 수익을 창출하는 리츠이다."", ""claim_type"": ""known_fact"", ""basis_hint"": ""각 사의 사업 설명 및 포트폴리오"", ""counter_signal"": ""INVH는 주거용, O는 상업용 부동산에 집중하여 직접적인 자산 경쟁은 제한적이다.""}",,known_fact,각 사의 사업 설명 및 포트폴리오,"INVH는 주거용, O는 상업용 부동산에 집중하여 직접적인 자산 경쟁은 제한적이다.",
EXR,IRM,중,상이,B,보관 서비스,0.7,부동산·REIT,,"{""claim"": ""EXR은 개인 및 사업체 대상의 셀프 스토리지 시설을, IRM은 기업 대상의 문서 보관 및 데이터 센터 서비스를 제공하여, 모두 고객의 물품이나 정보를 안전하게 보관하는 서비스를 핵심으로 합니다."", ""claim_type"": ""known_fact"", ""basis_hint"": ""EXR은 셀프 스토리지 REIT이며, IRM은 정보 및 데이터 보관 관리 전문 REIT입니다."", ""counter_signal"": ""EXR은 일반 물품을 개인이 직접 보관하는 셀프 스토리지인 반면, IRM은 주로 기업의 중요 문서 및 데이터를 관리하고 보관하는 전문 정보 관리 서비스로 사업 모델과 주요 고객층이 다릅니다.""}",known_fact,"EXR은 셀프 스토리지 REIT이며, IRM은 정보 및 데이터 보관 관리 전문 REIT입니다.","EXR은 일반 물품을 개인이 직접 보관하는 셀프 스토리지인 반면, IRM은 주로 기업의 중요 문서 및 데이터를 관리하고 보관하는 전문 정보 관리 서비스로 사업 모델과 주요 고객층이 다릅니다.",
BR,CTSH,중,상이,B,금융 IT 솔루션 및 서비스,0.8,클라우드·엔터프라이즈SW,,"{""claim"": ""Broadridge는 금융 특화 소프트웨어 및 서비스, Cognizant는 금융 분야를 포함한 IT 컨설팅 및 서비스를 제공하며, 둘 다 금융 산업의 기술 수요를 충족시킨다."", ""claim_type"": ""known_fact"", ""basis_hint"": ""각 사의 사업 내용 및 주요 서비스 분야"", ""counter_signal"": ""Broadridge는 특정 금융 업무 소프트웨어에, Cognizant는 더 광범위한 IT 서비스에 집중하여 직접적인 경쟁보다 보완적 관계일 수 있음.""}",known_fact,각 사의 사업 내용 및 주요 서비스 분야,"Broadridge는 특정 금융 업무 소프트웨어에, Cognizant는 더 광범위한 IT 서비스에 집중하여 직접적인 경쟁보다 보완적 관계일 수 있음.",
DOV,MMM,중,상이,B,산업용 기술 및 제품,0.9,자동차·부품·산업재,,"{""claim"": ""두 회사 모두 다양한 산업 분야에 걸쳐 특수 장비, 엔지니어링 제품, 첨단 소재 및 기술 기반 솔루션을 제공하는 다각화된 산업재 기업입니다."", ""claim_type"": ""known_fact"", ""basis_hint"": ""각 회사의 사업 설명, 주요 제품군, 그리고 산업 부문별 고객군 분석."", ""counter_signal"": ""3M은 소비재 및 헬스케어 부문에서도 상당한 매출을 올리며, 이는 Dover의 핵심 산업 기계 사업과는 직접적인 경쟁 영역이 아닙니다.""}",known_fact,"각 회사의 사업 설명, 주요 제품군, 그리고 산업 부문별 고객군 분석.","3M은 소비재 및 헬스케어 부문에서도 상당한 매출을 올리며, 이는 Dover의 핵심 산업 기계 사업과는 직접적인 경쟁 영역이 아닙니다.",
OMC,T,중,상이,B,미디어 및 광고 산업,0.8,미디어·스트리밍·검색,,"{""claim"": ""옴니콤은 핵심 광고 서비스를 제공하며, AT&T는 통신망을 통해 미디어 콘텐츠를 유통하고 자체적으로 대규모 광고를 집행하여 미디어 및 광고 산업의 중요한 한 축을 담당합니다."", ""claim_type"": ""inference"", ""basis_hint"": ""OMC의 광고 대행업 본업, AT&T의 통신망을 통한 미디어 유통 플랫폼 역할 및 대규모 광고주로서의 위치."", ""counter_signal"": ""AT&T의 주 수입원은 미디어 콘텐츠 판매나 광고 수익이 아닌 통신 서비스입니다.""}",inference,"OMC의 광고 대행업 본업, AT&T의 통신망을 통한 미디어 유통 플랫폼 역할 및 대규모 광고주로서의 위치.",AT&T의 주 수입원은 미디어 콘텐츠 판매나 광고 수익이 아닌 통신 서비스입니다.,
BG,HSY,중,상이,B,설탕 및 감미료,0.9,소매·소비재,,"{""claim"": ""Bunge는 주요 설탕 생산업체이며, Hershey는 초콜릿 및 제과 제품의 핵심 원료로 설탕을 대량 소비한다."", ""claim_type"": ""known_fact"", ""basis_hint"": ""BG의 사업 영역(설탕 생산 및 유통) 및 HSY의 제품 구성(초콜릿, 사탕류 등 설탕 함유 제품)."", ""counter_signal"": ""BG가 HSY에 직접 설탕을 공급한다는 구체적인 공급 계약 정보는 확인되지 않음.""}",known_fact,"BG의 사업 영역(설탕 생산 및 유통) 및 HSY의 제품 구성(초콜릿, 사탕류 등 설탕 함유 제품).",BG가 HSY에 직접 설탕을 공급한다는 구체적인 공급 계약 정보는 확인되지 않음.,
EFX,IEX,중,상이,B,상이한 산업군,0.9,자동차·부품·산업재,,"{""claim"": ""Equifax는 데이터 분석 및 신용 보고 등 정보 서비스업에, IDEX는 산업용 펌프 및 부품 등 기계 제조에 종사하여 사업 영역과 고객 기반이 완전히 다릅니다."", ""claim_type"": ""known_fact"", ""basis_hint"": ""각 기업의 사업 설명 및 산업 분류"", ""counter_signal"": """"}",known_fact,각 기업의 사업 설명 및 산업 분류,,
EQT,PSX,중,상이,B,석유가스 가치사슬,1.0,에너지·유전·수처리,,"{""claim"": ""EQT는 석유 및 가스 탐사 및 생산(상류 부문)을, Phillips 66은 석유 정제 및 마케팅(하류 부문)을 담당하여 석유가스 가치사슬의 서로 다른 단계에 위치한다."", ""claim_type"": ""known_fact"", ""basis_hint"": ""제공된 종목별 사업 설명 및 일반적인 에너지 산업 가치사슬 구조에 대한 이해"", ""counter_signal"": """"}",known_fact,제공된 종목별 사업 설명 및 일반적인 에너지 산업 가치사슬 구조에 대한 이해,,
DVN,MPC,중,상이,B,원유 생산 및 정유,1.0,에너지·유전·수처리,,"{""claim"": ""DVN은 원유 및 천연가스 탐사 및 생산(업스트림)에 주력하며, MPC는 원유를 정제하여 석유 제품을 생산 및 판매(다운스트림)한다."", ""claim_type"": ""known_fact"", ""basis_hint"": ""각 회사의 사업 모델 및 산업 포지셔닝"", ""counter_signal"": """"}",known_fact,각 회사의 사업 모델 및 산업 포지셔닝,,
AVB,VTR,중,상이,B,부동산 투자,0.95,부동산·REIT,,"{""claim"": ""AVB는 주거용, VTR은 헬스케어 시설에 집중하지만, 두 종목 모두 부동산 자산을 소유 및 운영하며 임대 수익을 창출하는 부동산 투자 신탁(REIT) 모델을 따르는 기업이다."", ""claim_type"": ""known_fact"", ""basis_hint"": ""각 종목의 사업 설명(REIT - Residential, REIT - Healthcare Facilities) 및 주력 사업 모델 확인."", ""counter_signal"": ""두 회사가 투자하는 부동산의 최종 용도 및 임차인 시장이 완전히 달라 직접적인 운영 시장 경쟁은 발생하지 않는다.""}",known_fact,"각 종목의 사업 설명(REIT - Residential, REIT - Healthcare Facilities) 및 주력 사업 모델 확인.",두 회사가 투자하는 부동산의 최종 용도 및 임차인 시장이 완전히 달라 직접적인 운영 시장 경쟁은 발생하지 않는다.,
K,MNST,중,상이,B,간편식 및 음료,0.8,소매·소비재,,"{""claim"": ""켈라노바는 스낵, 시리얼 등 간편식품을, 몬스터는 에너지 음료 등 간편 음료를 생산하며, 동일한 소매 유통 채널에서 소비자의 간편한 소비 니즈를 충족시킵니다."", ""claim_type"": ""known_fact"", ""basis_hint"": ""각 사의 주요 제품군 정보 및 소매점 진열 방식"", ""counter_signal"": ""양사는 주로 고형 식품과 액체 음료로 제품군이 명확히 구분되어 직접적인 제품 간 경쟁은 제한적입니다.""}",known_fact,각 사의 주요 제품군 정보 및 소매점 진열 방식,양사는 주로 고형 식품과 액체 음료로 제품군이 명확히 구분되어 직접적인 제품 간 경쟁은 제한적입니다.,
GEV,PPL,중,상이,B,전력 발전 및 유틸리티,0.95,유틸리티,,"{""claim"": ""GEV는 재생 에너지 발전 기술 및 서비스를 제공하며, PPL은 전기를 생산, 송전, 배전하는 규제 전력 유틸리티로서, 둘 다 전력 산업의 핵심 영역에서 활동한다."", ""claim_type"": ""known_fact"", ""basis_hint"": ""GEV의 재생 에너지 발전 사업과 PPL의 규제 전력 유틸리티 사업 설명"", ""counter_signal"": """"}",known_fact,GEV의 재생 에너지 발전 사업과 PPL의 규제 전력 유틸리티 사업 설명,,
STZ,TSN,중,상이,B,식품 및 음료,0.9,소매·소비재,,"{""claim"": ""Constellation Brands는 주류 제조업체이며 Tyson Foods는 육류 및 가공식품 제조업체로서, 둘 다 넓은 의미의 식품 및 음료 소비재 시장에서 소비자의 지출을 놓고 간접적으로 연결됩니다."", ""claim_type"": ""known_fact"", ""basis_hint"": ""STZ는 주류(맥주, 와인, 증류주)를, TSN은 육류(닭고기, 소고기, 돼지고기) 및 가공식품을 취급하며, 이들은 모두 소비자의 식음료 소비 예산을 공유하는 시장 플레이어입니다."", ""counter_signal"": ""두 기업이 직접적으로 경쟁하는 제품군은 없으며, 각자의 산업 분류는 '음료 - 와인 및 증류주'와 '농업 - 농산물'로 상이합니다.""}",known_fact,"STZ는 주류(맥주, 와인, 증류주)를, TSN은 육류(닭고기, 소고기, 돼지고기) 및 가공식품을 취급하며, 이들은 모두 소비자의 식음료 소비 예산을 공유하는 시장 플레이어입니다.","두 기업이 직접적으로 경쟁하는 제품군은 없으며, 각자의 산업 분류는 '음료 - 와인 및 증류주'와 '농업 - 농산물'로 상이합니다.",
BIIB,GEHC,중,상이,B,제약 및 의료 진단 솔루션,0.9,헬스케어·의료기기·제약,,"{""claim"": ""바이오젠은 의약품을 개발하고 GE헬스케어는 의료 진단 기술과 장비를 제공하며, 이는 신약 개발 및 환자 치료 과정에서 필수적인 상호 보완 관계를 형성합니다."", ""claim_type"": ""known_fact"", ""basis_hint"": ""바이오젠은 주로 신경계 질환 치료제를 개발하며, GE헬스케어는 의료 영상 장비, 진단 솔루션 및 의약품 진단(Pharmaceutical Diagnostics)을 제공합니다. GEHC의 진단 기술은 BIIB의 치료제 임상시험 및 환자 모니터링에 활용될 수 있습니다."", ""counter_signal"": ""두 회사가 직접적으로 동일 제품군에서 경쟁하는 경우는 매우 드뭅니다.""}",known_fact,"바이오젠은 주로 신경계 질환 치료제를 개발하며, GE헬스케어는 의료 영상 장비, 진단 솔루션 및 의약품 진단(Pharmaceutical Diagnostics)을 제공합니다. GEHC의 진단 기술은 BIIB의 치료제 임상시험 및 환자 모니터링에 활용될 수 있습니다.",두 회사가 직접적으로 동일 제품군에서 경쟁하는 경우는 매우 드뭅니다.,
ABBV,MRNA,중,상이,B,바이오 제약,0.9,헬스케어·의료기기·제약,,"{""claim"": ""두 회사 모두 질병 치료를 위한 의약품 및 백신을 연구, 개발, 생산 및 상업화하는 생명공학 기반의 제약 사업을 영위합니다."", ""claim_type"": ""known_fact"", ""basis_hint"": ""ABBV는 일반 의약품 제조사로, MRNA는 생명공학 회사로 분류되며, 이들은 모두 의약품 시장에서 경쟁합니다."", ""counter_signal"": ""ABBV는 광범위한 기존 의약품 포트폴리오를 보유한 반면 MRNA는 mRNA 기술에 특화되어 신약 개발 방식에 차이가 있습니다.""}",known_fact,"ABBV는 일반 의약품 제조사로, MRNA는 생명공학 회사로 분류되며, 이들은 모두 의약품 시장에서 경쟁합니다.",ABBV는 광범위한 기존 의약품 포트폴리오를 보유한 반면 MRNA는 mRNA 기술에 특화되어 신약 개발 방식에 차이가 있습니다.,
LH,STE,중,상이,B,의료기관 운영 지원,0.9,헬스케어·의료기기·제약,,"{""claim"": ""Labcorp는 진단 검사 서비스를, STERIS는 감염 관리 및 수술 솔루션을 제공하며, 둘 다 의료기관의 필수적인 운영 기능을 지원한다."", ""claim_type"": ""known_fact"", ""basis_hint"": ""Labcorp는 임상 진단 및 약물 개발 서비스 제공, STERIS는 감염 예방 및 수술 기술 제공."", ""counter_signal"": ""두 회사는 직접적인 사업 분야에서 경쟁하기보다는 의료 시설 운영에 대한 보완적인 역할을 수행한다.""}",known_fact,"Labcorp는 임상 진단 및 약물 개발 서비스 제공, STERIS는 감염 예방 및 수술 기술 제공.",두 회사는 직접적인 사업 분야에서 경쟁하기보다는 의료 시설 운영에 대한 보완적인 역할을 수행한다.,
HPQ,INTC,중,상이,B,PC 부품 공급망,0.95,반도체·메모리,,"{""claim"": ""HPQ는 PC 및 하드웨어 제조업체로서 INTC의 프로세서와 같은 핵심 반도체 부품을 주요 공급받아 제품을 생산한다."", ""claim_type"": ""known_fact"", ""basis_hint"": ""양사의 사업 영역 및 제품 구성, 산업 내 공급망 역할"", ""counter_signal"": ""HPQ는 INTC 외 다른 반도체 제조사의 부품도 사용하며, INTC 또한 HPQ 외 다양한 고객사에 부품을 공급한다.""}",known_fact,"양사의 사업 영역 및 제품 구성, 산업 내 공급망 역할","HPQ는 INTC 외 다른 반도체 제조사의 부품도 사용하며, INTC 또한 HPQ 외 다양한 고객사에 부품을 공급한다.",
DTE,SRE,중,상이,B,에너지 유틸리티,0.95,유틸리티,,"{""claim"": ""DTE Energy는 규제된 전력 사업을, Sempra는 전력 및 가스 등 다각화된 유틸리티 사업을 영위하여 공통적으로 에너지 관련 유틸리티 도메인에 속합니다."", ""claim_type"": ""known_fact"", ""basis_hint"": ""두 회사의 사업 설명(Regulated Electric, Diversified Utilities) 참조"", ""counter_signal"": """"}",known_fact,"두 회사의 사업 설명(Regulated Electric, Diversified Utilities) 참조",,
LEN,LOW,중,상이,B,주택 건설 및 개선,0.9,부동산·REIT,,"{""claim"": ""Lennar는 주택을 건설하는 주요 주택 건설업체이며, Lowe's는 주택 소유주 및 전문가에게 주택 개선 제품과 서비스를 제공하므로, 둘 다 주택 라이프사이클의 핵심적인 부분에 기여합니다."", ""claim_type"": ""known_fact"", ""basis_hint"": ""두 회사 모두 건강한 주택 시장, 주택 거래량, 주택 소유주의 지출에 크게 의존합니다."", ""counter_signal"": ""Lennar는 신규 주택 건설에, Lowe's는 기존 주택의 유지보수 및 개선에 중점을 두므로 직접적인 경쟁 관계는 아닙니다.""}",known_fact,"두 회사 모두 건강한 주택 시장, 주택 거래량, 주택 소유주의 지출에 크게 의존합니다.","Lennar는 신규 주택 건설에, Lowe's는 기존 주택의 유지보수 및 개선에 중점을 두므로 직접적인 경쟁 관계는 아닙니다.",
HUBB,OTIS,중,상이,B,건축 인프라 시스템,0.9,자동차·부품·산업재,,"{""claim"": ""Hubbell은 건물에 필요한 전기 장비 및 부품을, Otis는 엘리베이터 및 에스컬레이터와 같은 수직 운송 시스템을 제공하며, 이들은 모두 건축 및 건물 운영에 필수적인 인프라 시스템을 구성합니다."", ""claim_type"": ""known_fact"", ""basis_hint"": ""두 회사의 공식 사업 설명 및 주요 제품 포트폴리오"", ""counter_signal"": ""두 회사는 직접적인 제품 경쟁 관계에 있지 않으며, 각자의 전문 분야가 명확히 구분됩니다.""}",known_fact,두 회사의 공식 사업 설명 및 주요 제품 포트폴리오,"두 회사는 직접적인 제품 경쟁 관계에 있지 않으며, 각자의 전문 분야가 명확히 구분됩니다.",
EA,FTV,중,상이,B,이종 산업,1.0,미디어·스트리밍·검색,,"{""claim"": ""EA는 비디오 게임 개발 및 유통에 주력하는 엔터테인먼트 기업인 반면, FTV는 산업용 계측 장비, 소프트웨어 및 서비스를 제공하는 기술 기업으로, 사업적으로 직접적인 경쟁 또는 연결점이 없습니다."", ""claim_type"": ""known_fact"", ""basis_hint"": ""각 기업의 공식 사업 설명 및 주요 제품 포트폴리오 분석 (EA의 게임 소프트웨어 vs FTV의 산업용 하드웨어 및 계측 솔루션)."", ""counter_signal"": ""FTV가 게임 관련 하드웨어 또는 소프트웨어 시장에 진출하거나, EA가 산업용 솔루션 분야로 사업을 확장하는 경우.""}",known_fact,각 기업의 공식 사업 설명 및 주요 제품 포트폴리오 분석 (EA의 게임 소프트웨어 vs FTV의 산업용 하드웨어 및 계측 솔루션).,"FTV가 게임 관련 하드웨어 또는 소프트웨어 시장에 진출하거나, EA가 산업용 솔루션 분야로 사업을 확장하는 경우.",
GNRC,ROP,하,동일,A,산업용 전력 및 제어 솔루션,0.6,자동차·부품·산업재,"{""claim"": ""제너락(GNRC)은 주택 및 산업용 전력 발전 장비와 에너지 저장 솔루션을 제공하며, 로퍼(ROP)는 산업용 제어, 측정 및 유량 처리 기술을 포함한 다양한 산업 기술 솔루션을 제공한다."", ""claim_type"": ""known_fact"", ""basis_hint"": ""각 기업의 사업 부문 및 주요 제품 포트폴리오"", ""counter_signal"": ""두 기업은 핵심 사업 영역에서 직접적인 경쟁 관계에 있지 않으며, GNRC는 전력 생산/저장에, ROP는 산업 공정 제어 및 측정에 초점을 맞추고 있어 제공하는 제품의 성격과 고객층이 다소 상이하다.""}",,known_fact,각 기업의 사업 부문 및 주요 제품 포트폴리오,"두 기업은 핵심 사업 영역에서 직접적인 경쟁 관계에 있지 않으며, GNRC는 전력 생산/저장에, ROP는 산업 공정 제어 및 측정에 초점을 맞추고 있어 제공하는 제품의 성격과 고객층이 다소 상이하다.",
DOC,VTR,하,동일,A,의료용 부동산 투자,1.0,부동산·REIT,"{""claim"": ""DOC와 VTR은 모두 의료 오피스 빌딩, 노인 요양 시설 등 헬스케어 관련 부동산에 투자하고 관리하는 리츠(REITs)이다."", ""claim_type"": ""known_fact"", ""basis_hint"": ""각 사의 공식 웹사이트, 투자자 보고서 및 SEC Filing(10-K 등)"", ""counter_signal"": """"}",,known_fact,"각 사의 공식 웹사이트, 투자자 보고서 및 SEC Filing(10-K 등)",,
FI,JKHY,하,동일,A,금융기관 IT 솔루션,0.95,클라우드·엔터프라이즈SW,"{""claim"": ""Fiserv와 Jack Henry & Associates는 모두 은행 및 신용조합과 같은 금융기관에 핵심 뱅킹 시스템, 결제 처리 및 디지털 뱅킹 솔루션을 제공하는 주요 경쟁업체입니다."", ""claim_type"": ""known_fact"", ""basis_hint"": ""두 회사의 공식 웹사이트, 금융 기술 산업 분석 보고서, 투자자 관계 자료."", ""counter_signal"": """"}",,known_fact,"두 회사의 공식 웹사이트, 금융 기술 산업 분석 보고서, 투자자 관계 자료.",,
DTE,PNW,하,동일,A,에너지 유틸리티,0.95,유틸리티,"{""claim"": ""DTE Energy는 미시간주에 전력과 천연가스를 공급하는 통합 유틸리티 회사이며, Pinnacle West Capital은 애리조나주에 전력을 공급하는 주요 유틸리티 회사입니다."", ""claim_type"": ""known_fact"", ""basis_hint"": ""각 회사 공식 웹사이트의 'About Us' 및 'Business Segments' 정보 확인."", ""counter_signal"": """"}",,known_fact,각 회사 공식 웹사이트의 'About Us' 및 'Business Segments' 정보 확인.,,
NWS,TKO,하,동일,A,미디어 사업,0.4,미디어·스트리밍·검색,"{""claim"": ""NWS는 뉴스, 출판, 디지털 부동산 등 다양한 미디어 콘텐츠를 제공하며, TKO는 프로레슬링 및 종합격투기 스포츠 엔터테인먼트 콘텐츠를 제공하므로, 둘 다 미디어 사업 영역에 속한다."", ""claim_type"": ""known_fact"", ""basis_hint"": ""NWS 및 TKO의 사업 보고서에서 각 사의 주요 사업 내용을 확인."", ""counter_signal"": ""NWS는 뉴스 및 정보 중심의 미디어인 반면 TKO는 스포츠 엔터테인먼트 중심이므로, 직접적인 경쟁 관계는 미미하다.""}",,known_fact,NWS 및 TKO의 사업 보고서에서 각 사의 주요 사업 내용을 확인.,"NWS는 뉴스 및 정보 중심의 미디어인 반면 TKO는 스포츠 엔터테인먼트 중심이므로, 직접적인 경쟁 관계는 미미하다.",
MAS,TT,하,동일,A,건축 설비 및 마감재,0.9,부동산·REIT,"{""claim"": ""MAS는 주택 개조 및 건설 시장을 위한 배관 제품, 도료 등 건축 마감재를, TT는 난방, 환기 및 공조(HVAC) 시스템을 제공하며, 둘 다 건축 및 주거 환경 관련 제품과 솔루션을 공급한다."", ""claim_type"": ""known_fact"", ""basis_hint"": ""Masco Corporation (MAS) 및 Trane Technologies (TT) 기업 개요 및 주요 사업 분야."", ""counter_signal"": ""Trane Technologies는 상업용 및 운송용 솔루션 비중이 높은 반면 Masco는 주거용 시장에 더 집중하는 경향이 있다.""}",,known_fact,Masco Corporation (MAS) 및 Trane Technologies (TT) 기업 개요 및 주요 사업 분야.,Trane Technologies는 상업용 및 운송용 솔루션 비중이 높은 반면 Masco는 주거용 시장에 더 집중하는 경향이 있다.,
CAG,CPB,하,동일,A,식품 소비재,0.95,소매·소비재,"{""claim"": ""Conagra Brands(CAG)와 Campbell Soup Company(CPB)는 냉동식품, 통조림, 스낵 등 다양한 종류의 포장식품 및 가공식품을 생산하고 판매하는 대표적인 식품 소비재 기업입니다."", ""claim_type"": ""known_fact"", ""basis_hint"": ""각 기업의 공식 웹사이트, 연간 보고서(10-K), 증권사 및 산업 분석 보고서."", ""counter_signal"": ""두 기업 중 한 곳이 식품 사업 외 다른 핵심 사업으로의 대규모 포트폴리오 전환을 단행하는 경우.""}",,known_fact,"각 기업의 공식 웹사이트, 연간 보고서(10-K), 증권사 및 산업 분석 보고서.",두 기업 중 한 곳이 식품 사업 외 다른 핵심 사업으로의 대규모 포트폴리오 전환을 단행하는 경우.,
BLDR,TT,하,동일,A,건축 자재 및 설비,0.9,부동산·REIT,"{""claim"": ""Builders FirstSource는 건축 자재 및 구성 요소 공급업체이며, Trane Technologies는 HVAC 시스템 및 서비스 공급업체로서, 둘 다 주택 및 상업용 건물 건설 시장에 필요한 핵심 제품과 서비스를 제공합니다."", ""claim_type"": ""known_fact"", ""basis_hint"": ""각 사의 사업 개요"", ""counter_signal"": """"}",,known_fact,각 사의 사업 개요,,
LKQ,ORLY,하,동일,A,자동차 부품 유통,0.9,자동차·부품·산업재,"{""claim"": ""LKQ는 재활용 및 애프터마켓 충돌 부품을 주로 공급하고 O'Reilly는 애프터마켓 부품을 소매 유통하며, 둘 다 자동차 수리 및 유지보수용 부품의 유통 체인에 핵심적으로 관여합니다."", ""claim_type"": ""known_fact"", ""basis_hint"": ""각 회사의 공식 사업 설명 및 시장 포지셔닝"", ""counter_signal"": ""LKQ는 주로 도매 고객 대상, O'Reilly는 도매 및 소매 고객 대상이라는 판매 채널의 차이""}",,known_fact,각 회사의 공식 사업 설명 및 시장 포지셔닝,"LKQ는 주로 도매 고객 대상, O'Reilly는 도매 및 소매 고객 대상이라는 판매 채널의 차이",
GNRC,NDSN,하,동일,A,산업용 특수 장비,0.65,자동차·부품·산업재,"{""claim"": ""GNRC는 전력 생산 및 에너지 관리 시스템을, NDSN은 정밀 재료 분배 및 처리 시스템을 제공하며, 둘 다 광범위하게 산업용 및 상업용 고객에게 특화된 장비 솔루션을 공급한다."", ""claim_type"": ""known_fact"", ""basis_hint"": ""각 회사의 주요 사업 분야 및 대상 시장 분석"", ""counter_signal"": ""두 회사 간 제품 포트폴리오의 직접적인 경쟁 또는 밀접한 공급망 연결이 없어 사업 도메인 중복이 제한적임.""}",,known_fact,각 회사의 주요 사업 분야 및 대상 시장 분석,두 회사 간 제품 포트폴리오의 직접적인 경쟁 또는 밀접한 공급망 연결이 없어 사업 도메인 중복이 제한적임.,
FE,PNW,하,동일,A,전력 유틸리티,0.95,유틸리티,"{""claim"": ""FE와 PNW는 모두 규제받는 전력 유틸리티 회사로, 전력 생산, 송전 및 배전을 통해 고객에게 전기를 공급하는 핵심 사업을 공유합니다."", ""claim_type"": ""known_fact"", ""basis_hint"": ""회사 웹사이트, S&P Capital IQ 산업 분류"", ""counter_signal"": """"}",,known_fact,"회사 웹사이트, S&P Capital IQ 산업 분류",,
DVA,HCA,하,동일,A,병원 및 전문 의료 서비스,0.8,헬스케어·의료기기·제약,"{""claim"": ""DVA는 신장 전문 의료 서비스를, HCA는 종합 병원을 통한 광범위한 의료 서비스를 제공하며, 둘 다 의료 서비스 제공이라는 큰 틀에서 연관된다."", ""claim_type"": ""known_fact"", ""basis_hint"": ""각 기업의 사업 보고서 및 사업 내용"", ""counter_signal"": ""DVA가 외래 전문 서비스에 집중하는 반면 HCA는 입원 위주의 급성기/종합 의료에 중점을 두어 직접적인 경쟁보다는 상호 보완적인 관계가 강하다.""}",,known_fact,각 기업의 사업 보고서 및 사업 내용,DVA가 외래 전문 서비스에 집중하는 반면 HCA는 입원 위주의 급성기/종합 의료에 중점을 두어 직접적인 경쟁보다는 상호 보완적인 관계가 강하다.,
ECL,EMN,하,동일,A,산업용 특수 화학제품,0.9,소재·화학,"{""claim"": ""Ecolab은 수처리 및 위생 솔루션을 위한 특수 화학제품과 서비스를 제공하며, Eastman Chemical은 다양한 산업용 특수 화학 소재 및 제품을 제조합니다."", ""claim_type"": ""known_fact"", ""basis_hint"": ""각 기업의 공식 사업 설명 및 핵심 제품 포트폴리오"", ""counter_signal"": """"}",,known_fact,각 기업의 공식 사업 설명 및 핵심 제품 포트폴리오,,
NOW,TYL,하,동일,A,기관 운영 관리 소프트웨어,0.8,클라우드·엔터프라이즈SW,"{""claim"": ""ServiceNow는 기업의 디지털 워크플로우 자동화 및 관리를 위한 솔루션을 제공하며, Tyler Technologies는 공공 부문 기관의 운영 및 정보 관리를 위한 소프트웨어를 제공합니다. 두 회사는 각기 다른 시장에 특화되어 있지만, 기관의 업무 효율성을 높이는 소프트웨어 솔루션을 제공한다는 공통점이 있습니다."", ""claim_type"": ""known_fact"", ""basis_hint"": ""ServiceNow 및 Tyler Technologies 공식 웹사이트 및 기업 소개 자료"", ""counter_signal"": ""두 회사의 주요 타겟 시장(민간 기업 vs. 공공 기관)이 다르므로 직접적인 경쟁은 제한적입니다.""}",,known_fact,ServiceNow 및 Tyler Technologies 공식 웹사이트 및 기업 소개 자료,두 회사의 주요 타겟 시장(민간 기업 vs. 공공 기관)이 다르므로 직접적인 경쟁은 제한적입니다.,
APP,DAY,하,동일,A,SaaS 플랫폼,0.8,클라우드·엔터프라이즈SW,"{""claim"": ""AppLovin은 모바일 앱 개발자를 위한 광고 및 성장 관리 SaaS 플랫폼을, Dayforce는 기업용 인적 자원 관리(HCM) SaaS 플랫폼을 제공합니다."", ""claim_type"": ""known_fact"", ""basis_hint"": ""AppLovin의 MAX 및 Adjust 플랫폼, Dayforce의 클라우드 기반 HCM 솔루션 사업 모델"", ""counter_signal"": ""두 회사의 핵심 사업 영역(모바일 광고 및 게임 vs. HR)은 서로 다르며, 직접적인 경쟁 관계는 없습니다.""}",,known_fact,"AppLovin의 MAX 및 Adjust 플랫폼, Dayforce의 클라우드 기반 HCM 솔루션 사업 모델","두 회사의 핵심 사업 영역(모바일 광고 및 게임 vs. HR)은 서로 다르며, 직접적인 경쟁 관계는 없습니다.",
GDDY,PLTR,하,동일,A,비즈니스 소프트웨어 솔루션,0.9,클라우드·엔터프라이즈SW,"{""claim"": ""GoDaddy는 중소기업의 온라인 존재 관리(웹 호스팅, 도메인 등록 등)를 위한 소프트웨어 및 서비스를 제공하며, Palantir는 대기업 및 정부 기관의 빅데이터 분석 및 AI 기반 의사결정 지원을 위한 고급 소프트웨어 플랫폼을 제공하여, 고객층과 서비스 초점이 크게 다릅니다."", ""claim_type"": ""known_fact"", ""basis_hint"": ""두 기업의 사업 모델 및 핵심 서비스 비교 분석"", ""counter_signal"": """"}",,known_fact,두 기업의 사업 모델 및 핵심 서비스 비교 분석,,
AFL,GL,하,동일,A,생명 및 보조 건강보험,0.95,금융·결제·거래소,"{""claim"": ""AFL(Aflac Inc.)과 GL(Globe Life Inc.)은 모두 주로 개인을 대상으로 하는 생명보험 및 보조 건강보험 상품을 판매하는 주요 보험사입니다."", ""claim_type"": ""known_fact"", ""basis_hint"": ""AFL은 보조 건강보험(암, 상해 등)에 특화되어 있으며, GL은 생명보험과 더불어 보조 건강보험(상해, 암, 중환자 등)을 제공합니다."", ""counter_signal"": """"}",,known_fact,"AFL은 보조 건강보험(암, 상해 등)에 특화되어 있으며, GL은 생명보험과 더불어 보조 건강보험(상해, 암, 중환자 등)을 제공합니다.",,
ACN,LDOS,하,동일,A,공공 부문 IT 서비스,0.9,클라우드·엔터프라이즈SW,"{""claim"": ""Accenture(ACN)는 연방 서비스 자회사를 통해, Leidos(LDOS)는 주력 사업으로 공공 부문 IT 컨설팅, 시스템 통합 및 기술 서비스를 제공하며 직접 경쟁한다."", ""claim_type"": ""known_fact"", ""basis_hint"": ""양사 사업 보고서 및 공공 부문 서비스 포트폴리오"", ""counter_signal"": ""ACN은 LDOS와 달리 상업 부문에서 훨씬 더 광범위한 IT 서비스 및 컨설팅 사업을 영위한다.""}",,known_fact,양사 사업 보고서 및 공공 부문 서비스 포트폴리오,ACN은 LDOS와 달리 상업 부문에서 훨씬 더 광범위한 IT 서비스 및 컨설팅 사업을 영위한다.,
AKAM,PLTR,하,동일,A,사이버 보안,0.7,클라우드·엔터프라이즈SW,"{""claim"": ""Akamai는 클라우드 기반 사이버 보안 서비스를 제공하며, Palantir는 데이터 분석 플랫폼을 통해 사이버 위협 인텔리전스 및 보안 운영을 지원한다."", ""claim_type"": ""known_fact"", ""basis_hint"": ""기업 공식 웹사이트, 산업 보고서"", ""counter_signal"": ""Akamai는 CDN 및 엣지 컴퓨팅도 주요 사업이며, Palantir는 데이터 분석의 다양한 응용 분야 중 하나로 사이버 보안을 다룬다.""}",,known_fact,"기업 공식 웹사이트, 산업 보고서","Akamai는 CDN 및 엣지 컴퓨팅도 주요 사업이며, Palantir는 데이터 분석의 다양한 응용 분야 중 하나로 사이버 보안을 다룬다.",
FICO,MTCH,하,동일,A,독립 사업 영역,0.9,클라우드·엔터프라이즈SW,"{""claim"": ""FICO는 금융 신용 평가 및 데이터 분석 솔루션을 제공하는 반면, MTCH는 온라인 데이팅 플랫폼을 운영하여 핵심 사업 도메인이 완전히 다르다."", ""claim_type"": ""known_fact"", ""basis_hint"": ""각 기업의 주요 사업 내용 및 시장 영역"", ""counter_signal"": ""두 기업 모두 데이터 기반 기술을 활용하는 IT 기업이라는 점은 공통점이나, 핵심 사업 분야는 매우 상이함.""}",,known_fact,각 기업의 주요 사업 내용 및 시장 영역,"두 기업 모두 데이터 기반 기술을 활용하는 IT 기업이라는 점은 공통점이나, 핵심 사업 분야는 매우 상이함.",
FISV,JKHY,하,동일,B,금융 IT 솔루션,0.95,클라우드·엔터프라이즈SW,,"{""claim"": ""두 회사 모두 은행과 신용조합 등 금융기관에 핵심 뱅킹, 디지털 뱅킹, 결제 처리 등 종합 IT 솔루션 및 서비스를 제공하며 직접적으로 경쟁한다."", ""claim_type"": ""known_fact"", ""basis_hint"": ""회사 사업 보고서, 시장 리서치 자료, 경쟁사 분석"", ""counter_signal"": """"}",known_fact,"회사 사업 보고서, 시장 리서치 자료, 경쟁사 분석",,
DPZ,YUM,하,동일,B,글로벌 피자 체인,0.98,소매·소비재,,"{""claim"": ""두 회사는 세계적인 피자 프랜차이즈 브랜드를 통해 직접적으로 경쟁합니다."", ""claim_type"": ""known_fact"", ""basis_hint"": ""DPZ는 도미노피자를, YUM은 피자헛 브랜드를 소유하고 있습니다."", ""counter_signal"": ""YUM은 KFC, 타코벨 등 피자 외 다른 패스트푸드 브랜드를 다수 보유하여 사업 포트폴리오가 DPZ보다 훨씬 넓습니다.""}",known_fact,"DPZ는 도미노피자를, YUM은 피자헛 브랜드를 소유하고 있습니다.","YUM은 KFC, 타코벨 등 피자 외 다른 패스트푸드 브랜드를 다수 보유하여 사업 포트폴리오가 DPZ보다 훨씬 넓습니다.",
EVRG,PNW,하,동일,B,규제 전력 유틸리티,1.0,유틸리티,,"{""claim"": ""EVRG (Evergy, Inc.)와 PNW (Pinnacle West Capital Corporation)는 모두 규제 전력 유틸리티 산업에 종사하는 기업으로 명시되어 있다."", ""claim_type"": ""known_fact"", ""basis_hint"": ""제공된 종목 설명 ('Regulated Electric')"", ""counter_signal"": """"}",known_fact,제공된 종목 설명 ('Regulated Electric'),,
HPE,ZBRA,하,동일,B,엣지 통신 장비,0.9,통신·네트워크,,"{""claim"": ""HPE는 Aruba 솔루션을 통해 기업의 엣지 네트워킹 통신 장비(Wi-Fi AP, 스위치 등)를 제공하며, Zebra는 산업 및 현장용 엣지 디바이스(모바일 컴퓨터, 스캐너, RFID 리더)를 통해 데이터 통신을 수행한다."", ""claim_type"": ""known_fact"", ""basis_hint"": ""HPE Aruba, Zebra 모바일 컴퓨팅 및 RFID 하드웨어"", ""counter_signal"": ""HPE는 더 광범위한 데이터센터 인프라를 제공하고, Zebra는 주로 특정 산업 애플리케이션에 초점을 맞추어 직접적인 제품 경쟁은 적다.""}",known_fact,"HPE Aruba, Zebra 모바일 컴퓨팅 및 RFID 하드웨어","HPE는 더 광범위한 데이터센터 인프라를 제공하고, Zebra는 주로 특정 산업 애플리케이션에 초점을 맞추어 직접적인 제품 경쟁은 적다.",
ALGN,DXCM,하,동일,B,디지털 헬스케어 기기,0.7,헬스케어·의료기기·제약,,"{""claim"": ""Align Technology는 디지털 구강 스캐너 및 투명 교정 솔루션을, DexCom은 연속 혈당 측정기를 통해 디지털 기술을 활용한 환자 건강 관리 및 진단 기기를 제공합니다."", ""claim_type"": ""known_fact"", ""basis_hint"": ""ALGN의 iTero 스캐너 및 Invisalign 디지털 치료 계획, DXCM의 연속 혈당 측정(CGM) 시스템."", ""counter_signal"": ""두 회사의 제품은 대상 질병 관리 및 의료 분야가 달라 직접적인 시장 경쟁 관계는 없습니다.""}",known_fact,"ALGN의 iTero 스캐너 및 Invisalign 디지털 치료 계획, DXCM의 연속 혈당 측정(CGM) 시스템.",두 회사의 제품은 대상 질병 관리 및 의료 분야가 달라 직접적인 시장 경쟁 관계는 없습니다.,
EPAM,IBM,하,동일,B,디지털 전환 솔루션,0.9,클라우드·엔터프라이즈SW,,"{""claim"": ""EPAM과 IBM은 기업의 디지털 전환을 위한 소프트웨어 개발, 클라우드 통합, IT 전략 컨설팅 등 광범위한 서비스를 제공하며 경쟁한다."", ""claim_type"": ""known_fact"", ""basis_hint"": ""각 사의 공식 웹사이트 및 사업 보고서에 명시된 주요 서비스 영역"", ""counter_signal"": ""IBM은 하드웨어 및 자체 클라우드 플랫폼 사업도 하지만, EPAM은 서비스에 집중하여 사업 모델에 차이가 있다.""}",known_fact,각 사의 공식 웹사이트 및 사업 보고서에 명시된 주요 서비스 영역,"IBM은 하드웨어 및 자체 클라우드 플랫폼 사업도 하지만, EPAM은 서비스에 집중하여 사업 모델에 차이가 있다.",
CRM,MTCH,하,동일,B,구독형 클라우드 소프트웨어 서비스,0.8,클라우드·엔터프라이즈SW,,"{""claim"": ""두 기업 모두 클라우드 기반의 구독형 소프트웨어 서비스를 핵심 사업 모델로 운영합니다."", ""claim_type"": ""known_fact"", ""basis_hint"": ""Salesforce는 SaaS(Software as a Service)의 선두 주자이며, Match Group은 자사 앱들의 유료 구독 및 인앱 구매를 통해 수익을 창출합니다."", ""counter_signal"": ""두 회사의 최종 사용자 시장과 제공하는 핵심 기능(B2B 고객 관계 관리 vs B2C 온라인 데이팅)은 완전히 다릅니다.""}",known_fact,"Salesforce는 SaaS(Software as a Service)의 선두 주자이며, Match Group은 자사 앱들의 유료 구독 및 인앱 구매를 통해 수익을 창출합니다.",두 회사의 최종 사용자 시장과 제공하는 핵심 기능(B2B 고객 관계 관리 vs B2C 온라인 데이팅)은 완전히 다릅니다.,
BLK,IVZ,하,동일,B,자산운용,1.0,금융·결제·거래소,,"{""claim"": ""BLK와 IVZ는 모두 주식, 채권, ETF 등 다양한 자산군을 운용하며 기관 및 개인 투자자들에게 자산 관리 서비스를 제공하는 글로벌 자산운용사로 직접적인 경쟁 관계에 있다."", ""claim_type"": ""known_fact"", ""basis_hint"": ""두 기업의 사업 모델 및 공식적인 산업 분류"", ""counter_signal"": """"}",known_fact,두 기업의 사업 모델 및 공식적인 산업 분류,,
INCY,TECH,하,동일,B,바이오 의약품 개발 지원,0.9,헬스케어·의료기기·제약,,"{""claim"": ""Incyte는 바이오 의약품을 개발하는 회사이며, Bio-Techne은 이러한 의약품 개발에 필요한 연구 도구와 서비스를 제공하여 상호 연결된 생태계를 이룬다."", ""claim_type"": ""known_fact"", ""basis_hint"": ""각 기업의 사업 내용 및 주요 제품군 분석"", ""counter_signal"": ""두 기업은 의약품 판매 시장에서 직접 경쟁하지 않음""}",known_fact,각 기업의 사업 내용 및 주요 제품군 분석,두 기업은 의약품 판매 시장에서 직접 경쟁하지 않음,
CBRE,CSGP,하,동일,B,상업용 부동산 정보 및 서비스,0.9,부동산·REIT,,"{""claim"": ""CBRE는 상업용 부동산 중개, 관리 등 다양한 서비스를 제공하며, CSGP는 상업용 부동산 데이터, 분석 및 온라인 플랫폼을 통해 이러한 서비스 시장에서 직간접적으로 경쟁하거나 협력한다."", ""claim_type"": ""known_fact"", ""basis_hint"": ""두 회사 모두 상업용 부동산 시장에서 운영되며, CBRE는 전통적인 서비스 제공자이고 CSGP는 정보 및 플랫폼 제공자로서 서로 보완적이면서도 경쟁 관계를 형성할 수 있음."", ""counter_signal"": """"}",known_fact,"두 회사 모두 상업용 부동산 시장에서 운영되며, CBRE는 전통적인 서비스 제공자이고 CSGP는 정보 및 플랫폼 제공자로서 서로 보완적이면서도 경쟁 관계를 형성할 수 있음.",,
ALB,LIN,하,동일,B,산업용 화학물질,0.75,소재·화학,,"{""claim"": ""ALB는 리튬, 브롬, 촉매 등 특수 화학물질을, LIN은 산업용 가스와 관련 기술을 제공하여 다양한 산업 분야에 필수적인 화학 물질을 공급합니다."", ""claim_type"": ""known_fact"", ""basis_hint"": ""기업 사업보고서, 산업 분류 (GICS Specialty Chemicals)"", ""counter_signal"": ""ALB는 주로 원자재 및 배터리 소재에, LIN은 가스 생산 및 배송에 특화되어 있어 직접적인 제품 경쟁은 적습니다.""}",known_fact,"기업 사업보고서, 산업 분류 (GICS Specialty Chemicals)","ALB는 주로 원자재 및 배터리 소재에, LIN은 가스 생산 및 배송에 특화되어 있어 직접적인 제품 경쟁은 적습니다.",
GNRC,XYL,하,동일,B,산업용 유틸리티 장비,0.7,자동차·부품·산업재,,"{""claim"": ""두 회사 모두 산업 및 상업용 유틸리티 인프라 운영에 필수적인 기계 및 장비를 공급한다."", ""claim_type"": ""inference"", ""basis_hint"": ""Generac는 전력 생산 및 저장 장비를, Xylem은 물 처리 및 운반 장비를 제공하여 각각 전력 및 수자원 유틸리티 분야에 기여한다."", ""counter_signal"": ""주요 제품군이 전력과 물로 명확히 구분되어 직접적인 사업 영역 경쟁은 미미하다.""}",inference,"Generac는 전력 생산 및 저장 장비를, Xylem은 물 처리 및 운반 장비를 제공하여 각각 전력 및 수자원 유틸리티 분야에 기여한다.",주요 제품군이 전력과 물로 명확히 구분되어 직접적인 사업 영역 경쟁은 미미하다.,
ADSK,DAY,하,동일,B,기업용 애플리케이션 소프트웨어,0.1,클라우드·엔터프라이즈SW,,"{""claim"": ""Autodesk는 설계 및 엔지니어링 소프트웨어를 제공하며, Dayforce는 인적 자원 관리(HCM) 소프트웨어를 제공하여 두 회사는 서로 다른 기업용 애플리케이션 시장에서 사업을 영위합니다."", ""claim_type"": ""known_fact"", ""basis_hint"": ""각 회사 사업보고서 및 제품 설명"", ""counter_signal"": ""두 회사 간 제품 기능적 또는 시장 경쟁적 중첩은 거의 없습니다.""}",known_fact,각 회사 사업보고서 및 제품 설명,두 회사 간 제품 기능적 또는 시장 경쟁적 중첩은 거의 없습니다.,
INTU,TYL,하,동일,B,재무 행정 소프트웨어,0.7,클라우드·엔터프라이즈SW,,"{""claim"": ""Intuit은 중소기업 및 개인을 위한 회계 및 세금 소프트웨어를, Tyler Technologies는 정부 기관을 위한 재무 및 행정 관리 소프트웨어를 제공하여 재무 행정이라는 기능적 도메인에서 연결됩니다."", ""claim_type"": ""known_fact"", ""basis_hint"": ""Intuit의 QuickBooks, TurboTax 주력 제품군 및 Tyler Technologies의 정부용 ERP 및 재무 관리 솔루션."", ""counter_signal"": ""두 회사의 주력 고객층(중소기업/개인 vs. 정부 기관)이 완전히 달라 직접적인 시장 경쟁은 없습니다.""}",known_fact,"Intuit의 QuickBooks, TurboTax 주력 제품군 및 Tyler Technologies의 정부용 ERP 및 재무 관리 솔루션.",두 회사의 주력 고객층(중소기업/개인 vs. 정부 기관)이 완전히 달라 직접적인 시장 경쟁은 없습니다.,
HII,TDG,하,동일,B,국방 플랫폼 및 부품 공급,0.9,자동차·부품·산업재,,"{""claim"": ""HII는 군용 함선과 같은 대형 방위 플랫폼을 건조하며, TDG는 군용 항공기에 사용되는 고정밀 부품 및 시스템을 공급하여 국방 산업 내에서 서로 다른 계층의 공급자로서 연결된다."", ""claim_type"": ""known_fact"", ""basis_hint"": ""두 회사의 사업 보고서 및 회사 소개 자료를 통해 확인된 주력 제품 및 서비스 범위."", ""counter_signal"": ""TDG 매출의 상당 부분이 민간 항공 부문에서 발생하지만, 국방 부문 또한 주요 사업 영역이며 HII와의 공통분모를 형성한다.""}",known_fact,두 회사의 사업 보고서 및 회사 소개 자료를 통해 확인된 주력 제품 및 서비스 범위.,"TDG 매출의 상당 부분이 민간 항공 부문에서 발생하지만, 국방 부문 또한 주요 사업 영역이며 HII와의 공통분모를 형성한다.",
AOS,GNRC,하,동일,B,건물 유틸리티 시스템,0.8,자동차·부품·산업재,,"{""claim"": ""A. O. Smith는 주로 물 가열 및 처리 제품을 제공하고, Generac은 전력 생산 및 저장 시스템을 제공하므로, 이들은 건물 운영에 필수적인 유틸리티 시스템 영역에서 서로 다른 기능을 담당하지만 연결되어 있다."", ""claim_type"": ""known_fact"", ""basis_hint"": ""A. O. Smith는 물탱크, 보일러, 정수기 등을, Generac은 가정용 발전기, 에너지 저장 시스템 등을 생산하며, 모두 주거 및 상업용 건물 인프라에 필수적이다."", ""counter_signal"": ""이들은 핵심 제품군에서 직접적인 경쟁 관계가 없어, '경쟁'보다는 '연결'의 측면이 강하다.""}",known_fact,"A. O. Smith는 물탱크, 보일러, 정수기 등을, Generac은 가정용 발전기, 에너지 저장 시스템 등을 생산하며, 모두 주거 및 상업용 건물 인프라에 필수적이다.","이들은 핵심 제품군에서 직접적인 경쟁 관계가 없어, '경쟁'보다는 '연결'의 측면이 강하다.",
CARR,MAS,하,동일,B,건축 및 주택 개선 제품,0.9,부동산·REIT,,"{""claim"": ""두 회사는 모두 신규 건물 건설 및 주택 리모델링 시장에 필수적인 제품과 솔루션을 공급하며, 광범위한 건설 및 주택 시장에 의존합니다."", ""claim_type"": ""known_fact"", ""basis_hint"": ""CARR은 HVAC 및 보안 시스템을, MAS는 수도꼭지, 캐비닛, 페인트 등 마감재를 공급하여 건설 및 주택 개선 시장에 기여합니다."", ""counter_signal"": ""CARR은 주로 시스템 및 서비스에, MAS는 완제품 및 소비재에 집중하는 점에서 사업 모델 및 제품 유형에 차이가 있습니다.""}",known_fact,"CARR은 HVAC 및 보안 시스템을, MAS는 수도꼭지, 캐비닛, 페인트 등 마감재를 공급하여 건설 및 주택 개선 시장에 기여합니다.","CARR은 주로 시스템 및 서비스에, MAS는 완제품 및 소비재에 집중하는 점에서 사업 모델 및 제품 유형에 차이가 있습니다.",
HOLX,ISRG,하,동일,B,수술 장비,0.9,헬스케어·의료기기·제약,,"{""claim"": ""Hologic은 부인과 수술용 기기를 제공하며, Intuitive Surgical은 로봇 보조 수술 시스템을 통해 다양한 외과 수술에 사용되는 장비를 공급한다."", ""claim_type"": ""known_fact"", ""basis_hint"": ""Hologic 및 Intuitive Surgical의 제품 및 서비스 포트폴리오"", ""counter_signal"": ""Hologic은 유방암 진단 및 기타 진단 솔루션 등 수술 외 분야에서도 큰 비중을 차지한다.""}",known_fact,Hologic 및 Intuitive Surgical의 제품 및 서비스 포트폴리오,Hologic은 유방암 진단 및 기타 진단 솔루션 등 수술 외 분야에서도 큰 비중을 차지한다.,
ERIE,MMC,하,동일,B,보험 중개 서비스,0.98,금융·결제·거래소,,"{""claim"": ""두 회사 모두 보험 상품을 고객에게 중개하고 자문하는 사업을 영위한다."", ""claim_type"": ""known_fact"", ""basis_hint"": ""ERIE와 MMC 모두 산업 분류가 'Insurance - Brokers'로 명시되어 있다."", ""counter_signal"": """"}",known_fact,ERIE와 MMC 모두 산업 분류가 'Insurance - Brokers'로 명시되어 있다.,,
CRWD,GEN,하,동일,B,사이버 보안,0.9,클라우드·엔터프라이즈SW,,"{""claim"": ""CrowdStrike는 기업용 엔드포인트 보안을, Gen Digital은 소비자용 디지털 보안을 제공하지만, 둘 다 광범위하게 사이버 보안 영역에 속한다."", ""claim_type"": ""known_fact"", ""basis_hint"": ""각 사의 공식 웹사이트, 제품 설명, 사업 보고서"", ""counter_signal"": ""CrowdStrike는 기업 시장에, Gen Digital은 소비자 시장에 집중하므로 직접적인 제품 경쟁은 제한적이다.""}",known_fact,"각 사의 공식 웹사이트, 제품 설명, 사업 보고서","CrowdStrike는 기업 시장에, Gen Digital은 소비자 시장에 집중하므로 직접적인 제품 경쟁은 제한적이다.",
AMCR,CZR,하,상이,A,상이한 사업 영역,0.95,부동산·REIT,"{""claim"": ""AMCR은 포장재 제조사이며, CZR은 카지노 및 호텔 운영사로, 두 기업의 핵심 사업 영역은 완전히 다르다."", ""claim_type"": ""known_fact"", ""basis_hint"": ""각 기업의 사업보고서(10-K) 및 공식 웹사이트에 명시된 주요 사업 활동"", ""counter_signal"": """"}",,known_fact,각 기업의 사업보고서(10-K) 및 공식 웹사이트에 명시된 주요 사업 활동,,
LKQ,ROST,하,상이,A,상이 산업 부문,0.1,자동차·부품·산업재,"{""claim"": ""LKQ는 자동차 부품 공급 및 애프터마켓 서비스 업종에, ROST는 의류 및 생활용품 소매업종에 속하여, 이들 사업 도메인 간에는 직접적인 경쟁이나 상업적 연결성이 존재하지 않습니다."", ""claim_type"": ""known_fact"", ""basis_hint"": ""각 기업의 사업 개요"", ""counter_signal"": """"}",,known_fact,각 기업의 사업 개요,,
AVY,AXON,하,상이,A,상이한 산업 영역,1.0,자동차·부품·산업재,"{""claim"": ""Avery Dennison은 특수 소재, 라벨링 및 RFID 솔루션을 제공하는 반면, Axon은 공공 안전을 위한 TASER 무기 및 바디캠 기술을 제공하여 두 기업의 핵심 사업 영역은 완전히 다릅니다."", ""claim_type"": ""known_fact"", ""basis_hint"": ""각 기업의 공식 웹사이트, 사업보고서(10-K) 사업설명 섹션"", ""counter_signal"": ""두 기업이 미래에 사업 확장, 신기술 개발 또는 인수합병을 통해 우연히 교차하는 사업 분야로 진출할 가능성""}",,known_fact,"각 기업의 공식 웹사이트, 사업보고서(10-K) 사업설명 섹션","두 기업이 미래에 사업 확장, 신기술 개발 또는 인수합병을 통해 우연히 교차하는 사업 분야로 진출할 가능성",
RMD,SOLV,하,상이,A,비연관 산업,0.1,헬스케어·의료기기·제약,"{""claim"": ""RMD는 수면 및 호흡기 질환 의료기기 및 디지털 헬스 솔루션 기업인 반면, SOLV는 태양광 및 에너지 저장 인프라 EPC(설계·조달·시공) 서비스 기업으로 사업 도메인에서 직접적인 경쟁이나 연결점이 없습니다."", ""claim_type"": ""known_fact"", ""basis_hint"": ""ResMed (RMD) 및 SolvEnergy (SOLV) 공식 기업 설명 및 사업 보고서"", ""counter_signal"": """"}",,known_fact,ResMed (RMD) 및 SolvEnergy (SOLV) 공식 기업 설명 및 사업 보고서,,
JKHY,MSFT,하,상이,A,금융 서비스 IT 솔루션,0.8,클라우드·엔터프라이즈SW,"{""claim"": ""JKHY는 금융 기관에 특화된 핵심 뱅킹 및 결제 솔루션을 제공하며, MSFT는 클라우드 플랫폼(Azure)과 기업용 솔루션으로 금융 서비스 산업의 디지털 전환을 지원한다."", ""claim_type"": ""known_fact"", ""basis_hint"": ""Jack Henry & Associates 및 Microsoft 공식 웹사이트, 산업 보고서"", ""counter_signal"": ""JKHY의 핵심 뱅킹 시스템과 MSFT의 주력 제품은 직접적으로 동일한 범주에서 경쟁하기보다는 보완적인 관계에 가깝다.""}",,known_fact,"Jack Henry & Associates 및 Microsoft 공식 웹사이트, 산업 보고서",JKHY의 핵심 뱅킹 시스템과 MSFT의 주력 제품은 직접적으로 동일한 범주에서 경쟁하기보다는 보완적인 관계에 가깝다.,
ALLE,POOL,하,상이,A,시설 관련 소모품 및 장비,0.5,자동차·부품·산업재,"{""claim"": ""Allegion은 건물 보안 및 접근 제어 장비를, Pool Corporation은 수영장 유지보수 소모품 및 장비를 공급하며, 두 회사 모두 다양한 시설에 필요한 기능성 제품을 제공한다."", ""claim_type"": ""inference"", ""basis_hint"": ""각 회사의 주요 사업 분야 및 제품 유형."", ""counter_signal"": ""Allegion은 주로 보안 및 안전에, Pool Corporation은 여가 및 생활 편의에 중점을 두어, 최종 사용자 가치 제안이 매우 상이하다.""}",,inference,각 회사의 주요 사업 분야 및 제품 유형.,"Allegion은 주로 보안 및 안전에, Pool Corporation은 여가 및 생활 편의에 중점을 두어, 최종 사용자 가치 제안이 매우 상이하다.",
GOOG,ZBRA,하,상이,A,기업용 데이터 캡처 및 지능형 처리,0.9,클라우드·엔터프라이즈SW,"{""claim"": ""ZBRA는 안드로이드 기반의 기업용 모바일 장비와 데이터 캡처 솔루션을 제공하며, GOOG는 안드로이드 운영체제 및 클라우드 AI 플랫폼을 통해 이러한 데이터의 수집 및 지능형 처리를 지원한다."", ""claim_type"": ""known_fact"", ""basis_hint"": ""Zebra Technologies 제품군 (안드로이드 기반 모바일 장비, 스캐너), Google Android OS, Google Cloud Platform (AI/ML, 데이터 분석)"", ""counter_signal"": """"}",,known_fact,"Zebra Technologies 제품군 (안드로이드 기반 모바일 장비, 스캐너), Google Android OS, Google Cloud Platform (AI/ML, 데이터 분석)",,
HSIC,VRTX,하,상이,A,제약 및 의료용품,0.6,헬스케어·의료기기·제약,"{""claim"": ""HSIC은 치과, 동물 건강, 의료 분야의 의료용품 및 장비 유통업체이며, VRTX는 생명공학 기반의 전문 의약품을 개발 및 생산하는 제약사이다. 두 회사 모두 헬스케어 산업 내에서 제약 및 의료용품과 관련된 사업을 영위한다."", ""claim_type"": ""known_fact"", ""basis_hint"": ""두 회사의 사업 보고서 및 제품 포트폴리오"", ""counter_signal"": ""두 회사는 헬스케어 가치 사슬 내에서 유통과 연구개발/생산이라는 매우 다른 사업 모델을 가지고 있어 직접적인 경쟁 관계에 있지 않다.""}",,known_fact,두 회사의 사업 보고서 및 제품 포트폴리오,두 회사는 헬스케어 가치 사슬 내에서 유통과 연구개발/생산이라는 매우 다른 사업 모델을 가지고 있어 직접적인 경쟁 관계에 있지 않다.,
AMCR,MHK,하,상이,A,제조업 공급망,0.3,부동산·REIT,"{""claim"": ""AMCR은 포장재를 생산하고 MHK는 바닥재를 생산하므로, MHK가 제품 포장을 위해 AMCR과 같은 포장재 공급업체의 서비스를 이용할 수 있어 제조업 공급망 내에서 간접적으로 연결될 수 있습니다."", ""claim_type"": ""inference"", ""basis_hint"": ""AMCR의 주요 사업 영역(포장재 제조)과 MHK의 제품 포장 및 물류를 위한 포장재 조달 필요성."", ""counter_signal"": ""두 기업의 핵심 사업 영역은 직접적으로 경쟁하지 않으며 생산하는 최종 제품 유형이 매우 다릅니다.""}",,inference,AMCR의 주요 사업 영역(포장재 제조)과 MHK의 제품 포장 및 물류를 위한 포장재 조달 필요성.,두 기업의 핵심 사업 영역은 직접적으로 경쟁하지 않으며 생산하는 최종 제품 유형이 매우 다릅니다.,
BMY,UHS,하,상이,A,의료 산업,0.0,헬스케어·의료기기·제약,"{""claim"": ""BMY는 제약 제품의 연구, 개발 및 판매를 주요 사업으로 하며, UHS는 병원 및 정신 건강 시설 운영을 통한 의료 서비스 제공이 주 사업으로, 둘 다 광범위한 의료 산업에 속한다."", ""claim_type"": ""known_fact"", ""basis_hint"": ""각 기업의 사업 보고서 및 산업 분류 정보"", ""counter_signal"": ""이 두 기업은 의료 산업 내에서 서로 다른 가치 사슬과 비즈니스 모델을 가지고 있어 직접적인 경쟁 관계에 있거나 긴밀한 사업적 연결이 있다고 보기 어렵다.""}",,known_fact,각 기업의 사업 보고서 및 산업 분류 정보,이 두 기업은 의료 산업 내에서 서로 다른 가치 사슬과 비즈니스 모델을 가지고 있어 직접적인 경쟁 관계에 있거나 긴밀한 사업적 연결이 있다고 보기 어렵다.,
AOS,JBHT,하,상이,A,운송 전력 관리 기술,0.3,자동차·부품·산업재,"{""claim"": ""AOS는 전력 반도체 제조업체로, 이 제품들은 JBHT가 운영하는 차량 및 물류 시스템의 효율적인 전력 관리에 필수적인 기술적 기반을 제공한다."", ""claim_type"": ""inference"", ""basis_hint"": ""AOS의 전력 MOSFET 및 IC 제품군은 운송 장비 및 IT 인프라에 폭넓게 사용되며, JBHT는 방대한 차량과 IT 기반 물류 시스템을 운영한다."", ""counter_signal"": ""두 회사는 직접적인 경쟁 관계에 있지 않으며, AOS의 주 고객은 전자제품 제조업체로 JBHT는 직접적인 구매자가 아니다.""}",,inference,"AOS의 전력 MOSFET 및 IC 제품군은 운송 장비 및 IT 인프라에 폭넓게 사용되며, JBHT는 방대한 차량과 IT 기반 물류 시스템을 운영한다.","두 회사는 직접적인 경쟁 관계에 있지 않으며, AOS의 주 고객은 전자제품 제조업체로 JBHT는 직접적인 구매자가 아니다.",
ALLE,LHX,하,상이,A,보안 기술 솔루션,0.1,자동차·부품·산업재,"{""claim"": ""ALLE는 물리적 보안 시스템 및 기술을, LHX는 국방 및 통신 보안 기술 솔루션을 제공하며, '보안 기술 솔루션'이라는 광범위한 범주에서 간접적으로 연결될 수 있다."", ""claim_type"": ""inference"", ""basis_hint"": ""각 회사의 사업 설명 및 핵심 제품 포트폴리오 분석."", ""counter_signal"": ""ALLE는 주로 상업/주거용 건물 보안에, LHX는 정부/국방 분야의 고도화된 시스템 보안에 집중하여 시장과 고객층이 거의 겹치지 않는다.""}",,inference,각 회사의 사업 설명 및 핵심 제품 포트폴리오 분석.,"ALLE는 주로 상업/주거용 건물 보안에, LHX는 정부/국방 분야의 고도화된 시스템 보안에 집중하여 시장과 고객층이 거의 겹치지 않는다.",
CAH,MOH,하,상이,A,의료 관리 및 공급,0.8,헬스케어·의료기기·제약,"{""claim"": ""CAH는 의약품 및 의료용품 유통을 담당하고 MOH는 정부 지원 관리 의료 서비스를 제공하므로, 양사는 의료 산업 내에서 관리 및 공급이라는 다른 측면에서 연결됩니다."", ""claim_type"": ""known_fact"", ""basis_hint"": ""각 사의 사업 모델 및 제공 서비스 분석"", ""counter_signal"": """"}",,known_fact,각 사의 사업 모델 및 제공 서비스 분석,,
LEN,LKQ,하,상이,A,이종 산업,1.0,부동산·REIT,"{""claim"": ""Lennar는 주택 건설 및 부동산 서비스 기업이고, LKQ는 자동차 부품 및 애프터마켓 서비스 기업으로 사업 영역이 완전히 다릅니다."", ""claim_type"": ""known_fact"", ""basis_hint"": ""각 기업의 사업 소개 (Lennar Investor Relations, LKQ Investor Relations)"", ""counter_signal"": """"}",,known_fact,"각 기업의 사업 소개 (Lennar Investor Relations, LKQ Investor Relations)",,
BAX,TECH,하,상이,A,의료기기 및 생명과학 도구,0.9,헬스케어·의료기기·제약,"{""claim"": ""BAX는 의료 기기 및 의약품을 제공하고, TECH는 생명과학 연구용 시약 및 장비를 제공하여 서로 다른 의료 및 생명과학 분야의 도구 시장에 기여합니다."", ""claim_type"": ""known_fact"", ""basis_hint"": ""각 기업의 공식 사업 설명 및 주력 제품군"", ""counter_signal"": ""두 기업의 주력 시장 및 고객층이 명확히 구분되어 직접적인 경쟁은 거의 없습니다.""}",,known_fact,각 기업의 공식 사업 설명 및 주력 제품군,두 기업의 주력 시장 및 고객층이 명확히 구분되어 직접적인 경쟁은 거의 없습니다.,
BLDR,DAL,하,상이,A,이종 산업,1.0,부동산·REIT,"{""claim"": ""BLDR은 건축 자재 공급 사업을 영위하며 DAL은 항공 운송 사업을 영위하여 사업 도메인에서 직접적인 경쟁이나 유의미한 연결이 없습니다."", ""claim_type"": ""known_fact"", ""basis_hint"": ""각 기업의 사업 내용"", ""counter_signal"": """"}",,known_fact,각 기업의 사업 내용,,
LII,VRSK,하,상이,A,건물 시스템 및 시설 위험 분석,0.6,부동산·REIT,"{""claim"": ""LII는 HVAC 등 건물 시스템 및 시설용 제품을 제조하며, VRSK는 부동산 및 시설물에 대한 데이터 기반 위험 분석 서비스를 제공하므로, 건물 시스템 및 시설의 위험 평가 도메인에서 간접적으로 연결될 수 있다."", ""claim_type"": ""inference"", ""basis_hint"": ""LII는 Lennox International로 HVAC 및 냉동 시스템 제조사이며, VRSK는 Verisk Analytics로 보험, 부동산, 에너지 분야에 데이터 및 위험 분석 서비스를 제공한다."", ""counter_signal"": ""LII와 VRSK는 직접적인 경쟁 관계가 없으며 사업 모델(제조 vs. 데이터 서비스)이 상이하다는 점을 고려해야 한다.""}",,inference,"LII는 Lennox International로 HVAC 및 냉동 시스템 제조사이며, VRSK는 Verisk Analytics로 보험, 부동산, 에너지 분야에 데이터 및 위험 분석 서비스를 제공한다.",LII와 VRSK는 직접적인 경쟁 관계가 없으며 사업 모델(제조 vs. 데이터 서비스)이 상이하다는 점을 고려해야 한다.,
JPM,MKTX,하,상이,A,고정수입증권 거래,0.9,금융·결제·거래소,"{""claim"": ""JPM은 고정수입증권의 주요 시장 조성자이자 거래 참여자이며, MKTX는 고정수입증권 전자 거래 플랫폼을 제공하는 핵심 인프라 기업입니다."", ""claim_type"": ""known_fact"", ""basis_hint"": ""JPMorgan Chase의 투자은행 부문 및 MarketAxess Holdings의 사업 모델 설명."", ""counter_signal"": ""MKTX는 플랫폼 제공에 특화된 반면 JPM은 광범위한 금융 서비스를 제공하므로 사업 모델이 직접적으로 경쟁적이지는 않습니다.""}",,known_fact,JPMorgan Chase의 투자은행 부문 및 MarketAxess Holdings의 사업 모델 설명.,MKTX는 플랫폼 제공에 특화된 반면 JPM은 광범위한 금융 서비스를 제공하므로 사업 모델이 직접적으로 경쟁적이지는 않습니다.,
MCO,MKTX,하,상이,A,금융 정보 및 데이터,0.9,금융·결제·거래소,"{""claim"": ""MCO는 신용평가 및 금융 리스크 관련 정보를 제공하며, MKTX는 고정 수입 증권 시장의 거래 데이터와 시장 정보를 제공하므로, 양사는 금융 정보 및 데이터 부문에서 연결된다."", ""claim_type"": ""known_fact"", ""basis_hint"": ""MCO (Moody's Investors Service, Moody's Analytics), MKTX (전자 거래 플랫폼, 시장 데이터)."", ""counter_signal"": ""MCO의 주력은 신용평가이고 MKTX의 주력은 거래 플랫폼 운영이므로, 핵심 사업 모델에서의 직접 경쟁은 제한적이다.""}",,known_fact,"MCO (Moody's Investors Service, Moody's Analytics), MKTX (전자 거래 플랫폼, 시장 데이터).","MCO의 주력은 신용평가이고 MKTX의 주력은 거래 플랫폼 운영이므로, 핵심 사업 모델에서의 직접 경쟁은 제한적이다.",
AVY,GWW,하,상이,A,산업 자재 및 소모품,0.85,자동차·부품·산업재,"{""claim"": ""AVY는 라벨, 특수 소재 등 산업용 자재를 생산하고 GWW는 MRO(유지보수, 수리, 운영) 제품을 유통하는데, 둘 다 기업 운영에 필요한 자재 및 소모품을 공급하는 역할을 한다."", ""claim_type"": ""known_fact"", ""basis_hint"": ""AVY 사업 내용, GWW 사업 내용"", ""counter_signal"": ""AVY는 제조업, GWW는 유통업으로 사업 모델이 직접적으로 경쟁하기보다 보완적 관계에 가깝다.""}",,known_fact,"AVY 사업 내용, GWW 사업 내용","AVY는 제조업, GWW는 유통업으로 사업 모델이 직접적으로 경쟁하기보다 보완적 관계에 가깝다.",
CBRE,UDR,하,상이,B,부동산 자산 관리,0.8,부동산·REIT,,"{""claim"": ""CBRE는 주거용 부동산을 포함한 다양한 부동산 자산에 대한 관리(자산, 시설), 거래, 투자 자문 서비스를 제공하며, UDR은 주거용 부동산 자산을 직접 소유하고 운영하며 자체적으로 자산 관리를 수행합니다."", ""claim_type"": ""known_fact"", ""basis_hint"": ""CBRE 및 UDR의 사업 소개, 핵심 서비스 및 자산 유형."", ""counter_signal"": ""CBRE는 주로 상업용 부동산 서비스에 중점을 두며, UDR과 직접적인 '경쟁'보다는 '협력' 또는 '서비스 공급/소비' 관계에 가까움.""}",known_fact,"CBRE 및 UDR의 사업 소개, 핵심 서비스 및 자산 유형.","CBRE는 주로 상업용 부동산 서비스에 중점을 두며, UDR과 직접적인 '경쟁'보다는 '협력' 또는 '서비스 공급/소비' 관계에 가까움.",
KKR,MKTX,하,상이,B,채권 시장,0.9,금융·결제·거래소,,"{""claim"": ""KKR은 자산 운용사로서 채권 시장에 투자하고 거래하며, MKTX는 기관 투자자를 위한 채권 전자 거래 플랫폼을 제공한다."", ""claim_type"": ""known_fact"", ""basis_hint"": ""KKR의 고정 수입(fixed income) 투자 전략과 MKTX의 핵심 사업 영역인 채권 전자 거래 플랫폼."", ""counter_signal"": ""KKR은 자산 운용사로 플랫폼 운영을 주 사업으로 하지 않고, MKTX는 직접 자산을 운용하지 않아 직접적인 경쟁 관계는 아니다.""}",known_fact,KKR의 고정 수입(fixed income) 투자 전략과 MKTX의 핵심 사업 영역인 채권 전자 거래 플랫폼.,"KKR은 자산 운용사로 플랫폼 운영을 주 사업으로 하지 않고, MKTX는 직접 자산을 운용하지 않아 직접적인 경쟁 관계는 아니다.",
JCI,POOL,하,상이,B,시설 관리 및 설비 공급,0.7,부동산·REIT,,"{""claim"": ""JCI는 HVAC, 보안 등 건물 시스템 및 관련 유지보수 서비스를 제공하고, POOL은 수영장 설비 및 관련 소모품을 유통하며 시설 유지보수에 필요한 설비를 공급하는 공통점이 있습니다."", ""claim_type"": ""inference"", ""basis_hint"": ""JCI 사업 영역(빌딩 자동화, HVAC, 소방, 보안), POOL 사업 영역(수영장 용품 및 장비 유통)"", ""counter_signal"": ""JCI는 주로 건물 내 핵심 시스템과 서비스를 다루고 POOL은 특정 레저 시설인 수영장에 집중하여 사업 분야의 직접적인 중첩은 적습니다.""}",inference,"JCI 사업 영역(빌딩 자동화, HVAC, 소방, 보안), POOL 사업 영역(수영장 용품 및 장비 유통)",JCI는 주로 건물 내 핵심 시스템과 서비스를 다루고 POOL은 특정 레저 시설인 수영장에 집중하여 사업 분야의 직접적인 중첩은 적습니다.,
EXPD,PNR,하,상이,B,산업 공급망,0.5,자동차·부품·산업재,,"{""claim"": ""PNR은 산업용 기계를 제조하며, EXPD는 이러한 산업재의 국제 운송 및 유통을 담당하여 광범위한 산업 공급망 내에서 연결됩니다."", ""claim_type"": ""inference"", ""basis_hint"": ""EXPD는 글로벌 통합 물류 서비스를 제공하고, PNR은 물 관리 솔루션용 산업 기계를 생산합니다."", ""counter_signal"": ""두 회사는 핵심 사업 영역에서 직접적으로 경쟁하거나 동일한 최종 고객에게 서비스를 제공하지 않습니다.""}",inference,"EXPD는 글로벌 통합 물류 서비스를 제공하고, PNR은 물 관리 솔루션용 산업 기계를 생산합니다.",두 회사는 핵심 사업 영역에서 직접적으로 경쟁하거나 동일한 최종 고객에게 서비스를 제공하지 않습니다.,
IQV,UHS,하,상이,B,헬스케어 혁신 및 진료,0.8,헬스케어·의료기기·제약,,"{""claim"": ""IQVIA는 의료 산업의 혁신(연구, 분석, 기술)을 지원하고, Universal Health Services는 병원 및 진료 시설 운영을 통해 환자에게 직접 의료 진료 서비스를 제공하여 헬스케어 생태계 내에서 서로 연결됩니다."", ""claim_type"": ""inference"", ""basis_hint"": ""두 기업의 사업 설명 및 주력 분야 분석"", ""counter_signal"": ""이들은 직접적으로 경쟁하는 관계가 아니며, 사업 모델의 차이가 큽니다.""}",inference,두 기업의 사업 설명 및 주력 분야 분석,"이들은 직접적으로 경쟁하는 관계가 아니며, 사업 모델의 차이가 큽니다.",
ALB,CF,하,상이,B,산업용 화학물질,0.9,소재·화학,,"{""claim"": ""ALB은 리튬, 브로민 등의 특수 화학물질을, CF는 질소 비료와 같은 농업용 화학물질을 생산하므로, 둘 다 산업용 화학물질 분야에 속합니다."", ""claim_type"": ""known_fact"", ""basis_hint"": ""각 기업의 주요 제품 및 사업 영역, 산업 분류 (화학 산업군)"", ""counter_signal"": ""ALB은 고부가가치 특수 화학물질에, CF는 대량 생산되는 농업용 화학물질에 집중하여 사업 영역과 최종 시장이 크게 다릅니다.""}",known_fact,"각 기업의 주요 제품 및 사업 영역, 산업 분류 (화학 산업군)","ALB은 고부가가치 특수 화학물질에, CF는 대량 생산되는 농업용 화학물질에 집중하여 사업 영역과 최종 시장이 크게 다릅니다.",
ARE,FRT,하,상이,B,상업용 부동산 투자,0.85,부동산·REIT,,"{""claim"": ""ARE과 FRT는 각각 다른 자산 유형(생명과학/기술 오피스 및 소매 상업시설)에 중점을 두지만, 모두 상업용 부동산을 소유, 개발 및 관리하여 투자 수익을 창출하는 리츠(REIT) 회사입니다."", ""claim_type"": ""known_fact"", ""basis_hint"": ""두 회사 모두 투자자를 위해 상업적 용도의 부동산 자산을 운용하는 부동산 투자 신탁이며, 이는 광범위한 상업용 부동산 투자 도메인에 속합니다."", ""counter_signal"": ""두 회사는 매우 다른 유형의 상업용 부동산 자산(오피스 대 소매)에 특화되어 있어 특정 테넌트 유치 경쟁은 거의 없습니다.""}",known_fact,"두 회사 모두 투자자를 위해 상업적 용도의 부동산 자산을 운용하는 부동산 투자 신탁이며, 이는 광범위한 상업용 부동산 투자 도메인에 속합니다.",두 회사는 매우 다른 유형의 상업용 부동산 자산(오피스 대 소매)에 특화되어 있어 특정 테넌트 유치 경쟁은 거의 없습니다.,
NDSN,PCAR,하,상이,B,산업 및 특수 목적 기계 제조,0.7,자동차·부품·산업재,,"{""claim"": ""Nordson은 다양한 산업 제조 공정에 사용되는 장비를 생산하고, PACCAR는 농업용 기계를 제조하므로, 두 기업은 광범위한 기계 제조 산업 도메인에서 연결됩니다."", ""claim_type"": ""inference"", ""basis_hint"": ""NDSN의 산업용 장비 사업과 PCAR의 농업용 기계(제시된 정보 기준) 제조 사업"", ""counter_signal"": ""PACCAR는 주로 상업용 트럭 및 엔진 제조업체로 알려져 있어, 제시된 농업용 기계 부문과의 괴리가 있습니다.""}",inference,NDSN의 산업용 장비 사업과 PCAR의 농업용 기계(제시된 정보 기준) 제조 사업,"PACCAR는 주로 상업용 트럭 및 엔진 제조업체로 알려져 있어, 제시된 농업용 기계 부문과의 괴리가 있습니다.",
HST,MAA,하,상이,B,부동산 투자,0.9,부동산·REIT,,"{""claim"": ""두 종목 모두 부동산 투자 신탁(REIT)으로, 다양한 유형의 부동산 자산을 소유 및 운영하여 수익을 창출하며 광범위한 부동산 투자 시장에서 자본을 놓고 경쟁합니다."", ""claim_type"": ""known_fact"", ""basis_hint"": ""HST는 호텔 및 모텔 REIT, MAA는 주거용 REIT로 분류됨."", ""counter_signal"": ""이들은 각각 숙박시설 및 주거시설이라는 상이한 부동산 유형에 투자하므로, 동일한 최종 고객이나 특정 자산 매입에서 직접적으로 경쟁하지는 않습니다.""}",known_fact,"HST는 호텔 및 모텔 REIT, MAA는 주거용 REIT로 분류됨.","이들은 각각 숙박시설 및 주거시설이라는 상이한 부동산 유형에 투자하므로, 동일한 최종 고객이나 특정 자산 매입에서 직접적으로 경쟁하지는 않습니다.",
AES,ETR,하,상이,B,전력 유틸리티,0.95,유틸리티,,"{""claim"": ""AES와 ETR은 모두 전력 발전 및 배전 사업을 영위하며 전력 유틸리티 산업에 속하는 기업이다."", ""claim_type"": ""known_fact"", ""basis_hint"": ""두 회사의 사업 설명 및 산업 분류 (Diversified Utilities, Regulated Electric)"", ""counter_signal"": ""AES는 글로벌 다각화된 사업 모델을, ETR은 특정 지역에 집중된 규제 사업 모델을 가지고 있어 운영 범위 및 규제 환경에서 차이가 있다.""}",known_fact,"두 회사의 사업 설명 및 산업 분류 (Diversified Utilities, Regulated Electric)","AES는 글로벌 다각화된 사업 모델을, ETR은 특정 지역에 집중된 규제 사업 모델을 가지고 있어 운영 범위 및 규제 환경에서 차이가 있다.",
GPN,SWK,하,상이,B,산업 분야 무관,1.0,자동차·부품·산업재,,"{""claim"": ""GPN은 결제 기술 및 서비스를 제공하고, SWK는 공구 및 장비를 제조하는 기업으로, 두 기업은 사업 도메인에서 경쟁하거나 직접적으로 연결되지 않는다."", ""claim_type"": ""known_fact"", ""basis_hint"": ""각 기업의 사업 내용 및 주력 제품/서비스, 산업 분류 (GPN: Specialty Business Services, SWK: Manufacturing - Tools & Accessories)"", ""counter_signal"": ""만약 SWK가 자체 결제 솔루션을 개발하거나 GPN이 공구 제조 유통에 직접 투자하는 등 사업 영역을 확장한다면 관계가 변화할 수 있다.""}",known_fact,"각 기업의 사업 내용 및 주력 제품/서비스, 산업 분류 (GPN: Specialty Business Services, SWK: Manufacturing - Tools & Accessories)",만약 SWK가 자체 결제 솔루션을 개발하거나 GPN이 공구 제조 유통에 직접 투자하는 등 사업 영역을 확장한다면 관계가 변화할 수 있다.,
KMX,LOW,하,상이,B,소비자 재량 지출,0.8,소매·소비재,,"{""claim"": ""KMX는 자동차 판매, LOW는 주택 개량이라는 서로 다른 사업 도메인에 속하지만, 소비자의 재량 지출을 놓고 간접적으로 경쟁한다."", ""claim_type"": ""known_fact"", ""basis_hint"": ""두 기업의 주력 사업 분야는 다르나, 소비자의 가처분 소득 중 여가 및 투자성 지출을 놓고 경쟁하는 관계임."", ""counter_signal"": """"}",known_fact,"두 기업의 주력 사업 분야는 다르나, 소비자의 가처분 소득 중 여가 및 투자성 지출을 놓고 경쟁하는 관계임.",,
DOV,POOL,하,상이,B,펌프 및 관련 장비,0.4,자동차·부품·산업재,,"{""claim"": ""DOV는 산업용 펌프 및 관련 장비를 제조하고 POOL은 수영장용 펌프를 포함한 장비를 유통하므로 '펌프 및 관련 장비' 도메인에서 간접적으로 연결될 수 있습니다."", ""claim_type"": ""inference"", ""basis_hint"": ""DOV의 'Pumps & Process Solutions' 사업 부문 존재 및 POOL의 수영장 장비 유통 사업에서 펌프가 중요한 품목이라는 점."", ""counter_signal"": ""DOV의 펌프는 광범위한 산업용이며 POOL이 유통하는 펌프는 수영장 전용으로 직접적인 시장 경쟁 또는 제품 공급 관계는 명확히 확인되지 않습니다.""}",inference,DOV의 'Pumps & Process Solutions' 사업 부문 존재 및 POOL의 수영장 장비 유통 사업에서 펌프가 중요한 품목이라는 점.,DOV의 펌프는 광범위한 산업용이며 POOL이 유통하는 펌프는 수영장 전용으로 직접적인 시장 경쟁 또는 제품 공급 관계는 명확히 확인되지 않습니다.,
CZR,RCL,하,상이,B,리조트 및 크루즈 서비스,0.9,여행·숙박·크루즈,,"{""claim"": ""CZR은 카지노를 포함한 리조트 운영을 통해 숙박, 식사, 엔터테인먼트가 결합된 여가 경험을 제공하며, RCL은 크루즈 선박을 통해 해상 리조트와 유사한 통합 여가 및 여행 서비스를 제공합니다."", ""claim_type"": ""known_fact"", ""basis_hint"": ""각 기업의 핵심 사업인 리조트와 크루즈 서비스 모델의 유사성(통합된 숙박, 식사, 오락 제공)"", ""counter_signal"": ""CZR은 주로 육상 기반의 카지노 도박에 중점을 두는 반면, RCL은 해상 기반의 여행 및 레저 서비스에 중점을 두어 운영 환경과 규제, 고객 유인 요소에서 차이가 있습니다.""}",known_fact,"각 기업의 핵심 사업인 리조트와 크루즈 서비스 모델의 유사성(통합된 숙박, 식사, 오락 제공)","CZR은 주로 육상 기반의 카지노 도박에 중점을 두는 반면, RCL은 해상 기반의 여행 및 레저 서비스에 중점을 두어 운영 환경과 규제, 고객 유인 요소에서 차이가 있습니다.",
HSIC,MDT,하,상이,B,의료기기 및 용품 공급,0.9,헬스케어·의료기기·제약,,"{""claim"": ""HSIC은 의료용품 및 장비의 유통을 담당하고 MDT는 다양한 의료기기를 제조하여, 두 회사 모두 의료 서비스 제공자에게 의료기기 및 용품을 공급하는 역할을 합니다."", ""claim_type"": ""known_fact"", ""basis_hint"": ""HSIC의 사업은 의료용품 유통, MDT의 사업은 의료기기 제조입니다."", ""counter_signal"": ""두 회사는 직접적인 경쟁 관계보다는 의료기기 및 용품 공급망 내의 다른 위치에 있습니다.""}",known_fact,"HSIC의 사업은 의료용품 유통, MDT의 사업은 의료기기 제조입니다.",두 회사는 직접적인 경쟁 관계보다는 의료기기 및 용품 공급망 내의 다른 위치에 있습니다.,
MAA,SPG,하,상이,B,임대 부동산,0.9,부동산·REIT,,"{""claim"": ""두 회사 모두 REIT로서 서로 다른 유형의 부동산(주거용과 상업용)을 소유하고 임대하여 수익을 창출합니다."", ""claim_type"": ""known_fact"", ""basis_hint"": ""MAA는 아파트를, SPG는 쇼핑몰 및 아울렛을 임대하며, 둘 다 부동산 자산 임대업에 해당합니다."", ""counter_signal"": ""MAA와 SPG는 서로 다른 최종 사용자(개인 주거자 vs. 소매업체)에게 부동산을 임대하므로 직접적인 시장 경쟁은 미미합니다.""}",known_fact,"MAA는 아파트를, SPG는 쇼핑몰 및 아울렛을 임대하며, 둘 다 부동산 자산 임대업에 해당합니다.",MAA와 SPG는 서로 다른 최종 사용자(개인 주거자 vs. 소매업체)에게 부동산을 임대하므로 직접적인 시장 경쟁은 미미합니다.,
NRG,TLN,하,상이,B,독립 전력 생산,1.0,유틸리티,,"{""claim"": ""두 회사 모두 독립적인 전력 생산(Independent Power Producers)을 주요 사업으로 하고 있습니다."", ""claim_type"": ""known_fact"", ""basis_hint"": ""두 종목에 제공된 산업 분류(Independent Power Producers)가 직접적인 근거입니다."", ""counter_signal"": """"}",known_fact,두 종목에 제공된 산업 분류(Independent Power Producers)가 직접적인 근거입니다.,,
A,WBA,하,상이,B,생명과학 연구 및 의약품 소매,0.9,헬스케어·의료기기·제약,,"{""claim"": ""Agilent Technologies는 생명과학 연구 및 진단 장비를 제공하는 반면, Walgreens Boots Alliance는 의약품 소매 및 유통을 담당하여 헬스케어 가치 사슬의 상이한 단계에 위치합니다."", ""claim_type"": ""known_fact"", ""basis_hint"": ""각 회사의 사업 모델, 제공 제품/서비스 및 주요 고객군 분석"", ""counter_signal"": """"}",known_fact,"각 회사의 사업 모델, 제공 제품/서비스 및 주요 고객군 분석",,
APA,BKR,하,상이,B,석유 가스 개발 및 서비스,0.95,에너지·유전·수처리,,"{""claim"": ""APA는 석유 및 가스 탐사 및 생산 기업이고, BKR은 해당 산업에 필수적인 장비와 서비스를 제공하는 기업으로, 상호 보완적인 관계에 있다."", ""claim_type"": ""known_fact"", ""basis_hint"": ""각 회사의 사업 영역 및 산업 분류"", ""counter_signal"": """"}",known_fact,각 회사의 사업 영역 및 산업 분류,,
MKTX,NDAQ,하,상이,B,자본 시장 거래 및 데이터,0.9,금융·결제·거래소,,"{""claim"": ""두 기업은 각각 채권과 주식 시장에서 전자 거래 플랫폼 운영 및 시장 데이터 제공을 통해 자본 시장의 핵심 거래 및 정보 인프라를 담당한다."", ""claim_type"": ""known_fact"", ""basis_hint"": ""각 회사의 사업 개요 및 제공 서비스 비교."", ""counter_signal"": ""MKTX는 주로 채권 시장에, NDAQ는 주로 주식 시장에 집중하여 직접적인 상품 경쟁은 적을 수 있다.""}",known_fact,각 회사의 사업 개요 및 제공 서비스 비교.,"MKTX는 주로 채권 시장에, NDAQ는 주로 주식 시장에 집중하여 직접적인 상품 경쟁은 적을 수 있다.",
